session_duration_sec,cart_value,total_lifetime_spend,total_orders,days_since_last_order,category_match,loyalty_tier_score,purchased
99.5,20.79,123.81,1,5,1,1,0
556.8,27.42,387.54,4,1,0,1,0
252.0,111.29,312.93,4,53,1,2,1
179.3,56.59,418.16,4,7,1,1,0
45.5,92.87,870.13,7,5,0,1,1
45.5,93.4,730.92,5,11,0,3,0
25.8,51.73,529.32,5,47,1,1,0
377.0,81.67,702.61,6,9,1,1,1
180.4,49.68,197.95,2,26,0,1,0
236.6,44.02,467.28,5,9,1,2,1
18.7,37.56,142.11,5,17,0,1,0
645.6,78.26,200.8,5,25,0,1,1
336.6,123.13,346.51,5,47,1,1,1
58.0,114.7,522.18,5,11,0,1,0
51.1,24.84,89.56,3,20,1,1,0
51.5,121.81,272.31,3,34,0,2,0
80.3,32.19,86.85,4,11,0,2,0
148.9,64.56,119.59,1,9,0,3,0
116.8,71.55,640.21,6,28,0,2,0
77.0,20.84,87.69,1,100,0,2,0
185.3,52.99,94.25,1,80,1,1,0
42.0,126.22,423.78,3,31,0,3,0
77.2,11.67,551.48,4,18,0,1,0
97.1,205.83,246.12,2,28,0,4,0
124.6,14.18,191.13,3,54,0,3,0
291.8,70.47,135.77,4,4,1,1,1
55.1,21.51,308.93,5,50,1,4,0
145.0,77.24,471.02,4,36,1,1,0
176.6,111.77,397.72,4,11,1,3,1
23.6,94.55,558.62,5,69,0,3,0
183.4,103.71,202.16,6,3,1,1,0
48.7,49.81,162.39,4,83,0,2,0
27.1,22.43,212.72,2,17,1,2,0
550.3,125.71,341.67,5,55,0,2,1
621.7,178.97,339.97,5,6,1,1,1
312.4,62.6,213.14,3,28,1,1,1
80.4,46.34,370.42,3,2,0,1,0
33.5,35.23,332.63,3,11,1,1,0
222.5,90.98,67.57,2,59,1,1,0
119.4,106.61,194.3,3,20,0,1,0
38.4,46.35,537.99,5,36,1,1,1
138.0,141.78,734.48,5,55,0,1,0
21.3,86.52,0.0,0,999,0,1,0
447.1,62.16,209.1,4,29,1,2,1
68.9,71.86,28.58,1,48,0,3,0
210.5,30.34,472.62,5,5,1,1,0
82.2,90.37,436.88,6,3,1,3,1
147.1,31.67,175.36,4,32,1,2,0
157.4,42.65,0.0,0,999,0,1,0
51.8,56.53,204.23,5,34,1,3,1
643.7,162.68,262.77,4,41,1,2,1
283.6,68.41,246.59,2,36,1,3,1
519.9,33.74,435.84,4,31,0,3,0
420.4,72.02,197.85,2,8,1,2,1
179.0,83.46,705.04,5,61,1,3,1
473.9,116.96,181.52,5,29,1,1,1
31.7,58.28,439.3,4,126,1,1,0
54.3,37.08,176.26,5,3,1,1,0
23.3,187.97,75.46,2,12,0,2,0
85.8,72.11,858.35,10,4,0,1,0
103.6,33.88,69.4,3,65,1,2,0
72.0,57.96,85.13,1,56,1,2,0
332.6,42.67,148.63,7,49,0,3,0
94.4,121.11,294.94,3,38,0,1,0
74.4,82.99,0.0,0,999,0,2,0
155.8,48.45,215.77,7,18,0,1,0
42.3,106.65,486.04,4,41,1,1,0
306.7,55.09,141.38,2,15,0,3,0
28.9,57.14,310.89,4,42,0,1,0
795.1,36.42,343.41,5,12,0,1,0
281.3,36.24,123.49,4,26,1,3,1
54.9,180.71,319.16,4,15,1,1,0
16.0,103.71,106.51,1,84,0,3,0
319.2,16.11,412.32,3,20,0,2,0
235.9,31.17,477.18,4,12,1,1,1
250.0,27.07,90.92,3,2,1,2,0
280.5,61.4,166.22,4,6,1,2,0
28.8,45.29,0.0,0,999,0,2,0
94.9,135.37,177.6,5,40,1,1,0
37.2,48.01,247.41,3,102,1,1,0
372.9,170.0,339.96,7,30,0,3,1
190.7,56.14,312.7,3,38,1,1,0
87.3,191.66,72.62,3,32,1,2,1
26.8,52.06,788.65,6,77,1,3,0
82.0,52.7,432.37,4,12,0,1,0
85.8,102.36,291.96,2,31,1,1,0
250.4,93.7,431.6,3,106,1,2,0
197.7,24.16,770.56,7,1,0,2,0
407.8,62.31,40.55,1,11,0,1,0
130.0,45.02,293.22,6,47,0,1,0
37.9,43.09,392.6,7,21,0,2,0
239.8,62.13,452.81,6,7,1,2,0
272.5,49.24,471.07,5,28,0,2,0
163.3,66.18,869.9,8,24,1,1,0
280.3,30.26,89.5,3,20,1,1,0
137.5,20.55,198.74,2,14,0,2,0
148.1,104.69,83.08,3,2,1,1,0
115.4,114.31,382.54,3,31,0,1,0
19.6,100.87,75.77,3,24,1,3,0
35.6,60.44,212.12,3,29,0,1,0
20.7,46.89,372.99,5,1,1,1,0
197.1,39.45,94.15,1,3,1,2,1
82.9,34.86,129.63,4,7,1,3,0
142.9,56.18,282.61,2,20,1,4,1
443.6,112.66,209.45,3,55,1,3,1
66.6,37.34,286.02,4,10,0,2,0
110.1,112.77,412.81,8,55,0,3,0
268.6,21.27,242.99,2,9,0,2,0
61.8,68.29,84.04,4,46,0,1,0
29.4,77.04,135.23,4,69,1,2,0
76.6,42.17,487.19,6,56,0,1,0
46.6,28.98,729.39,5,45,0,1,0
492.9,96.65,49.25,2,2,0,1,0
312.2,60.72,112.24,4,14,1,2,0
195.6,225.66,564.68,5,8,0,3,1
384.3,113.67,231.22,2,22,1,4,1
308.0,114.2,546.41,4,15,1,2,1
52.2,10.18,664.73,7,32,0,1,0
416.5,37.83,217.38,3,28,0,1,0
154.5,26.76,157.28,2,19,0,1,0
311.5,14.08,380.48,5,48,0,2,0
422.6,57.77,439.68,3,1,1,1,1
83.9,95.23,277.65,4,66,1,2,0
36.0,30.89,97.47,3,1,0,2,0
61.6,14.64,172.95,3,20,1,1,0
115.3,32.6,1158.49,8,70,1,1,1
321.7,53.5,302.69,4,18,1,1,1
369.8,51.06,244.36,4,47,1,2,1
16.3,59.56,301.99,5,17,1,1,0
143.7,76.08,42.36,2,63,1,1,0
112.2,58.65,306.92,3,236,1,1,0
60.2,98.38,228.31,2,76,1,2,0
38.0,31.27,0.0,0,999,1,1,0
89.1,49.73,667.31,5,6,0,1,0
530.4,83.67,349.73,3,26,1,1,0
85.3,70.19,490.57,5,108,1,1,0
146.7,158.46,445.98,4,18,1,1,1
233.5,32.14,720.17,6,11,1,1,0
96.4,84.58,619.62,7,111,0,2,0
657.2,39.13,286.86,4,41,1,1,1
605.8,36.39,181.71,5,49,1,1,1
67.2,109.68,72.64,1,4,0,2,0
138.8,58.25,183.02,2,10,1,1,0
79.4,69.46,572.89,4,23,0,1,0
75.3,41.1,361.23,9,44,1,4,1
21.8,42.64,355.21,3,15,1,3,0
184.3,20.28,205.17,4,8,1,3,0
140.7,66.15,1010.88,7,19,0,1,0
24.5,29.29,291.98,3,19,0,2,0
73.8,54.12,381.31,5,68,1,1,0
445.0,98.32,65.09,1,90,0,3,0
64.3,16.68,92.52,2,7,1,1,0
43.2,260.8,112.88,1,11,1,2,1
136.0,35.91,513.38,5,51,0,1,0
778.9,55.09,271.44,2,10,0,1,1
64.9,69.41,585.92,6,11,1,2,1
215.7,35.13,126.22,3,38,1,2,0
273.1,43.62,543.84,5,24,1,3,1
63.8,111.79,536.97,4,40,1,1,0
249.5,92.07,297.52,2,3,0,4,0
97.5,50.39,327.18,3,24,0,3,0
195.1,59.1,172.92,3,37,1,2,0
195.7,64.48,93.5,1,22,0,2,0
153.1,82.38,434.74,5,5,1,1,0
32.0,85.92,173.11,2,5,0,1,0
339.7,84.57,151.1,5,30,1,3,1
84.6,45.44,135.87,3,6,1,1,0
52.2,63.23,352.54,4,12,1,1,0
22.5,104.83,371.29,3,20,1,1,0
175.9,187.69,218.16,5,30,1,1,0
218.7,62.15,248.14,6,11,1,1,1
18.0,41.62,831.47,7,18,1,2,0
144.2,34.7,439.09,4,16,0,3,0
61.2,84.97,249.19,3,4,0,1,0
201.5,19.66,26.55,1,54,1,3,1
49.5,85.48,81.45,1,45,0,2,0
226.4,86.37,385.59,3,51,0,1,0
103.0,42.58,85.52,4,6,0,1,0
511.9,68.48,200.03,6,24,1,1,1
41.6,51.44,250.43,2,14,0,1,0
90.1,23.44,353.08,4,15,1,4,1
36.7,81.78,424.38,4,3,0,3,0
480.5,77.45,467.43,4,96,0,3,1
392.7,44.75,295.14,5,93,0,1,0
68.7,185.98,176.17,3,18,1,3,1
209.2,59.4,54.31,1,64,0,1,0
320.9,15.65,166.97,4,14,1,2,1
160.8,108.07,357.7,6,27,1,1,0
150.8,93.66,575.47,4,45,0,2,0
64.8,100.25,311.77,10,25,0,2,0
32.6,30.36,102.57,2,6,1,2,0
424.5,67.38,368.05,6,16,1,1,1
430.2,58.79,359.96,9,47,1,3,1
195.5,53.02,90.19,3,50,1,2,0
89.5,124.87,287.29,7,14,1,3,1
92.3,59.91,265.84,3,26,1,1,0
248.0,45.75,292.73,3,8,1,1,0
424.3,45.46,239.92,5,10,1,1,0
407.6,28.86,256.48,3,6,1,1,1
287.4,63.51,104.05,5,19,1,1,1
199.9,130.5,294.79,3,42,1,2,0
30.8,48.12,20.17,1,70,0,2,0
46.7,69.67,414.24,4,26,1,1,0
426.9,52.5,414.16,5,35,0,2,0
182.8,56.05,171.03,5,11,1,1,0
16.7,96.15,283.43,9,8,0,1,0
34.3,28.61,125.37,6,17,1,1,0
211.0,20.97,183.43,2,27,0,1,0
15.9,108.16,374.55,3,2,0,2,0
46.6,41.85,919.45,7,4,0,2,0
158.2,46.09,282.0,3,33,1,1,0
226.9,209.48,676.66,5,8,0,3,1
205.0,93.31,0.0,0,999,1,2,0
60.7,33.18,221.54,2,91,0,4,0
239.2,112.62,134.4,2,66,1,2,0
63.7,94.6,1020.28,8,3,1,1,0
85.9,7.01,567.34,8,2,1,2,0
262.0,64.94,362.12,5,6,1,1,0
203.8,29.55,432.6,4,5,1,1,1
355.6,55.98,843.78,6,10,0,1,1
207.9,188.04,255.01,3,16,0,1,0
166.2,98.56,301.26,7,3,1,1,0
32.7,106.46,115.56,3,21,0,2,0
97.5,52.56,474.33,8,25,1,2,0
70.5,106.75,476.97,6,36,0,1,0
65.3,36.72,293.48,5,18,1,1,0
665.2,64.44,450.2,4,12,1,1,1
104.9,95.89,362.18,4,34,1,1,0
415.7,94.16,291.5,4,80,1,1,1
194.5,21.84,143.23,3,17,1,2,0
300.1,164.36,394.82,4,12,0,2,0
140.7,32.28,107.63,1,42,0,1,0
169.8,231.5,243.88,2,69,0,1,0
137.1,97.58,297.62,2,106,1,1,0
54.1,92.69,350.51,7,9,1,1,0
245.7,34.12,87.86,4,12,1,1,0
74.3,42.98,425.29,5,78,1,3,1
19.4,156.63,420.36,3,11,1,1,0
201.7,144.8,157.02,3,14,1,1,0
50.1,53.49,473.06,4,34,1,1,0
522.8,50.69,123.07,2,28,1,2,1
569.0,51.63,495.99,7,70,0,1,0
458.4,113.08,572.82,4,32,0,2,1
98.2,106.68,319.73,4,23,1,2,0
17.8,74.74,457.17,4,3,0,1,0
489.4,64.83,457.41,5,122,0,4,1
115.6,53.11,119.31,1,19,0,2,0
627.2,220.71,306.29,5,28,0,3,1
611.5,23.48,669.98,5,23,1,1,1
360.1,46.46,456.8,5,44,0,1,0
77.8,71.65,300.95,5,35,1,1,0
102.5,20.48,99.86,4,14,1,1,0
357.9,41.15,86.87,4,25,1,1,1
83.6,186.62,395.63,6,58,0,3,0
48.4,102.5,96.08,2,33,0,1,0
161.5,40.94,107.39,4,102,1,1,0
510.2,40.15,91.87,1,47,1,1,0
229.3,23.6,297.09,2,22,1,4,0
166.9,44.66,224.71,3,55,1,2,0
33.4,82.9,91.77,1,20,0,2,0
186.8,74.52,145.72,3,8,1,1,0
844.9,46.17,186.56,4,33,0,2,1
42.2,31.97,250.75,4,15,0,2,0
146.5,52.66,385.67,3,1,1,3,0
392.7,51.94,1014.12,7,8,0,1,0
258.0,94.76,464.66,4,7,0,3,0
229.9,68.11,113.36,5,53,0,1,0
233.2,62.65,230.98,3,43,1,1,0
95.2,118.98,298.77,4,32,0,2,0
77.6,144.02,424.73,3,90,0,1,0
313.3,73.97,935.39,8,7,1,3,1
314.0,75.08,225.74,2,6,1,1,1
378.2,54.97,560.53,6,79,0,1,0
455.0,33.83,519.79,5,35,0,1,0
143.9,99.27,554.1,5,27,1,1,0
140.3,88.06,0.0,0,999,0,4,0
303.2,57.79,778.97,6,11,1,1,1
203.9,68.24,74.39,3,30,0,1,0
232.9,114.34,284.76,2,19,1,1,1
301.0,125.73,602.83,5,13,1,3,1
412.3,10.43,88.77,1,69,1,1,0
89.2,39.21,131.84,1,6,0,2,0
99.8,57.67,382.91,3,1,1,1,0
32.8,28.82,298.08,4,15,1,2,0
170.4,69.34,387.53,3,8,0,2,0
21.6,40.55,133.45,3,55,1,4,0
127.8,70.77,323.98,4,5,1,1,0
155.8,41.35,50.2,1,92,1,1,0
75.8,42.48,72.34,2,7,0,2,0
175.9,70.44,408.9,3,73,1,1,0
20.6,101.84,203.11,3,7,0,2,0
21.9,85.02,435.88,4,2,0,2,0
326.3,57.98,275.05,4,22,1,3,1
95.4,16.53,453.68,5,15,0,2,0
39.5,41.82,65.25,1,30,1,1,0
148.0,38.95,699.33,6,34,0,1,0
279.5,91.27,244.48,2,90,0,1,0
58.8,65.18,531.78,7,101,0,2,0
190.5,66.66,527.0,4,23,1,2,1
31.1,34.85,132.38,2,8,1,2,0
24.6,128.71,357.36,3,10,0,4,0
151.4,66.39,731.56,7,4,1,1,1
155.0,33.49,396.39,5,11,1,3,0
197.6,35.07,271.12,2,80,1,1,0
248.1,72.34,283.18,3,15,0,4,0
685.2,32.67,646.12,5,33,0,1,0
145.7,39.27,346.0,3,131,0,3,0
85.2,27.91,89.23,1,4,0,1,0
300.4,90.82,374.61,6,50,0,1,0
71.9,33.18,1149.18,8,40,1,4,1
119.0,141.24,164.26,6,57,1,1,0
29.7,77.85,272.57,2,5,1,2,0
19.6,27.83,429.16,5,23,0,1,0
606.7,84.56,586.68,5,33,1,2,1
340.4,128.84,126.87,2,47,1,2,0
229.3,56.43,279.79,4,41,1,2,0
109.7,137.73,134.39,3,28,1,1,0
49.3,78.74,576.26,4,21,0,1,0
45.6,40.58,25.63,1,94,0,1,0
66.8,188.34,281.15,4,7,0,2,0
158.4,23.17,508.09,8,8,0,2,0
240.7,48.17,754.2,6,4,1,2,1
209.3,57.98,511.24,6,4,1,3,1
74.1,169.87,167.93,4,68,0,1,0
572.7,92.08,86.17,1,31,1,3,1
256.0,83.02,152.05,3,90,0,1,0
160.5,36.67,133.35,6,72,0,2,0
185.3,55.11,453.95,5,12,1,1,1
112.9,41.19,200.56,3,34,1,1,0
66.2,81.36,408.44,8,16,0,1,0
94.2,116.95,254.35,6,69,1,1,0
270.3,213.57,236.94,3,44,0,4,1
17.6,44.19,399.15,3,5,0,1,0
37.2,22.73,829.9,7,10,0,1,0
23.5,48.68,164.82,8,36,1,2,0
22.5,107.62,230.1,2,10,0,1,0
363.2,33.81,88.36,3,26,1,1,0
233.9,59.28,547.44,6,10,1,2,0
130.7,83.65,242.81,2,38,1,1,0
33.5,44.76,394.64,5,3,1,4,1
136.8,68.15,137.94,2,42,1,2,0
130.5,31.71,710.66,5,14,0,1,0
49.2,121.76,0.0,0,999,1,4,0
117.4,51.02,67.55,2,22,0,3,0
106.5,66.95,399.43,3,8,0,1,0
187.2,16.99,135.21,1,94,1,1,0
196.5,28.87,136.91,2,1,0,2,0
23.3,105.5,270.68,3,16,1,2,0
99.5,44.36,124.11,3,5,1,2,0
192.0,32.76,404.87,3,15,0,1,0
140.9,21.53,161.96,2,4,0,1,0
364.4,120.41,466.66,5,16,0,2,1
208.5,89.72,0.0,0,999,1,2,0
47.0,86.23,399.71,4,27,0,4,0
28.2,148.73,552.29,5,1,0,2,0
200.1,48.2,174.94,3,24,1,1,0
19.8,22.92,818.99,6,11,1,1,0
173.6,61.43,139.52,3,13,1,1,0
522.1,165.47,819.96,6,15,1,1,1
169.2,62.21,445.74,4,35,0,1,0
103.4,115.16,896.07,7,47,1,2,1
200.5,23.5,221.76,2,14,1,4,0
125.3,36.18,151.39,2,86,0,2,0
157.0,101.8,189.31,3,46,0,1,0
525.9,66.11,346.29,3,17,0,3,1
102.8,55.78,293.81,5,4,0,3,0
599.8,114.22,56.08,2,27,0,1,0
439.4,101.0,156.33,3,32,0,2,0
54.2,67.21,236.36,2,5,1,1,0
27.9,10.51,246.24,2,63,1,1,0
34.1,59.84,55.96,1,16,1,1,0
18.3,77.29,187.89,3,6,0,4,0
32.9,17.29,548.48,6,25,1,3,0
221.8,75.72,216.22,4,18,1,1,0
28.3,117.29,691.62,7,34,1,2,0
84.1,59.77,170.0,3,7,0,1,0
350.4,30.36,321.42,9,1,1,2,1
19.2,11.34,160.51,4,22,0,3,0
318.2,76.63,262.86,5,6,1,1,0
74.6,18.76,209.14,5,6,1,1,0
37.6,85.8,439.99,3,38,0,2,0
229.8,160.79,739.12,7,10,1,1,1
193.5,37.29,129.91,3,61,1,3,1
392.9,51.82,225.32,3,24,0,2,1
254.1,166.2,274.93,5,31,0,3,0
307.9,64.32,217.98,2,13,0,1,0
74.6,44.65,1194.71,9,9,0,1,0
50.2,107.62,360.54,5,6,1,3,1
265.0,46.22,681.74,9,41,1,3,1
311.0,35.68,215.4,3,39,1,1,0
853.3,85.01,548.79,7,23,1,3,1
110.8,112.75,123.3,5,50,0,3,0
98.7,35.52,485.19,5,54,0,1,0
284.6,67.62,1150.12,8,20,1,3,1
90.0,53.26,732.55,6,35,0,1,0
495.6,58.73,527.93,4,80,0,1,0
366.9,30.56,248.94,5,3,0,2,0
115.9,88.91,296.8,3,1,1,3,0
265.2,140.9,1496.95,11,22,1,2,1
267.8,34.99,202.43,7,14,1,1,1
34.6,88.87,402.13,3,3,1,1,0
434.1,106.15,85.16,3,6,1,1,1
141.7,67.32,591.2,4,10,1,2,1
330.2,86.63,185.46,6,4,0,2,0
84.4,37.68,135.67,2,13,0,2,0
421.6,136.26,189.73,7,5,1,1,1
103.7,113.26,109.52,4,33,0,3,0
17.0,120.92,663.08,5,40,0,3,0
439.4,27.2,84.81,3,50,0,1,0
32.2,80.15,492.16,4,67,1,2,0
84.2,39.51,413.68,3,1,0,1,0
554.5,143.12,283.11,2,7,1,2,1
556.4,35.47,793.95,6,56,1,1,1
168.4,68.99,288.34,2,2,1,3,0
194.9,14.2,133.67,5,36,0,4,0
122.1,68.77,299.12,2,7,1,2,0
77.5,27.41,135.98,6,24,0,1,0
86.7,82.63,249.88,6,108,1,2,0
215.9,54.25,91.57,3,35,1,1,0
266.3,47.1,233.44,2,16,1,1,0
297.3,145.25,156.57,5,39,0,2,0
295.6,196.05,348.29,6,1,1,1,1
32.2,22.27,617.7,6,99,0,1,0
137.8,48.07,169.48,2,14,1,2,0
25.7,97.36,263.97,7,129,1,1,0
158.5,74.6,175.6,2,38,1,2,0
119.9,94.19,128.57,2,12,1,1,0
408.6,56.72,288.52,3,32,1,3,1
92.8,116.03,360.02,4,16,1,3,1
37.4,67.17,743.18,5,34,1,3,1
42.8,77.28,793.54,6,52,0,1,0
273.0,27.44,0.0,0,999,0,4,0
188.3,63.03,42.88,1,9,0,1,0
34.2,97.99,416.12,3,131,1,3,0
30.8,72.12,360.52,4,18,1,1,0
232.3,64.76,949.85,8,7,1,4,1
28.6,80.21,683.65,8,45,1,1,1
325.5,66.93,244.3,2,35,1,2,1
235.5,57.9,74.52,2,56,0,4,0
30.3,99.8,695.56,6,1,1,2,0
31.0,55.44,665.24,5,15,1,2,0
791.8,26.3,272.67,5,13,1,2,1
99.4,141.41,135.78,2,85,1,4,1
98.3,40.29,677.43,7,15,0,2,0
316.6,21.52,132.87,1,25,1,1,0
544.6,86.21,552.05,4,1,1,1,1
783.4,152.05,178.95,2,55,0,2,1
267.0,87.44,738.84,7,4,1,1,1
100.0,129.69,1201.31,9,71,0,1,0
30.7,32.95,100.14,2,44,0,2,0
285.2,26.55,381.83,3,27,1,1,1
162.1,47.96,270.21,5,46,1,1,0
114.4,111.01,382.12,4,52,0,2,0
441.3,82.81,141.51,1,46,0,3,0
36.2,86.5,86.49,1,36,0,1,0
137.1,64.74,64.29,2,70,0,1,0
17.1,48.56,272.91,2,19,1,1,0
128.8,66.54,480.23,5,28,1,3,1
25.4,54.23,175.5,6,115,1,1,0
37.8,46.43,42.74,2,16,0,1,0
37.5,75.84,161.9,3,46,1,3,0
203.6,51.03,213.83,6,17,1,2,0
261.7,70.67,101.7,1,21,1,3,1
172.6,15.25,195.15,2,14,1,1,0
604.4,67.15,775.89,6,6,1,1,1
99.6,50.83,433.68,5,118,1,1,0
75.6,133.8,264.53,5,20,1,2,0
380.3,20.88,26.54,1,11,0,1,0
60.6,64.14,85.46,4,35,0,1,0
609.5,98.69,0.0,0,999,1,4,1
17.2,55.59,38.79,1,26,1,1,0
645.5,49.75,339.58,4,29,1,2,1
22.9,98.49,493.29,4,8,1,2,1
414.2,81.59,140.72,1,106,1,1,0
150.0,85.29,231.1,5,30,1,2,0
907.2,46.49,150.45,3,9,1,1,1
28.8,42.85,43.37,1,59,1,1,0
160.3,70.73,121.98,3,13,1,1,0
642.0,103.35,158.29,2,43,0,2,1
148.3,24.12,718.67,7,33,0,4,0
193.7,56.83,559.07,5,6,1,1,0
229.2,44.08,62.54,1,4,0,3,0
124.1,61.12,606.57,6,31,1,3,1
192.8,93.23,142.16,7,37,1,1,0
173.0,35.03,406.43,3,5,0,1,0
431.6,87.12,798.41,6,7,0,1,1
23.4,47.49,362.92,4,2,0,1,0
74.4,113.01,154.91,3,5,0,1,0
555.7,36.38,439.17,3,30,1,2,1
412.7,102.51,501.53,4,8,0,2,1
124.5,25.84,88.82,4,12,0,2,0
189.2,67.89,486.32,6,27,1,1,0
73.5,88.21,133.08,4,18,0,1,0
52.5,37.01,148.77,4,62,1,1,0
127.2,12.67,121.02,6,28,0,2,0
93.5,45.02,656.42,6,5,1,1,0
172.7,61.53,316.97,6,16,1,1,0
29.6,49.64,238.52,4,10,0,1,0
674.7,42.37,182.8,7,10,0,2,1
786.1,99.37,84.13,4,10,0,2,1
230.6,119.79,369.16,3,18,0,3,1
153.3,115.68,317.95,3,5,1,2,0
81.7,79.57,348.51,5,10,1,2,0
317.6,86.06,116.35,4,40,0,1,0
222.8,33.12,362.57,3,58,1,3,1
46.9,58.08,421.28,3,1,0,1,0
450.3,64.65,88.57,1,3,0,2,0
326.2,72.27,190.32,5,64,0,1,0
553.5,71.51,104.83,1,8,0,2,0
247.8,61.62,58.59,2,13,1,1,0
186.1,79.03,332.15,8,14,0,2,0
112.5,69.62,405.98,5,66,0,1,0
500.8,69.52,261.87,5,6,0,1,1
376.9,38.62,422.78,3,55,0,2,0
23.3,28.32,125.15,1,21,0,1,0
19.8,72.49,111.96,2,51,0,3,0
100.0,46.27,871.76,6,39,1,1,0
314.5,39.78,276.71,4,44,0,2,0
800.6,89.55,187.78,2,4,0,3,1
44.3,58.47,279.97,3,13,1,1,0
177.3,130.04,626.68,6,9,0,1,0
101.3,84.01,155.02,3,5,1,4,0
645.7,37.1,559.47,4,34,1,1,1
347.3,90.2,218.15,4,39,0,2,0
343.0,76.81,745.01,7,6,1,3,1
128.8,36.21,358.65,3,49,1,1,0
111.5,42.79,672.98,5,12,1,2,1
72.5,87.71,397.01,5,16,0,2,0
25.4,18.09,450.08,4,165,0,1,0
375.1,13.85,124.4,4,7,0,2,0
316.7,67.18,242.29,2,5,1,3,1
1486.0,64.19,354.71,3,11,1,1,1
1040.1,70.8,146.76,2,89,1,1,1
160.9,64.3,303.75,5,5,1,1,0
278.8,78.43,208.28,3,32,0,4,0
536.3,120.75,0.0,0,999,0,1,0
356.1,60.82,720.4,7,84,0,1,1
66.1,22.84,277.39,2,22,1,2,0
122.8,16.68,532.72,5,21,1,1,0
39.9,48.84,286.4,3,58,1,1,0
569.4,49.64,595.17,4,8,1,1,1
182.7,25.45,180.88,2,21,0,3,0
61.7,12.26,454.71,7,34,0,3,0
215.5,46.62,334.82,3,40,1,1,0
188.3,151.6,351.14,4,4,0,1,0
94.8,76.54,439.11,3,67,1,1,0
36.7,72.61,683.67,5,56,0,1,0
215.4,54.58,143.09,1,13,0,1,0
147.2,48.79,100.66,5,22,0,1,0
281.4,81.14,126.89,2,16,1,1,0
147.2,27.46,406.15,4,131,0,1,0
359.1,174.7,60.08,1,29,0,1,0
159.5,28.83,316.01,3,11,0,1,0
163.2,85.5,564.72,5,45,0,1,0
391.7,30.59,404.11,4,57,1,1,0
108.0,65.28,79.57,1,43,1,2,0
40.9,90.92,663.47,6,3,0,1,0
20.3,20.0,485.8,4,12,1,1,0
268.3,32.82,331.47,3,15,1,2,1
189.3,34.24,502.24,4,9,1,1,0
234.2,51.37,1002.0,7,22,1,1,1
58.1,70.22,133.31,4,13,0,1,0
41.4,153.39,689.17,5,2,1,3,1
17.6,42.55,222.23,4,35,0,1,0
92.7,147.72,279.87,3,19,0,3,0
175.5,74.94,712.54,5,1,1,2,0
104.6,28.19,201.22,2,89,1,3,0
118.6,54.73,123.77,4,35,0,2,0
437.1,23.1,169.8,2,3,0,1,0
92.1,48.86,817.59,6,73,1,2,0
144.9,46.77,220.72,3,18,0,2,0
290.6,65.94,260.47,2,9,0,2,0
105.9,85.66,246.49,2,2,0,2,0
190.2,57.39,1102.69,8,45,1,1,1
372.0,30.33,162.6,3,115,1,1,0
552.5,129.72,338.21,4,7,1,4,1
43.6,159.14,190.73,3,18,1,3,0
485.1,53.99,447.27,5,9,0,1,0
137.0,72.98,44.97,2,28,0,4,0
68.8,52.17,51.42,1,68,0,1,0
125.6,66.26,733.12,5,5,0,1,0
719.5,68.39,984.07,10,12,0,2,1
137.1,25.71,170.13,4,6,1,2,0
86.8,49.43,344.33,4,9,1,3,0
195.6,107.76,885.91,8,5,1,2,1
64.4,102.35,590.9,6,34,1,2,1
29.2,48.86,85.25,1,2,0,4,0
39.8,69.18,322.84,3,43,1,2,0
39.7,51.19,83.41,2,6,0,1,0
44.7,87.61,307.86,4,11,1,2,0
41.9,19.88,117.53,1,14,0,2,0
199.3,81.28,95.33,1,16,0,3,0
51.1,134.77,0.0,0,999,1,1,0
91.3,38.35,388.44,5,23,1,1,0
423.8,124.25,111.55,3,74,1,1,0
130.6,71.27,52.68,2,21,0,3,0
213.2,57.3,246.2,3,1,1,4,1
49.0,48.63,153.77,2,15,1,1,0
53.4,126.78,213.39,4,17,1,2,1
22.5,51.29,483.84,5,11,0,1,0
48.3,146.56,157.57,3,12,0,2,0
73.8,136.86,144.37,3,8,1,1,0
50.1,44.39,201.78,2,104,1,4,0
31.7,53.67,142.84,1,25,1,1,0
38.1,16.09,185.44,4,26,0,2,0
126.2,58.46,175.07,4,19,1,2,0
56.6,62.99,175.03,2,32,1,3,0
96.5,114.47,106.58,3,19,0,2,0
141.0,141.17,116.46,2,39,1,1,0
226.0,92.5,743.99,5,4,1,1,1
22.2,109.05,388.01,3,1,0,2,0
304.2,53.65,782.57,7,28,0,1,0
192.9,26.8,140.3,6,44,1,2,0
30.4,71.19,108.92,2,37,0,2,0
387.3,113.35,282.17,3,17,0,1,0
471.6,9.28,674.02,6,1,0,3,1
26.3,64.83,748.22,7,5,0,2,0
73.4,17.59,132.33,3,17,0,3,0
310.4,36.38,322.47,4,36,1,1,1
263.3,66.41,229.03,5,13,0,3,0
51.7,142.51,700.32,5,25,1,2,0
57.3,60.93,369.86,4,7,0,2,0
98.3,88.96,212.2,3,7,0,2,0
134.3,70.77,975.4,7,45,1,2,0
188.3,37.81,962.6,7,19,0,3,1
97.9,79.24,427.67,5,98,1,4,0
126.8,26.32,437.12,4,8,1,1,0
262.7,60.39,184.35,3,20,1,2,1
21.7,125.39,239.98,4,7,1,1,0
67.4,67.54,0.0,0,999,1,1,0
239.9,70.79,260.13,2,34,0,1,0
421.0,48.81,488.15,5,79,0,1,0
144.0,20.85,0.0,0,999,0,2,0
151.7,52.36,531.69,5,5,1,1,0
35.4,99.32,753.59,6,101,1,3,1
121.8,76.24,611.77,5,44,1,1,0
151.9,27.34,272.71,4,13,1,3,0
65.0,16.99,708.18,5,18,1,1,0
71.5,37.53,44.1,2,52,1,3,0
100.3,52.69,471.62,6,40,0,3,0
18.6,55.05,689.89,5,31,0,1,0
85.0,55.5,220.96,2,66,0,3,0
57.8,60.56,557.59,5,13,1,1,0
86.4,77.76,161.36,4,8,0,1,0
38.0,46.75,382.67,4,18,0,1,0
413.2,32.42,1019.92,7,1,1,2,1
177.1,83.13,142.5,3,24,0,1,0
219.6,100.72,375.2,6,15,1,1,0
295.2,42.18,775.73,11,5,0,1,0
139.2,175.4,267.14,4,69,0,3,0
31.4,138.09,203.03,2,8,0,2,0
153.6,28.65,252.47,5,41,1,1,0
174.1,17.83,342.96,4,41,0,3,0
261.3,54.12,288.12,4,2,1,2,0
116.7,71.07,830.26,8,19,1,2,1
39.6,173.91,257.26,5,22,0,1,0
75.1,170.52,275.72,3,56,1,2,1
96.2,89.09,464.99,4,33,1,2,0
201.9,47.36,660.5,6,3,0,2,0
167.2,117.39,642.28,5,20,0,1,0
94.2,65.09,1154.41,8,12,1,2,1
790.1,24.72,655.08,5,7,1,1,1
182.5,25.35,993.77,7,11,1,1,1
63.7,47.56,66.83,3,61,0,3,0
34.3,106.15,305.28,3,32,0,2,0
44.9,30.28,164.41,3,19,1,3,0
65.8,47.49,375.51,3,42,0,2,0
46.5,137.39,252.95,2,114,0,1,0
52.2,76.16,131.05,5,87,1,3,0
75.4,81.57,487.11,5,4,0,1,0
49.3,108.41,391.84,3,14,1,2,0
423.7,48.11,481.82,5,13,1,2,1
30.1,142.84,150.64,2,27,0,1,0
148.8,90.68,179.89,6,4,0,1,0
110.1,56.16,574.68,5,84,0,2,0
742.0,127.3,89.11,3,51,0,1,1
36.4,88.32,390.92,4,5,0,1,0
106.3,59.69,139.29,1,10,1,1,0
643.0,83.01,148.97,2,6,0,1,0
376.1,34.38,480.49,4,22,1,4,1
320.8,117.64,743.85,6,73,0,1,0
68.7,172.19,64.03,3,34,1,3,0
48.7,20.23,694.71,5,31,1,3,0
213.8,41.87,89.08,2,3,1,1,0
492.1,39.65,397.26,7,78,1,3,1
161.5,94.07,532.8,4,11,0,1,0
167.6,68.85,218.51,2,76,1,1,0
74.1,46.01,273.37,4,20,1,1,0
279.1,50.54,188.55,6,25,1,1,1
52.3,43.35,210.63,3,31,1,1,0
85.4,87.2,436.87,3,12,0,3,0
114.7,68.17,168.0,5,60,1,1,0
142.5,49.02,389.99,3,105,1,1,0
65.0,43.86,124.58,2,11,1,1,0
37.0,128.61,525.47,5,1,0,2,0
184.8,115.89,204.2,2,25,1,1,0
76.3,87.8,498.61,8,30,1,1,0
171.7,108.74,27.06,1,3,0,1,0
45.2,24.88,39.35,1,37,0,1,0
133.1,30.1,467.8,5,12,0,3,0
151.9,27.96,573.41,4,105,0,2,0
24.6,60.82,701.75,5,50,1,3,1
88.9,110.85,104.25,3,3,0,1,0
41.0,46.43,267.56,2,102,1,1,0
26.8,119.88,201.58,4,9,1,1,0
843.2,41.81,691.42,5,53,1,3,1
85.0,55.74,711.63,6,34,0,1,0
313.8,46.09,579.86,4,26,0,1,0
67.9,53.11,154.85,2,89,1,1,0
220.9,56.77,575.53,5,31,1,2,0
272.1,17.47,577.93,5,65,1,1,0
178.0,74.9,169.0,2,58,1,2,0
129.8,55.95,733.44,5,37,1,1,0
110.5,142.66,258.38,5,23,0,1,0
92.2,85.24,296.42,2,4,0,1,0
492.5,72.95,502.3,4,6,0,1,0
334.6,137.72,300.28,3,25,1,1,1
618.6,129.65,29.83,1,14,1,1,1
38.9,146.39,268.59,5,8,1,3,1
251.3,43.47,129.37,1,113,1,1,0
516.5,27.5,343.98,3,65,0,3,0
51.0,17.53,870.9,6,19,1,2,0
27.4,107.86,357.91,5,68,1,2,1
258.3,15.71,408.84,3,3,1,2,1
168.8,68.79,396.11,3,4,0,2,0
346.9,21.39,0.0,0,999,1,1,0
42.1,117.2,387.93,7,39,1,3,1
300.5,81.24,421.45,5,48,1,1,1
55.5,116.8,122.1,4,59,1,1,0
47.2,69.68,387.28,4,2,1,3,0
47.3,32.34,460.81,4,42,1,2,0
318.3,45.33,254.71,5,15,0,1,0
212.0,101.59,210.27,5,56,0,3,0
148.3,20.12,309.42,3,17,1,2,0
95.0,43.02,497.75,7,48,1,1,0
392.5,39.21,377.27,5,77,1,2,0
104.7,57.25,324.98,4,14,0,4,0
320.3,86.95,691.93,8,21,0,1,0
119.1,115.05,181.67,4,26,0,1,0
100.2,23.8,95.11,1,39,0,1,0
126.8,33.8,57.97,2,62,0,1,0
79.6,25.67,208.54,6,8,0,1,0
262.8,58.67,225.0,2,96,0,1,0
140.7,27.79,575.43,5,51,1,3,0
62.6,74.54,163.87,3,5,1,1,0
428.7,124.32,176.04,4,14,1,2,1
102.2,17.94,27.02,1,10,1,2,0
156.2,34.58,297.82,4,6,0,1,0
441.5,147.3,258.53,3,34,0,2,0
191.2,67.63,547.72,4,3,0,2,0
37.4,43.49,81.28,4,30,1,1,0
520.9,238.25,145.52,2,58,1,1,1
192.9,50.43,149.01,2,15,0,1,0
88.4,84.91,405.76,3,23,0,1,0
42.0,35.57,90.97,2,6,1,1,0
299.4,31.57,114.42,4,42,0,2,0
189.2,87.92,487.27,7,79,0,2,0
152.2,155.14,298.8,3,44,0,3,1
418.8,44.71,657.79,5,5,1,1,1
294.7,30.05,219.89,4,14,0,3,0
44.6,106.78,263.35,5,7,0,2,0
82.2,45.0,187.13,3,30,1,2,0
66.4,75.16,176.85,5,43,1,4,1
260.2,43.86,441.11,3,122,1,1,0
21.1,48.64,180.56,2,23,1,3,0
166.9,33.68,166.17,3,34,1,2,0
273.7,89.33,134.05,2,4,1,1,1
391.9,76.51,397.72,3,6,0,2,0
90.4,74.9,753.09,7,9,1,1,1
324.9,38.0,367.67,4,2,0,1,0
36.1,72.52,114.22,1,18,1,2,0
352.3,167.51,591.29,5,100,1,1,0
39.5,30.19,180.99,4,35,0,1,0
106.1,35.74,40.63,1,19,1,2,0
302.3,37.01,145.67,1,23,1,1,0
44.2,64.09,220.72,5,6,1,1,0
61.9,28.71,402.1,5,4,1,1,0
245.6,81.31,591.05,4,10,0,1,0
244.2,16.67,0.0,0,999,1,1,0
199.5,95.82,173.86,2,5,1,1,0
228.1,74.08,618.94,5,39,0,1,0
155.8,165.26,257.0,4,85,0,1,0
67.2,31.12,760.34,10,7,1,1,1
91.4,109.32,63.18,1,60,0,1,0
51.1,56.06,57.36,1,12,1,3,0
445.4,49.35,488.02,6,31,1,1,1
172.6,30.13,467.86,4,4,1,1,0
107.2,44.27,398.24,3,9,1,2,0
126.6,45.55,243.34,3,6,1,2,0
544.7,21.49,246.92,4,6,1,1,0
45.0,73.61,277.01,2,89,1,3,1
173.8,67.89,254.68,4,15,0,1,0
141.9,84.7,724.5,6,8,1,3,1
185.2,40.66,351.96,3,7,1,3,0
18.3,97.99,79.41,3,37,0,2,0
385.2,128.2,258.56,6,42,0,1,0
499.2,51.73,661.29,7,129,0,1,0
164.9,31.54,663.96,5,33,1,3,1
229.7,62.07,97.22,1,21,1,1,0
475.3,60.32,815.87,7,9,1,2,1
236.1,53.43,230.95,2,2,0,1,0
44.8,84.82,589.87,7,70,1,3,0
169.6,47.85,371.62,4,52,1,3,0
183.0,29.91,29.27,1,53,0,2,0
114.3,65.6,281.21,2,13,1,2,0
255.0,87.28,538.33,5,15,1,1,1
505.3,91.6,120.25,3,51,1,2,1
482.6,45.89,206.88,4,39,0,2,0
122.9,71.35,144.23,7,35,1,1,0
36.6,129.63,325.93,6,27,1,2,0
769.1,111.19,244.64,4,16,1,2,1
343.6,20.58,544.04,5,45,1,1,0
39.0,48.13,327.86,4,15,0,2,0
471.5,124.68,259.12,2,44,1,3,1
382.1,20.5,93.85,3,7,0,1,0
146.7,57.35,447.65,4,30,1,1,0
176.0,40.23,802.42,6,15,0,1,0
106.6,72.28,224.32,3,58,1,1,0
25.1,13.17,460.28,8,25,0,4,0
88.5,117.72,233.77,3,33,1,2,0
307.3,59.08,612.75,5,3,1,1,1
15.8,28.62,278.95,2,23,1,3,0
88.0,36.67,199.69,7,50,0,1,0
106.4,73.81,177.41,2,65,0,3,0
153.8,34.84,515.81,5,42,0,1,0
469.3,152.21,133.63,6,18,1,1,1
91.5,54.88,174.25,4,10,0,2,0
91.7,136.18,0.0,0,999,1,1,0
255.8,65.67,173.24,3,28,0,2,0
123.3,89.32,186.81,4,1,0,2,0
60.8,86.15,249.85,3,80,0,2,0
123.4,43.5,420.78,4,14,0,3,0
42.3,89.98,129.49,1,53,1,1,0
49.9,45.94,119.12,2,26,0,2,0
139.2,19.24,132.76,5,36,1,1,0
112.7,51.89,61.5,3,47,1,3,0
458.4,25.96,389.38,3,12,1,3,1
96.0,44.94,670.79,5,31,0,1,0
171.4,57.89,99.39,3,46,1,2,0
195.1,32.17,42.65,2,49,1,1,0
17.4,82.44,744.21,6,18,0,2,0
211.1,45.6,723.06,7,43,0,1,0
50.3,25.45,276.9,3,12,0,3,0
599.3,32.51,357.27,4,5,1,2,1
44.0,63.23,964.71,8,4,1,4,1
111.4,50.48,290.65,5,24,0,2,0
31.1,70.65,70.58,1,16,1,1,0
1053.3,63.5,120.48,4,9,0,1,1
140.6,30.56,374.39,4,17,0,2,0
177.9,39.61,724.53,5,18,1,3,1
27.5,97.52,227.6,4,27,1,2,0
264.5,34.0,281.6,2,2,0,1,0
57.4,138.07,459.19,4,79,0,2,0
426.0,21.92,100.81,2,16,1,2,0
56.3,95.65,318.51,3,32,1,2,0
53.1,55.43,270.44,4,13,0,1,0
21.7,30.69,107.7,3,48,0,2,0
130.0,62.15,224.38,7,21,0,4,0
164.8,34.73,111.2,5,13,1,1,0
27.2,41.27,618.58,5,109,1,1,0
283.9,46.3,945.21,7,66,0,2,0
123.7,91.22,496.38,6,7,1,1,0
148.8,39.25,437.95,5,40,1,1,0
119.6,68.08,1099.06,10,47,0,2,0
107.2,93.31,555.59,5,2,0,1,0
162.6,61.12,186.41,3,107,1,1,0
45.4,74.44,81.39,2,9,1,2,0
51.1,57.69,75.95,1,79,0,1,0
371.2,81.42,553.06,5,35,0,1,1
540.8,24.97,1120.92,9,24,0,1,1
99.1,130.9,94.77,3,51,1,1,0
71.8,37.67,482.4,5,37,1,1,0
200.9,55.77,135.16,5,45,0,2,0
109.6,15.52,381.66,3,65,0,2,0
19.6,42.55,746.79,7,21,1,1,0
45.6,69.79,221.12,2,19,1,1,0
241.6,141.33,1071.21,9,76,1,3,1
208.6,83.62,506.6,6,53,0,2,0
19.9,44.68,176.57,3,1,0,1,0
60.2,20.72,0.0,0,999,0,1,0
62.3,122.18,1089.52,9,77,1,1,1
215.6,43.35,262.8,7,38,0,3,0
18.6,69.67,549.44,4,27,1,3,1
34.8,44.75,48.76,1,7,1,1,0
304.6,74.93,299.2,5,99,0,1,0
50.4,118.98,240.35,5,33,0,1,0
205.4,90.57,291.06,2,4,0,1,0
64.0,49.9,294.65,5,87,1,3,0
33.9,123.88,731.41,5,24,1,1,0
65.2,159.6,514.66,5,6,0,1,0
245.6,104.41,85.91,2,9,1,1,0
363.5,45.63,184.0,2,113,1,2,0
334.2,95.77,673.47,5,19,0,1,0
106.1,103.78,558.11,6,18,1,1,0
213.5,50.49,148.95,4,22,1,4,1
56.3,159.59,57.3,1,40,0,1,0
77.4,115.85,147.67,3,15,1,1,0
423.0,52.11,145.44,4,18,1,2,0
17.4,45.6,375.28,6,46,0,2,0
31.1,102.39,317.81,3,21,1,2,1
56.9,184.84,278.91,4,42,1,1,0
19.8,26.14,776.94,10,108,1,1,0
51.0,77.1,185.06,3,108,1,1,0
172.5,94.74,298.56,2,20,0,3,0
113.5,118.35,962.06,10,9,1,1,1
416.7,95.3,898.83,7,10,0,1,1
321.1,43.71,309.49,4,57,0,2,0
90.3,24.22,167.69,4,3,1,1,0
69.1,48.81,650.42,5,2,0,3,0
101.0,93.4,476.99,4,38,0,1,0
175.6,40.81,62.88,1,80,1,3,0
71.2,129.3,593.01,6,9,0,4,0
191.1,54.67,128.6,4,2,1,1,0
109.8,39.2,93.69,4,75,1,1,0
159.6,82.3,252.1,2,15,0,2,0
118.1,51.25,284.9,2,27,0,1,0
77.8,44.82,129.46,2,60,0,1,0
548.7,171.79,586.11,6,10,1,1,1
274.6,40.65,113.25,1,31,0,1,0
42.2,47.73,818.9,7,157,1,1,0
380.1,83.02,247.62,3,45,0,1,0
135.3,128.15,199.45,2,17,1,1,0
419.9,78.37,421.67,4,48,1,1,1
304.6,63.06,334.23,10,1,1,1,1
114.7,183.57,311.59,3,8,0,1,0
19.1,46.33,345.65,4,45,0,3,0
71.3,46.48,415.23,6,10,1,2,0
155.4,41.03,270.13,5,5,1,1,0
195.7,75.48,411.72,4,12,0,1,0
68.7,33.63,125.04,3,7,1,1,0
42.0,28.31,501.63,4,18,0,2,0
339.2,47.64,169.33,4,5,1,2,0
763.9,20.08,601.55,5,60,0,4,1
149.3,69.69,378.79,3,50,1,2,0
48.9,75.6,426.47,3,13,0,2,0
72.2,83.48,401.14,5,25,0,1,0
18.3,98.25,84.84,3,64,1,2,0
457.2,48.48,540.49,5,87,0,1,0
37.6,119.56,226.96,4,4,1,3,1
169.7,112.67,32.05,1,43,1,2,0
72.7,30.68,525.0,4,5,0,1,0
160.4,57.8,267.16,7,1,1,1,1
204.7,11.87,343.31,4,3,0,2,0
333.7,120.55,367.52,3,29,0,1,0
56.6,97.23,367.06,8,16,1,1,1
17.0,136.87,546.25,4,5,0,2,0
41.5,21.8,504.85,8,22,1,1,1
429.5,79.69,143.07,2,24,1,1,1
387.7,42.79,333.85,9,51,0,1,0
178.8,15.34,103.78,1,36,1,2,0
180.2,105.78,253.17,3,21,1,3,0
211.9,26.48,146.64,1,13,0,1,0
49.7,73.63,443.13,4,1,1,1,0
457.5,42.49,712.01,6,59,0,4,1
112.7,66.15,183.52,4,11,1,2,0
102.0,99.06,675.96,6,8,1,1,0
146.7,66.26,462.31,5,44,0,3,0
23.7,33.21,72.5,1,3,1,1,0
47.7,174.27,365.24,3,11,1,2,1
256.1,48.92,588.84,4,19,0,1,0
30.6,37.48,96.96,3,20,0,1,0
181.4,56.7,490.22,4,6,0,2,0
65.7,22.14,0.0,0,999,0,1,0
103.8,39.65,182.92,3,21,1,1,0
76.3,50.78,335.96,5,15,0,3,0
94.1,69.49,369.96,3,12,1,2,0
243.5,61.54,143.97,1,11,0,3,0
78.5,79.81,710.3,5,24,1,1,1
165.4,58.11,136.16,5,1,0,2,0
131.3,111.92,266.57,2,4,1,1,0
211.1,88.09,288.72,3,13,1,1,0
512.1,76.15,373.73,5,22,1,1,1
252.4,122.78,649.6,5,39,1,1,1
58.6,122.77,248.11,2,12,1,1,0
20.7,64.29,258.65,3,37,1,1,0
69.8,47.44,220.18,3,17,0,3,0
177.7,67.96,244.26,3,49,1,1,0
24.5,55.09,184.16,3,22,0,1,0
138.5,46.27,325.4,3,26,0,1,0
178.5,66.35,543.86,4,19,1,2,0
88.2,74.75,262.83,5,5,1,1,0
280.3,85.6,636.58,5,7,1,2,1
35.3,134.23,200.69,3,17,0,3,0
29.1,70.3,74.28,2,4,1,1,0
249.5,58.91,227.38,9,5,1,2,1
138.2,104.25,82.32,1,33,0,1,0
224.9,35.34,469.4,5,33,0,1,0
117.7,20.22,41.57,2,5,0,2,0
65.9,79.03,104.84,1,64,0,2,0
322.8,48.8,262.23,3,64,0,1,0
304.2,51.11,448.99,3,16,0,2,0
228.6,34.81,100.76,3,23,1,1,0
72.2,116.63,446.61,4,54,0,1,0
175.6,20.77,96.43,2,48,0,1,0
95.6,83.77,140.47,3,15,1,2,0
32.3,59.41,134.6,6,13,0,2,0
463.7,139.1,83.4,4,36,0,2,0
41.5,104.52,132.78,3,15,1,2,0
555.1,29.05,299.71,7,39,1,1,1
121.3,88.14,80.23,4,5,0,2,0
51.9,77.68,566.15,5,37,0,4,0
155.5,56.77,341.91,4,51,0,3,0
386.4,84.14,71.5,1,78,1,1,0
252.2,39.59,66.99,2,20,1,1,0
310.7,63.05,253.63,4,27,0,4,1
208.5,60.05,649.41,8,12,0,1,0
227.1,35.97,1197.97,8,6,1,2,1
355.5,48.87,259.13,3,7,1,1,1
66.7,43.87,45.07,2,62,1,1,0
136.0,74.72,94.01,2,26,0,1,0
60.0,120.61,132.18,2,16,1,1,0
806.2,25.05,475.62,6,66,1,1,1
534.0,76.07,322.97,3,4,0,3,1
22.2,42.87,580.66,6,30,0,3,0
235.1,100.73,172.41,2,52,1,2,0
481.8,75.53,515.71,4,5,1,2,1
50.8,21.24,182.05,4,5,1,1,0
166.1,66.38,120.5,4,2,0,1,0
459.8,54.94,515.87,4,94,0,2,0
21.2,26.77,320.33,4,39,0,3,0
230.2,43.22,275.81,3,3,0,2,0
78.5,64.62,902.02,7,37,0,1,0
479.8,44.01,285.91,2,12,1,1,1
652.6,107.54,183.52,2,4,1,1,1
534.7,54.64,251.19,2,160,1,2,1
130.7,41.31,272.47,3,7,1,2,1
371.5,66.79,48.66,2,53,0,2,0
350.1,72.04,721.31,5,70,0,1,0
84.2,101.27,252.62,2,25,0,2,0
332.8,61.54,235.89,2,123,1,2,0
21.8,70.3,619.5,8,5,1,1,0
178.3,48.79,997.72,7,107,0,1,0
62.0,141.1,502.08,6,3,0,1,0
38.1,75.26,113.7,1,22,0,2,0
29.4,65.5,99.23,3,64,0,1,0
229.5,44.01,145.36,3,27,1,1,0
89.8,108.94,375.73,5,29,0,1,0
247.2,19.84,191.14,2,6,1,1,0
27.2,67.02,374.17,3,137,1,1,0
83.2,39.93,102.63,2,9,1,1,0
154.6,95.43,724.0,6,65,1,2,1
296.5,72.47,678.49,5,103,1,3,1
84.1,66.08,884.79,7,11,0,2,0
192.0,31.05,100.91,1,44,1,2,0
405.8,57.29,250.6,2,3,0,1,0
187.2,74.19,804.45,6,45,0,2,1
62.7,101.31,552.98,6,22,1,1,1
19.4,79.88,125.32,1,5,1,1,0
382.4,95.43,149.49,2,74,0,3,1
18.9,23.82,439.61,5,38,1,1,0
388.9,65.17,53.68,2,7,0,1,0
150.5,103.63,404.56,3,25,0,2,0
518.6,13.1,152.99,4,13,1,2,1
303.6,51.97,223.62,4,41,1,2,1
1127.8,74.61,367.62,6,33,1,2,1
92.7,111.76,35.07,1,7,0,3,0
277.4,63.48,1118.62,8,10,0,4,1
107.5,59.23,292.21,2,41,0,1,0
132.7,70.77,927.33,7,37,1,1,1
192.8,75.04,260.11,4,13,0,1,0
387.4,34.58,108.72,4,22,0,2,0
760.3,43.96,43.78,1,21,1,1,1
278.2,17.77,361.12,3,5,1,1,1
112.4,39.93,343.06,6,32,0,1,0
113.5,29.66,952.27,7,11,1,3,1
255.8,34.38,771.4,6,21,0,3,0
64.1,184.32,406.42,8,3,0,1,0
36.1,107.98,440.6,4,32,0,3,0
93.8,30.1,155.0,2,61,1,3,0
75.9,25.49,95.89,2,28,0,2,0
78.3,41.42,580.29,6,30,0,1,0
62.9,24.93,644.28,5,37,0,1,0
22.7,69.66,702.42,5,8,1,1,1
18.2,68.94,193.44,7,3,0,1,0
807.0,34.05,148.87,2,64,0,3,1
115.5,88.52,98.57,1,62,1,1,0
102.3,88.57,127.88,2,26,1,2,0
219.9,38.81,367.78,6,8,1,2,0
59.3,33.34,1083.16,9,56,1,1,0
554.1,46.2,486.9,4,9,1,1,1
292.8,82.3,688.56,6,65,0,1,0
31.9,175.37,273.62,2,19,1,1,0
112.3,81.14,337.25,4,2,1,3,1
395.3,28.49,367.25,3,56,1,3,1
536.2,71.88,21.46,1,28,1,3,1
128.4,63.57,741.83,5,13,1,3,1
186.1,61.35,418.5,3,20,1,2,1
47.9,25.38,258.75,2,72,1,1,0
866.3,71.77,289.23,3,8,1,1,1
62.4,58.4,453.7,5,4,0,1,0
529.8,27.74,39.52,1,51,1,2,1
203.8,149.8,54.03,2,32,1,3,1
183.4,25.94,0.0,0,999,0,2,0
144.4,77.37,39.63,1,13,1,4,1
62.2,54.17,185.81,2,28,1,4,0
50.0,47.73,252.93,4,2,1,2,0
59.8,119.53,422.53,6,62,1,2,1
52.1,100.34,70.29,3,7,1,1,0
287.2,54.3,182.64,2,4,0,1,0
92.6,35.28,631.81,6,22,0,3,0
25.7,44.43,126.95,2,45,0,2,0
640.9,49.82,185.31,5,8,1,4,1
402.4,101.35,891.88,8,9,0,1,1
488.0,73.95,110.3,3,13,1,2,1
965.4,103.3,504.77,4,55,1,1,1
49.4,24.8,363.93,4,46,1,1,0
105.8,108.39,305.21,6,11,0,1,0
270.6,129.64,547.34,4,10,1,1,1
229.3,36.81,230.58,6,78,0,3,0
45.1,94.05,490.77,5,32,1,1,0
319.5,123.46,401.11,4,9,1,4,1
60.8,41.66,173.95,7,5,1,2,1
60.6,29.43,893.37,9,3,1,1,1
153.6,67.95,661.49,6,10,1,2,0
176.8,17.34,553.27,4,42,1,3,0
171.2,107.55,336.48,3,16,0,2,0
32.3,33.9,331.9,4,111,0,1,0
392.9,50.98,654.65,5,13,1,1,1
70.6,88.65,197.98,3,6,1,1,1
40.0,81.93,656.08,5,7,1,2,0
410.3,87.11,259.43,2,23,0,1,0
575.8,36.7,492.38,5,92,0,2,0
371.7,71.48,194.4,3,76,0,1,0
313.5,97.29,193.71,2,7,1,2,1
206.7,40.85,0.0,0,999,1,2,0
159.1,156.18,411.0,4,46,0,3,0
31.4,52.37,775.21,6,6,1,2,0
109.5,16.49,194.4,3,12,1,1,0
98.9,52.2,174.0,3,3,0,2,0
69.1,122.51,213.04,4,3,1,1,0
246.3,32.58,419.31,5,20,1,1,0
138.3,30.95,152.31,2,22,1,3,0
30.2,74.91,131.05,1,2,0,2,0
59.8,29.32,69.28,2,112,0,1,0
221.9,28.55,828.23,9,22,0,3,0
29.3,35.13,289.77,4,51,0,1,0
357.9,141.22,141.88,1,34,1,2,0
138.0,79.78,612.45,5,32,1,1,0
132.9,61.53,229.01,3,12,0,1,0
176.5,36.54,206.56,2,72,1,1,0
328.4,96.61,584.63,5,12,1,2,1
91.9,84.56,146.24,5,100,1,1,0
219.0,147.09,107.58,1,2,1,1,0
165.1,32.32,114.4,3,4,1,1,0
70.9,29.79,311.94,7,43,0,3,0
394.6,16.78,639.66,8,31,0,3,0
302.4,80.92,589.32,4,42,0,1,0
208.4,68.65,718.9,5,34,1,4,1
357.2,46.61,549.18,4,25,1,3,1
378.5,16.57,24.46,1,2,0,2,0
236.8,130.9,916.08,7,55,0,1,1
341.5,66.52,362.7,3,24,1,3,1
230.2,116.07,339.37,4,4,1,3,1
220.2,122.54,186.92,3,8,0,1,0
188.5,79.54,472.91,4,36,1,2,1
266.5,86.51,203.48,6,3,1,3,1
46.1,40.02,522.79,5,67,1,3,0
398.0,63.33,429.38,4,52,1,4,1
384.8,104.97,367.92,4,13,1,3,1
20.3,35.19,268.22,2,71,0,2,0
329.6,100.67,377.29,6,72,1,3,1
39.8,96.93,410.8,5,60,0,1,0
88.5,95.45,711.76,6,13,1,1,0
259.9,60.71,905.35,8,36,1,1,1
46.5,36.89,279.36,3,20,0,2,0
321.6,155.67,387.64,7,26,0,2,0
336.2,126.27,233.01,4,18,0,1,0
142.5,61.59,581.78,5,1,1,1,0
16.2,68.71,62.24,3,1,1,2,0
75.9,50.31,419.42,4,49,1,1,0
187.7,17.54,261.38,5,97,1,1,0
730.2,56.16,967.4,9,9,0,1,1
194.8,79.93,177.21,4,26,0,2,0
69.2,41.59,413.62,6,12,0,3,0
195.9,48.72,471.98,4,22,0,1,0
154.8,48.45,590.88,5,5,1,2,1
287.4,63.84,189.04,4,43,1,1,0
35.4,51.58,344.58,5,24,0,4,0
272.7,34.05,255.98,3,13,1,3,0
155.3,63.71,192.71,2,36,0,1,0
608.4,77.51,349.55,3,24,1,3,1
90.3,67.26,115.36,5,18,0,1,0
195.2,16.63,34.99,1,26,0,1,0
499.0,86.15,81.01,2,101,0,2,0
34.5,27.84,179.14,4,3,0,1,0
513.3,76.74,119.68,5,85,0,3,0
224.6,78.73,139.66,1,5,0,1,0
27.6,21.58,82.17,2,8,1,4,1
79.4,98.73,118.29,4,128,1,3,0
236.7,154.74,81.32,1,55,0,1,0
27.6,49.62,854.12,6,15,0,2,0
172.1,76.75,436.11,3,18,0,1,0
91.4,44.51,863.46,8,12,1,2,0
189.6,27.59,172.74,4,9,1,1,0
23.4,104.26,61.48,3,3,0,2,0
384.4,77.88,254.22,4,2,0,2,0
668.4,38.41,145.24,4,23,1,1,0
639.6,28.39,472.65,4,25,1,2,1
264.3,159.65,875.9,6,48,1,3,1
40.1,23.89,154.42,5,4,0,1,0
270.6,84.34,214.8,3,24,1,3,1
19.5,65.89,411.96,3,85,0,2,0
19.0,92.73,573.39,5,63,1,1,0
85.4,135.64,798.43,6,26,0,1,0
135.7,9.72,559.95,4,5,1,1,0
279.9,30.5,441.84,6,6,0,1,0
222.0,55.09,661.06,6,22,0,1,0
121.3,141.9,336.64,3,32,0,2,0
72.5,45.74,408.02,4,127,0,2,0
1068.3,40.42,374.1,6,59,1,1,1
115.0,12.79,256.36,2,18,1,2,0
123.1,37.97,239.91,2,15,0,1,0
47.2,82.63,311.51,4,1,1,1,0
300.1,55.31,224.18,3,1,1,1,0
228.0,37.37,107.01,5,22,0,2,0
59.9,160.8,518.59,4,3,1,4,1
30.5,49.46,284.59,5,6,0,3,0
220.4,63.84,406.02,5,130,1,3,1
206.3,35.91,367.35,5,42,1,1,0
72.5,27.46,432.63,4,20,1,1,0
557.4,89.19,424.28,6,65,1,1,1
44.5,18.93,216.83,5,7,0,1,0
116.9,78.5,398.76,3,17,1,1,0
532.6,8.05,175.44,4,12,1,3,1
113.0,72.0,47.39,2,178,0,1,0
198.2,29.28,91.02,2,76,1,1,0
106.2,33.39,316.68,4,25,1,1,0
72.7,49.71,150.04,2,19,1,1,0
759.1,26.05,864.65,7,206,0,2,1
109.8,15.84,226.71,5,8,0,4,0
419.1,52.85,604.15,5,18,1,3,1
62.0,91.86,130.11,4,41,0,3,0
58.1,67.93,489.46,6,40,1,1,0
20.7,111.6,397.48,3,29,0,1,0
204.8,17.15,147.36,2,100,0,1,0
97.7,45.95,290.45,2,10,0,1,0
374.6,60.44,408.14,4,28,0,2,0
130.4,33.41,473.46,4,55,1,1,0
635.7,62.05,172.56,2,9,0,2,1
51.9,108.04,531.08,7,68,1,2,0
380.3,79.84,93.02,3,34,1,4,1
284.8,117.13,177.97,5,16,0,2,1
280.3,70.27,282.96,3,35,1,4,1
350.3,55.5,299.32,3,87,1,1,0
272.7,136.52,592.07,4,146,1,1,0
192.1,63.57,1052.05,8,11,1,2,1
40.3,153.89,259.57,2,79,1,1,0
21.0,100.03,171.78,3,2,1,2,0
471.5,38.3,514.72,7,1,1,3,1
187.6,52.12,66.55,2,31,1,2,0
301.6,135.83,478.0,5,22,1,1,1
133.2,111.62,87.12,3,21,1,2,0
37.5,91.05,312.35,4,9,0,1,0
39.1,85.28,280.82,3,30,1,1,0
223.3,24.45,198.66,4,1,1,3,1
116.3,28.28,483.23,4,19,0,1,0
55.3,68.23,0.0,0,999,0,4,0
136.8,33.85,117.67,3,8,1,1,0
26.9,49.96,739.39,5,24,0,1,0
172.0,47.76,271.4,3,39,0,1,0
71.4,82.76,93.74,4,56,1,3,0
302.5,69.83,393.09,6,21,0,1,0
81.9,106.62,294.62,2,10,1,1,0
124.3,70.63,137.3,1,8,0,1,0
17.1,67.43,277.56,7,29,0,2,0
28.5,59.14,393.45,3,17,0,2,0
104.7,116.21,401.57,4,13,0,1,0
132.7,59.54,114.13,5,25,0,2,0
179.9,37.57,355.4,3,27,1,1,0
77.1,87.72,147.34,2,9,1,1,0
228.7,55.14,428.99,6,16,1,4,1
369.1,99.31,418.58,6,41,1,4,1
287.4,123.47,487.76,5,17,1,4,1
22.3,52.18,338.54,3,20,1,1,0
132.9,120.91,312.58,3,34,1,2,0
35.0,100.82,0.0,0,999,1,3,0
64.9,41.83,447.54,4,67,0,2,0
792.1,34.27,188.09,5,14,1,1,1
42.7,32.48,1316.47,9,39,0,2,0
139.4,27.85,163.14,2,12,1,2,0
188.3,114.14,95.63,3,35,0,2,0
233.2,52.64,569.77,6,11,1,1,0
162.6,147.89,570.05,6,46,1,2,1
16.8,38.7,100.18,4,4,1,3,0
86.1,43.4,171.3,8,13,0,1,0
146.3,80.44,747.47,5,28,1,1,1
31.6,143.45,494.98,7,33,1,3,1
92.7,42.2,259.55,5,5,0,2,0
21.1,94.21,547.23,6,13,1,1,0
29.7,59.39,105.42,5,4,1,4,0
106.0,81.01,43.35,2,60,0,1,0
40.6,35.52,34.66,1,136,0,2,0
165.9,88.53,621.64,5,11,0,1,0
225.5,50.08,0.0,0,999,1,1,0
305.2,44.66,85.45,1,24,0,1,0
55.2,57.97,49.07,1,6,1,1,0
48.0,83.96,363.31,4,37,0,3,0
34.9,53.61,172.29,2,24,0,2,0
197.1,44.94,72.09,1,24,1,2,0
235.6,54.71,228.95,3,2,1,1,0
20.8,53.89,839.51,8,3,1,4,1
510.4,79.97,647.4,5,110,0,4,1
24.6,46.75,246.09,4,93,0,3,0
155.3,46.03,178.36,2,1,1,2,0
237.2,35.72,393.13,3,26,0,1,0
383.6,83.01,209.15,5,3,0,1,0
240.4,64.38,736.71,5,52,1,3,1
306.3,115.8,117.58,1,2,0,2,0
89.6,107.28,270.38,4,27,0,2,0
318.6,68.21,68.77,1,32,1,1,1
30.0,55.79,326.87,7,4,1,2,0
420.4,59.51,219.32,4,30,1,2,1
157.8,40.32,96.31,1,94,1,1,0
321.0,35.96,20.49,1,4,1,1,0
123.4,32.81,161.08,7,38,0,2,0
200.7,53.0,148.24,1,11,0,3,0
149.5,10.5,202.48,4,11,0,2,0
251.7,140.23,1150.59,9,26,0,3,1
30.3,164.05,298.84,3,87,1,1,0
26.2,30.57,389.89,5,9,0,2,0
66.1,162.55,345.55,3,165,1,1,0
46.3,30.85,26.5,1,4,1,1,0
384.7,59.71,591.45,5,93,0,1,0
59.5,74.66,525.63,4,1,1,1,0
685.3,62.89,395.01,7,6,1,3,1
88.9,42.13,177.63,3,123,1,1,0
51.2,40.87,133.57,4,11,1,3,1
295.7,94.82,1050.13,8,1,0,3,1
208.5,117.77,375.08,3,72,1,1,0
139.1,18.04,376.39,5,81,1,1,0
160.9,68.98,621.93,9,45,1,1,0
243.6,84.34,302.31,4,93,1,3,0
61.7,66.16,522.51,7,11,1,2,1
1024.6,23.77,303.4,4,35,0,1,1
677.5,80.47,194.73,5,45,1,2,1
204.1,108.59,108.76,5,120,0,3,0
55.1,35.36,119.12,1,75,1,1,0
220.2,41.84,323.44,5,2,1,1,1
28.5,66.87,335.26,4,14,0,1,0
20.6,56.74,239.87,4,32,0,2,0
68.6,41.98,417.68,6,64,1,4,1
126.8,27.37,89.2,3,11,0,1,0
379.9,44.22,204.41,3,1,0,3,0
248.8,13.85,561.44,7,7,0,3,1
259.4,85.21,384.81,3,19,0,2,0
114.8,37.97,247.55,4,3,0,2,0
91.4,93.3,63.02,2,2,0,2,0
98.5,51.62,593.48,5,17,1,1,0
805.9,64.53,413.0,6,35,0,3,1
22.4,20.2,277.99,2,41,0,4,0
378.2,88.95,723.37,5,25,1,1,1
170.6,219.71,400.02,3,19,1,1,1
118.9,46.93,197.86,4,1,0,1,0
247.5,63.8,317.97,6,11,1,2,1
135.0,68.7,0.0,0,999,0,1,0
387.0,25.1,233.98,3,20,0,2,0
430.7,29.73,234.86,4,11,1,2,1
113.6,81.48,349.25,6,9,1,2,0
73.3,35.38,380.28,4,1,1,2,1
176.5,51.35,409.06,3,58,1,4,1
453.2,64.62,502.3,5,70,1,1,1
57.6,83.22,301.91,3,15,1,2,0
190.6,53.09,468.41,4,40,0,2,0
194.7,53.95,118.84,1,3,1,1,0
252.8,199.75,691.14,5,73,1,1,0
40.4,102.18,123.22,3,78,0,2,0
241.5,47.75,296.0,2,6,1,1,0
446.5,54.34,250.99,4,50,1,1,0
50.7,156.92,226.42,4,22,1,4,1
63.8,83.39,345.09,4,38,0,1,0
654.8,109.97,54.37,1,22,0,1,0
50.9,46.99,100.56,2,3,0,3,0
361.8,43.64,1165.48,8,61,1,1,1
137.0,135.14,67.04,2,3,1,1,0
66.1,56.87,1338.23,9,15,0,1,0
383.3,56.33,201.84,2,141,1,2,0
121.1,45.09,144.62,1,19,1,1,0
145.2,107.44,136.66,1,57,1,3,0
95.1,66.61,208.58,2,7,1,1,0
176.8,28.55,580.07,6,59,1,2,0
47.1,41.98,298.08,2,21,0,1,0
104.3,120.78,434.89,5,24,1,1,0
642.7,67.57,0.0,0,999,1,4,1
68.7,108.08,596.33,4,72,0,3,0
207.5,75.15,248.23,4,15,0,1,0
85.8,31.09,188.18,6,98,1,1,0
282.3,80.04,452.78,4,4,1,1,1
40.2,57.7,233.96,3,1,1,2,0
645.1,42.71,211.33,3,25,0,2,1
123.9,45.06,102.11,1,49,0,3,0
63.5,106.47,134.35,5,9,1,2,0
28.7,68.94,443.08,4,3,1,2,1
48.5,66.04,85.45,1,62,1,1,0
147.0,143.09,83.73,1,141,0,2,0
89.0,38.35,1233.04,9,39,0,2,0
332.8,56.03,640.29,5,122,1,2,1
116.5,40.42,89.11,1,59,0,1,0
66.5,79.13,285.55,3,10,1,4,1
187.8,66.76,124.91,1,4,0,2,0
235.8,47.58,514.27,7,55,0,1,0
47.9,51.28,321.78,3,36,0,2,0
48.0,100.33,451.5,5,56,0,1,0
21.7,115.61,339.81,4,42,0,1,0
255.0,41.86,888.08,6,24,1,2,1
211.2,225.26,133.66,6,93,1,3,1
130.9,24.65,295.61,4,46,1,1,0
349.6,30.3,422.77,3,1,1,2,0
309.9,49.89,421.98,3,40,1,1,0
173.5,37.05,586.01,5,26,1,2,0
379.9,34.26,290.84,3,5,0,2,0
56.5,113.96,329.43,3,19,1,2,0
36.4,80.83,158.64,3,25,0,2,0
71.6,62.65,0.0,0,999,0,1,0
25.6,42.86,179.38,2,19,0,1,0
151.4,31.12,197.99,7,33,1,2,0
511.5,30.21,530.43,4,36,0,1,0
22.2,113.63,79.37,1,40,1,2,0
38.4,110.94,273.71,2,48,0,3,0
123.3,50.61,282.78,4,59,1,3,1
503.9,23.35,365.76,5,29,1,3,1
83.4,84.96,51.75,1,3,0,2,0
142.4,50.73,518.81,5,15,1,1,0
22.6,102.85,365.22,4,1,1,1,0
43.9,29.89,554.74,4,30,1,3,0
791.7,62.35,530.61,7,122,1,1,1
619.0,28.19,104.25,1,58,0,1,0
15.9,37.69,671.9,6,22,1,1,0
560.9,37.13,184.74,3,41,1,3,1
198.5,50.13,403.52,3,45,1,2,0
379.4,119.25,139.02,2,30,1,2,0
124.2,64.31,925.71,9,72,1,1,1
145.5,93.12,700.41,7,13,1,1,1
135.8,61.96,448.7,6,37,0,3,0
212.9,45.99,175.34,4,3,1,1,0
42.1,15.23,291.07,3,5,0,4,0
20.5,30.91,137.64,2,92,0,3,0
81.3,59.17,484.97,7,26,1,1,0
234.5,65.49,336.32,4,47,1,4,1
55.6,103.07,540.21,5,67,1,3,1
216.4,19.65,459.4,4,90,1,3,0
645.7,180.41,226.56,3,4,1,3,1
32.7,15.11,284.68,8,40,0,3,0
216.0,56.91,368.77,3,33,0,2,0
120.6,40.98,321.07,3,31,1,2,0
379.7,31.27,744.54,6,6,1,1,1
50.1,137.95,305.33,5,49,0,1,0
227.3,42.01,690.93,5,13,1,2,1
342.8,18.7,270.78,5,9,0,1,0
535.8,25.66,115.34,2,41,0,1,0
221.9,110.42,448.64,5,8,0,1,0
138.8,26.47,448.96,3,23,1,4,1
188.1,22.36,231.4,5,13,1,1,0
380.7,66.23,903.04,7,57,1,1,1
167.2,49.91,60.92,3,102,1,2,0
20.6,77.4,203.51,4,58,0,2,0
496.1,46.12,454.99,7,17,1,2,1
225.5,89.84,417.28,4,6,0,1,0
218.1,24.07,173.94,5,40,0,3,0
58.7,21.21,73.46,2,77,1,1,0
208.6,69.89,78.05,2,17,1,1,0
105.1,49.96,106.13,1,2,1,3,0
204.6,44.58,279.23,8,5,0,3,0
35.3,84.93,287.08,4,16,1,1,0
208.0,195.54,201.84,5,23,1,1,0
1354.5,21.56,209.01,3,12,0,1,1
23.9,121.8,676.95,6,22,0,2,1
695.4,87.09,224.42,4,105,1,2,1
109.0,43.37,100.29,1,3,1,1,0
383.3,143.97,209.22,4,54,0,2,0
289.5,25.76,347.65,3,20,1,3,1
165.7,75.79,363.06,3,35,0,1,0
256.4,52.59,422.46,7,115,1,1,1
394.4,43.37,69.28,3,21,1,1,0
108.2,28.17,110.34,3,4,1,3,0
86.3,241.48,419.12,5,58,1,1,0
213.3,43.14,557.34,8,11,1,1,1
311.9,11.68,324.61,5,78,0,1,0
273.6,95.61,0.0,0,999,1,3,0
302.7,71.89,327.96,8,9,0,4,1
118.0,49.52,555.58,7,114,0,2,0
321.5,46.63,185.76,4,70,0,1,0
38.1,56.23,590.15,4,9,1,3,1
156.5,96.09,52.64,2,50,1,1,0
16.0,72.5,154.36,7,3,1,1,0
85.6,79.73,186.69,2,6,0,2,0
97.2,79.71,168.85,6,7,0,1,0
105.8,98.67,376.29,3,2,0,1,0
229.0,115.75,379.64,3,22,1,1,0
103.5,38.19,457.16,6,17,0,3,0
122.2,66.18,515.95,4,30,1,2,1
63.8,112.57,116.27,1,39,1,3,1
99.1,38.01,225.62,6,30,0,1,0
61.4,127.67,658.74,5,11,1,2,1
28.7,37.79,1202.91,9,3,1,2,1
181.5,74.11,371.72,6,44,1,1,0
213.6,50.07,362.25,3,13,1,3,1
188.9,45.1,136.66,1,10,1,3,0
127.1,77.38,467.73,4,39,1,2,0
101.0,116.31,96.66,3,20,1,2,0
373.2,49.32,226.13,7,8,0,2,1
146.8,122.46,590.84,4,48,1,1,0
132.4,36.91,271.13,3,54,0,1,0
19.7,117.3,311.33,3,139,1,2,0
90.1,63.15,415.78,3,21,0,1,0
101.1,71.42,230.63,11,2,1,1,1
106.6,27.62,452.82,6,24,1,1,0
171.2,43.93,468.16,5,1,0,1,0
152.3,58.14,40.56,2,97,1,4,0
183.5,108.81,303.52,3,7,0,3,0
275.6,51.86,1175.6,9,86,0,1,0
316.8,35.04,135.69,5,99,0,1,0
242.9,67.93,747.3,6,50,1,1,1
575.3,168.32,882.47,6,3,0,3,1
18.3,72.46,698.19,5,27,0,1,0
54.2,51.49,179.62,2,15,1,4,1
16.4,68.28,395.58,3,57,0,1,0
202.7,33.51,120.18,1,12,0,2,0
426.0,132.26,378.89,3,20,0,4,1
65.2,130.93,215.24,3,28,0,1,0
486.2,32.65,409.15,5,2,1,1,1
26.2,129.02,153.26,3,31,0,2,0
505.5,68.7,133.52,5,14,1,2,1
93.0,88.13,390.56,4,25,0,2,0
34.2,58.88,180.73,3,5,0,2,0
134.8,61.62,0.0,0,999,0,1,0
68.4,39.93,290.3,2,29,0,2,0
75.4,32.98,141.05,5,28,1,1,0
81.1,31.87,400.66,3,6,0,1,0
307.4,110.72,125.12,4,18,1,2,1
154.4,65.98,419.86,4,25,1,1,0
82.1,33.94,129.25,2,3,0,1,0
184.6,62.75,132.08,4,31,1,3,0
241.7,19.39,473.61,4,9,1,2,1
72.3,33.52,0.0,0,999,0,2,0
111.1,117.09,103.23,1,11,1,2,0
38.4,42.61,436.3,3,51,0,2,0
51.0,108.77,69.23,3,29,0,2,0
220.7,55.97,0.0,0,999,1,1,0
51.0,88.47,186.29,2,77,1,3,0
149.1,28.42,332.51,5,62,1,1,0
237.2,80.7,214.07,2,5,1,1,1
35.3,12.97,136.9,1,90,1,2,0
165.8,45.09,331.82,3,5,1,3,0
68.4,120.76,282.06,3,13,0,1,0
608.1,60.36,579.6,5,25,0,2,1
133.9,32.48,171.26,5,89,0,3,0
310.2,114.92,509.5,5,33,0,4,1
158.8,180.31,145.88,2,69,0,2,0
23.0,50.64,245.77,4,94,0,1,0
195.5,20.3,773.32,9,46,0,1,0
559.4,60.89,249.23,2,22,0,2,1
180.7,91.67,147.27,2,17,1,2,0
322.9,52.37,333.96,3,11,0,1,0
403.1,14.11,193.11,2,24,1,2,1
61.6,86.25,556.4,4,2,0,1,0
57.9,37.05,622.64,8,9,0,4,0
184.9,44.68,506.36,4,15,0,1,0
110.3,20.95,258.91,2,64,0,2,0
344.7,11.03,160.69,2,16,1,2,0
429.5,27.76,250.55,3,9,1,2,0
93.5,42.25,380.06,6,51,1,2,0
63.7,41.68,337.69,4,95,0,1,0
288.0,135.79,157.21,3,49,0,3,0
72.8,30.07,263.15,2,5,1,1,0
326.3,103.38,52.49,1,13,1,2,1
114.2,64.62,53.49,1,31,1,1,0
213.2,147.36,545.74,4,8,0,1,0
33.1,56.53,267.54,3,34,0,3,0
191.0,15.08,235.68,7,9,1,1,0
123.2,53.49,519.55,8,26,0,1,0
174.0,11.4,335.1,3,41,1,2,0
48.1,27.42,363.77,5,51,1,1,0
255.3,54.0,375.06,5,53,1,1,1
372.5,54.81,84.83,1,49,0,2,0
59.0,101.33,146.78,3,5,1,2,0
33.1,76.73,300.51,4,150,0,2,0
19.3,139.0,191.98,4,49,1,2,1
199.9,101.26,65.6,1,4,1,1,0
183.2,93.99,267.62,3,40,1,3,1
157.4,171.63,550.92,5,21,1,4,1
62.5,98.36,204.82,2,19,0,1,0
104.2,125.5,284.45,3,38,0,1,0
177.5,19.46,389.68,4,7,0,1,0
138.6,48.62,259.26,3,246,0,1,0
807.9,74.82,399.6,4,26,0,2,1
41.4,61.97,412.9,6,30,0,2,0
228.8,36.21,410.78,3,19,1,1,0
108.2,94.66,483.86,5,31,1,2,1
115.6,108.14,708.78,5,36,0,2,0
242.6,56.25,145.19,2,14,0,1,0
227.2,50.19,213.86,3,21,0,1,0
868.1,42.86,581.81,4,10,0,1,1
39.7,97.01,573.89,5,49,1,2,1
34.8,49.56,262.31,3,44,0,1,0
246.9,60.79,453.62,4,55,1,1,0
170.5,117.78,357.87,5,40,1,3,0
72.7,70.56,949.16,8,1,1,1,1
29.9,60.8,94.49,2,7,0,1,0
31.1,40.64,143.61,1,17,0,3,0
419.3,58.73,239.73,3,9,0,1,0
53.3,36.93,160.39,5,25,1,1,0
85.3,67.93,649.26,5,75,0,4,0
61.3,43.95,272.53,2,44,0,2,0
93.9,47.62,574.47,5,11,1,3,1
28.0,59.01,713.03,7,17,1,1,0
146.8,149.28,703.47,5,2,0,2,0
27.6,74.05,302.6,3,1,0,1,0
305.0,27.62,860.19,7,19,1,4,1
62.9,49.56,162.52,2,43,0,1,0
154.8,41.26,343.61,3,65,1,2,0
396.8,40.08,299.74,2,19,0,1,0
204.4,41.03,209.18,3,7,1,1,0
152.0,50.45,568.07,5,10,0,1,0
85.6,37.56,78.71,2,20,1,2,0
87.9,37.67,205.13,2,35,0,3,0
214.3,41.37,123.95,2,26,1,3,0
940.1,40.1,663.29,5,61,1,1,1
210.2,34.02,333.77,5,1,0,2,0
161.9,83.98,155.74,2,160,1,3,0
251.1,46.31,1032.08,7,87,1,3,1
127.7,51.9,335.99,7,6,0,1,0
26.2,49.43,280.26,3,2,1,2,0
163.7,39.11,793.73,6,32,1,1,1
584.0,33.18,243.71,4,42,0,2,1
49.7,88.87,87.94,4,22,0,1,0
225.8,34.4,1228.72,9,11,0,2,1
55.4,35.49,703.87,7,34,1,1,0
153.1,104.64,249.78,5,34,1,1,0
33.3,41.8,167.77,3,6,0,3,0
122.7,58.71,743.68,6,53,0,2,0
269.0,47.96,413.89,4,46,0,3,1
91.9,57.34,115.24,1,3,1,3,0
211.8,133.38,285.12,3,21,1,1,0
300.6,36.98,122.71,1,17,1,2,0
486.6,84.15,253.48,2,21,0,2,1
63.1,88.67,351.48,5,21,1,1,0
106.7,84.85,1234.13,9,25,1,3,1
44.8,129.97,342.7,4,11,0,2,0
895.3,14.44,122.46,3,21,0,1,0
486.1,23.33,193.61,4,4,1,2,1
154.8,32.67,576.99,5,7,0,2,0
347.2,43.3,276.22,4,4,1,1,1
147.5,68.59,324.7,6,7,0,4,1
190.9,33.82,394.48,4,1,1,2,0
31.8,33.65,365.09,3,2,1,3,0
268.4,62.27,239.4,7,53,0,2,0
39.6,78.52,391.93,5,8,0,1,0
329.8,58.08,240.58,2,25,1,3,1
289.2,80.85,549.89,4,16,0,1,0
237.0,20.43,65.28,3,14,0,2,0
21.6,37.59,210.58,2,64,1,2,0
80.0,31.73,585.95,6,22,0,1,0
70.0,41.81,261.92,3,24,1,1,0
95.4,56.19,81.65,2,21,1,1,0
31.5,17.53,349.3,3,11,0,1,0
512.5,41.54,355.32,5,38,0,1,0
160.3,37.35,252.51,5,2,1,2,0
80.6,21.64,913.52,7,11,0,1,0
106.0,82.04,179.74,3,36,0,2,0
121.7,57.87,0.0,0,999,0,1,0
180.2,41.99,181.7,3,1,1,2,1
145.5,143.69,0.0,0,999,1,3,0
468.3,22.92,605.23,5,10,1,1,0
138.7,148.36,174.68,4,40,0,1,0
887.7,50.16,565.83,5,47,0,2,1
358.2,35.45,287.88,7,2,1,2,1
57.1,42.69,247.1,5,19,0,1,0
495.2,45.53,580.75,9,95,1,1,1
37.3,159.81,430.52,3,13,1,2,0
321.1,68.81,277.59,2,8,0,2,0
101.2,28.56,93.2,3,25,1,2,0
393.6,88.58,445.6,7,20,0,1,0
379.6,45.79,65.02,1,9,1,1,0
310.1,9.48,380.03,8,9,0,2,0
295.9,87.26,306.52,4,39,1,1,1
80.4,88.63,117.24,1,13,1,4,1
30.2,47.37,164.57,5,141,0,2,0
107.8,38.73,429.26,4,12,1,1,0
49.3,93.92,107.8,2,27,0,2,0
228.7,37.46,724.62,7,3,1,4,1
91.5,106.38,651.88,6,26,1,1,1
683.4,38.05,343.97,3,21,0,1,0
199.4,53.78,792.13,6,15,0,1,0
326.2,73.08,547.8,4,19,0,2,0
40.6,64.23,1068.18,9,7,1,2,1
371.5,36.04,330.17,4,57,1,2,1
475.9,70.62,77.23,3,84,0,2,0
135.2,86.07,141.82,1,60,1,4,0
182.8,29.5,294.52,3,54,1,1,0
275.5,74.28,357.98,4,27,1,1,0
49.6,52.74,204.53,4,14,0,1,0
140.7,30.78,217.9,2,7,0,1,0
106.5,68.83,447.95,3,57,1,1,0
43.5,91.84,188.71,3,2,0,1,0
97.5,40.28,123.95,1,7,0,1,0
27.7,70.96,231.38,4,17,0,1,0
19.7,45.56,83.41,1,8,0,1,0
41.1,81.44,381.82,8,29,0,1,0
609.0,101.87,173.32,2,43,1,1,1
158.5,66.67,398.55,5,79,1,2,0
622.7,85.57,25.06,1,8,1,1,1
117.0,94.52,278.54,4,11,1,1,0
82.3,40.1,112.62,4,42,0,1,0
142.0,45.06,314.33,4,9,1,3,1
119.2,72.04,442.27,3,16,0,2,0
35.1,115.18,174.26,3,46,1,2,0
199.3,26.35,435.17,5,16,1,1,1
58.8,76.71,258.48,7,6,1,2,0
189.0,109.68,280.12,7,11,1,2,1
204.1,51.74,331.06,5,3,1,2,0
44.7,57.14,502.0,6,37,1,2,0
26.4,56.33,222.37,2,2,1,1,0
288.2,54.4,79.37,1,29,1,2,0
125.8,35.32,115.85,5,99,0,3,0
25.8,53.0,165.67,3,65,1,1,0
963.9,36.05,139.32,6,3,0,3,1
25.7,82.25,139.33,1,42,1,1,0
228.8,18.69,118.87,5,39,0,4,0
755.8,92.38,79.34,3,12,0,1,1
64.2,100.7,235.1,4,4,0,1,0
42.6,63.87,511.01,5,64,1,1,0
38.3,141.83,199.6,3,27,1,1,0
80.0,73.75,84.01,3,40,1,1,0
34.2,68.69,386.14,3,21,1,1,0
227.1,18.06,555.14,5,9,0,2,0
26.6,104.41,357.64,5,10,1,1,0
143.2,32.85,216.0,2,26,1,2,0
1043.3,30.4,222.79,4,9,1,1,1
317.7,65.43,443.11,5,17,1,3,1
186.9,36.18,1479.13,11,3,1,1,1
80.8,51.31,135.99,4,178,1,2,0
191.0,109.14,0.0,0,999,0,1,0
149.8,132.31,612.56,5,6,1,1,1
114.9,40.28,573.53,4,5,1,1,0
40.2,52.59,86.79,1,22,0,3,0
406.8,184.79,501.65,9,1,1,2,1
122.5,131.6,0.0,0,999,1,1,0
54.0,95.63,722.23,7,96,1,2,0
97.5,36.12,76.61,2,57,1,1,0
111.2,40.73,328.58,5,88,0,3,0
331.4,95.05,228.87,2,4,1,2,1
253.1,16.4,283.76,3,16,1,1,0
279.0,105.32,112.63,4,27,0,1,0
17.0,120.69,253.77,3,42,0,2,0
111.9,48.0,352.59,4,17,0,1,0
133.2,133.56,555.52,5,13,1,2,0
18.5,75.64,42.77,2,12,1,1,0
69.2,27.62,378.46,5,52,0,2,0
272.1,61.91,1082.08,8,16,0,1,0
41.5,38.45,93.08,4,1,1,4,0
152.9,66.66,537.07,5,49,1,3,1
58.6,26.37,196.05,4,6,1,1,0
17.2,139.4,211.12,3,33,1,2,0
64.7,81.56,674.67,5,1,0,1,0
685.4,44.83,335.64,5,17,1,3,1
306.1,67.71,272.73,3,20,0,2,0
592.5,57.61,94.96,3,119,1,1,0
135.4,142.28,435.48,7,4,0,1,0
35.9,56.93,115.24,3,46,0,1,0
157.9,65.41,558.01,6,110,1,2,0
124.0,23.9,159.54,2,11,1,2,0
349.8,66.31,217.58,4,9,1,1,1
33.6,73.99,449.85,3,100,0,3,0
135.6,30.26,79.85,2,23,1,1,0
44.3,88.17,636.56,5,57,1,3,1
85.7,15.32,73.95,3,52,0,1,0
255.7,52.38,130.09,1,13,0,3,0
131.3,23.31,246.03,3,7,1,1,0
99.9,60.39,382.99,3,40,0,1,0
105.3,46.27,234.27,2,23,1,4,1
125.7,77.05,472.21,5,23,1,2,0
291.7,56.45,68.3,1,26,1,2,1
415.8,75.85,532.58,5,1,1,1,1
574.5,61.2,384.69,3,1,0,1,1
293.3,108.33,256.29,3,13,1,2,1
83.2,99.47,369.66,5,13,1,1,0
224.7,37.24,77.15,2,42,0,2,0
118.6,103.61,819.07,6,13,0,1,0
67.9,73.63,219.0,4,15,1,2,0
345.8,114.2,216.35,6,27,1,3,1
22.1,30.98,57.22,2,30,1,4,0
432.7,26.27,705.61,6,14,0,3,1
126.4,26.6,431.0,4,27,1,1,0
197.5,133.31,392.26,11,32,1,1,1
208.8,115.53,711.35,8,10,1,2,1
420.9,99.4,159.4,4,9,1,4,1
197.2,24.45,209.59,3,73,0,2,0
186.3,100.08,365.32,3,35,0,1,0
27.4,25.46,198.47,4,13,1,3,0
146.5,9.58,47.21,2,27,0,2,0
44.3,45.65,135.4,3,41,1,1,0
255.7,53.17,216.19,3,1,0,2,0
144.2,124.02,154.26,3,83,1,1,0
220.2,30.69,113.89,1,42,1,1,0
22.7,192.91,858.15,7,17,1,1,1
30.9,66.4,358.86,7,89,0,2,0
241.8,55.29,274.6,5,2,0,1,0
28.5,55.11,371.24,4,47,1,1,0
28.3,26.2,117.83,1,25,0,1,0
17.2,48.07,434.15,3,36,1,2,0
579.3,69.39,177.22,3,21,1,2,1
255.8,101.29,553.76,4,6,1,1,1
93.4,46.92,130.89,3,10,0,1,0
78.3,66.01,76.01,3,21,1,1,0
92.5,92.42,369.07,3,83,0,1,0
283.2,46.03,82.22,1,3,1,2,1
209.9,105.11,239.93,8,4,1,3,1
51.9,81.96,146.22,5,6,1,1,0
49.4,95.57,130.62,6,33,0,1,0
33.6,17.24,478.58,8,15,0,3,0
209.3,49.48,231.19,2,6,1,2,0
275.2,39.51,532.45,5,5,1,2,1
70.4,14.86,749.78,5,37,1,1,0
18.8,99.86,97.21,1,21,1,3,0
30.4,21.38,137.45,4,68,1,1,0
633.8,126.56,1030.44,7,17,1,3,1
78.0,57.47,550.43,5,36,0,1,0
278.9,77.47,205.87,3,53,0,3,0
191.4,40.24,260.55,5,101,0,1,0
101.6,104.68,97.76,2,67,1,2,0
56.5,56.22,288.62,2,50,0,1,0
38.3,80.03,372.62,5,18,1,3,0
186.8,111.25,333.14,4,134,0,4,0
283.2,86.39,515.14,4,11,0,1,0
200.9,46.26,581.21,4,36,1,2,1
151.0,56.41,20.57,1,5,0,1,0
22.7,97.39,1338.58,9,31,0,2,0
637.3,7.82,59.62,2,39,1,1,1
303.5,50.12,643.94,5,4,1,3,1
77.4,59.51,717.71,5,12,0,1,0
718.9,71.1,185.89,2,34,0,2,1
180.8,40.25,183.45,2,31,1,1,0
172.2,55.77,320.92,3,37,1,4,1
263.2,66.12,329.34,5,5,0,1,0
315.6,65.41,457.1,11,24,1,2,1
207.3,64.05,171.8,6,87,1,2,0
39.7,47.17,403.63,3,101,1,3,0
89.3,67.97,364.61,4,5,1,1,0
488.8,122.3,330.69,3,74,0,1,0
60.8,56.3,252.67,4,29,1,1,0
98.8,67.45,124.91,1,46,1,1,0
116.8,55.7,196.47,3,6,0,2,0
119.2,118.65,71.61,3,44,1,4,1
185.9,50.23,127.6,2,3,1,1,0
530.9,33.3,391.63,3,33,0,1,0
64.6,88.21,669.33,5,37,0,1,0
38.3,48.71,283.03,2,36,0,1,0
54.6,85.36,254.8,3,2,1,2,0
407.3,43.95,1010.5,7,16,1,1,1
201.8,28.7,254.68,3,45,0,3,0
75.6,57.42,200.05,5,53,0,1,0
319.7,22.82,170.53,2,18,1,3,0
370.7,70.18,265.84,2,6,0,2,1
352.3,94.72,732.84,6,23,1,2,1
467.2,161.25,229.28,3,35,0,1,0
67.3,42.79,333.41,7,84,1,3,0
268.2,36.8,191.09,2,38,1,2,1
126.1,93.42,705.3,5,57,0,1,0
347.1,89.63,86.15,2,11,0,3,0
249.7,93.02,892.61,7,59,1,1,1
284.7,162.68,156.61,4,32,1,3,1
207.2,59.59,558.19,4,27,1,2,0
50.2,181.87,440.49,4,11,1,1,0
156.8,47.7,205.16,6,8,0,2,0
767.0,38.73,277.89,6,26,1,1,1
513.7,36.51,843.0,6,73,0,1,1
22.9,35.1,687.87,8,9,1,1,0
47.4,167.2,394.77,5,11,0,2,0
40.4,115.06,137.88,5,98,0,1,0
248.0,158.58,185.55,6,1,0,1,0
321.5,16.63,329.74,3,22,0,1,0
58.2,25.34,726.01,6,25,1,1,0
141.9,48.84,530.84,4,37,0,2,0
345.7,44.33,341.46,4,8,0,1,0
252.6,67.64,313.57,5,28,0,1,0
155.7,60.48,405.27,4,4,1,4,1
175.6,30.23,502.27,5,11,0,3,0
142.8,41.36,73.52,3,1,1,2,0
78.6,50.57,426.13,3,20,1,3,0
164.8,27.32,517.66,5,7,1,2,1
225.2,54.67,62.52,3,4,0,3,0
386.9,28.5,579.01,4,14,0,1,0
197.1,53.71,719.22,5,3,1,1,0
272.7,33.13,428.91,3,36,0,1,0
46.4,99.86,406.67,3,8,0,1,0
126.4,75.52,132.01,3,41,0,1,0
16.7,74.41,735.16,5,61,0,1,0
66.0,88.77,238.1,2,45,1,2,0
248.3,77.9,516.49,5,48,0,1,0
879.9,100.22,142.55,1,34,0,1,1
33.8,64.23,208.62,3,16,0,1,0
107.4,88.03,423.23,3,15,1,1,0
304.8,73.07,394.96,4,28,1,2,1
56.1,72.76,381.23,4,10,1,2,1
160.8,21.83,415.89,4,14,1,3,1
252.7,30.64,472.16,4,6,1,2,1
187.3,68.06,389.2,5,50,1,1,0
52.5,36.64,884.87,6,44,0,1,0
94.0,56.33,157.54,5,23,0,1,0
290.7,42.33,1110.38,8,16,1,3,1
160.4,43.35,210.93,2,40,0,2,0
15.9,60.28,276.58,2,3,1,1,0
272.6,49.72,67.94,1,2,1,2,1
21.5,125.22,255.54,2,40,0,3,0
261.5,23.28,300.24,3,27,0,1,0
55.7,81.5,384.13,3,44,0,2,0
585.9,90.94,124.51,2,11,1,2,1
97.6,130.18,1113.99,8,4,1,1,1
86.3,61.15,840.91,6,19,1,4,1
44.0,85.72,81.73,1,19,0,3,0
80.6,124.3,288.16,4,47,1,1,0
391.7,40.24,189.55,2,5,1,1,1
1024.6,33.25,322.17,7,96,1,3,1
97.7,62.83,422.54,5,2,0,3,0
122.2,51.25,409.76,3,13,1,3,1
245.5,86.74,134.95,2,40,1,4,1
406.2,24.22,347.06,3,42,1,1,0
176.8,119.64,404.02,4,28,1,1,0
104.4,68.4,161.94,3,3,1,1,0
110.8,50.33,267.39,3,64,1,3,0
229.1,58.86,785.02,6,34,1,2,1
15.6,103.6,368.56,4,47,1,3,0
189.0,78.77,663.54,6,17,0,1,0
94.1,58.17,362.4,3,10,0,2,0
299.6,52.03,184.95,7,42,0,1,0
32.6,53.47,106.65,4,56,1,2,0
174.7,84.63,209.67,6,55,1,1,0
133.0,49.49,41.19,1,42,1,1,0
200.1,80.88,627.44,5,5,0,3,1
27.1,33.9,459.76,6,9,0,1,0
171.1,37.51,440.84,10,23,1,1,1
163.4,57.78,356.54,4,24,1,1,0
163.0,51.78,1073.11,9,23,1,1,1
181.5,38.89,114.62,3,58,0,2,0
218.1,28.35,453.41,7,5,1,1,1
309.2,35.47,90.54,2,52,1,1,0
71.6,136.61,520.14,5,1,1,1,0
328.8,38.81,113.37,3,13,1,2,0
139.1,60.44,486.17,4,8,1,2,0
29.4,38.8,329.12,7,25,1,3,1
25.9,48.78,82.85,3,25,1,2,0
88.2,96.42,1107.3,8,24,1,1,1
291.6,51.07,189.95,3,12,1,3,1
236.4,47.53,85.36,1,25,0,1,0
294.7,40.22,132.52,4,41,0,2,0
146.1,49.87,329.32,4,17,1,2,0
119.4,72.99,146.8,3,87,0,1,0
43.7,17.89,517.0,4,3,1,1,0
86.6,25.76,451.15,4,143,1,1,0
117.5,74.01,424.92,4,48,0,2,0
31.7,59.84,243.13,2,30,1,3,1
59.9,41.51,116.37,2,8,0,1,0
179.1,76.46,236.92,3,33,1,2,1
254.5,46.09,31.25,1,54,1,1,0
1168.0,95.58,86.44,3,10,0,1,1
501.9,40.46,251.13,4,2,1,2,1
200.2,33.39,634.78,5,20,0,1,0
113.4,207.82,390.79,4,12,0,1,0
197.0,84.83,451.12,6,12,1,3,1
292.2,36.2,291.42,2,43,0,1,0
37.7,46.3,154.96,2,6,0,2,0
109.9,40.58,242.86,3,35,0,1,0
344.6,20.44,745.14,5,3,0,2,0
102.2,48.04,111.23,3,83,1,1,0
167.7,63.45,372.61,7,29,1,2,1
174.5,121.67,394.65,5,88,1,2,1
51.7,54.71,282.8,3,67,1,1,0
96.0,43.81,274.76,7,67,0,3,0
88.3,130.28,313.73,5,5,0,1,0
19.8,114.7,97.27,2,40,0,2,0
19.4,63.22,782.92,6,17,1,2,0
335.8,59.73,514.0,4,21,1,1,0
72.4,72.51,307.07,6,11,0,1,0
146.4,40.15,153.08,2,5,1,1,0
78.9,58.31,628.28,6,13,0,1,0
523.5,39.21,105.04,4,27,0,1,0
69.0,116.86,809.21,6,18,1,1,1
116.1,34.4,172.87,2,40,0,3,0
386.1,66.08,247.25,5,60,1,1,1
347.1,67.94,357.89,5,8,1,2,1
52.1,122.34,548.87,4,2,1,1,0
307.1,43.49,162.55,7,155,0,1,0
125.3,38.23,115.69,3,71,0,1,0
133.7,82.2,225.28,5,11,0,4,0
40.8,76.15,166.89,6,6,1,2,0
30.1,160.7,344.98,7,100,0,1,0
249.3,63.88,252.46,2,9,0,1,0
138.5,115.52,0.0,0,999,0,1,0
118.4,108.37,394.83,4,4,1,3,1
250.4,38.11,120.8,3,12,1,1,0
276.1,22.35,224.72,4,61,1,1,0
46.1,48.55,557.09,4,28,0,1,0
184.6,93.5,236.79,5,4,1,1,0
41.2,123.48,137.88,1,113,1,1,0
265.5,7.15,637.31,6,26,1,2,1
207.6,34.25,256.08,3,18,0,1,0
579.8,72.51,42.61,1,51,0,2,1
27.9,84.2,322.7,3,27,0,2,0
25.6,31.19,135.23,1,75,1,3,0
74.7,39.13,244.63,6,40,1,3,0
69.6,19.49,62.41,3,37,1,1,0
66.1,139.05,464.83,4,14,1,3,0
441.1,66.34,784.48,8,151,1,4,1
66.7,38.83,427.01,5,35,0,3,0
72.1,111.18,475.72,6,20,0,1,0
271.4,66.31,254.06,3,6,0,1,0
122.5,122.24,206.09,3,27,1,1,0
284.9,132.09,61.41,2,37,1,2,0
27.2,31.25,362.53,3,16,0,1,0
135.3,114.99,323.27,4,3,0,1,0
21.2,112.58,127.24,1,53,1,1,0
26.6,76.59,886.13,6,35,1,1,0
441.4,80.12,169.31,4,38,1,2,1
42.0,63.64,246.31,2,10,1,2,0
151.8,27.6,735.39,5,5,0,1,0
110.3,26.22,799.24,7,20,1,4,1
91.8,142.29,155.93,3,10,0,1,0
429.2,66.25,0.0,0,999,1,4,0
19.0,50.55,123.12,1,25,1,1,0
211.2,82.96,156.82,2,5,0,3,0
610.4,37.9,188.87,2,8,0,3,1
162.8,45.14,796.95,7,72,0,1,0
512.1,59.97,36.19,1,33,1,2,0
24.7,41.7,562.03,4,17,1,2,0
112.7,78.3,445.1,3,42,0,3,0
69.2,54.5,314.85,5,55,0,2,0
251.2,77.98,0.0,0,999,1,1,0
731.2,82.28,373.85,5,61,1,1,1
68.4,109.61,47.21,2,97,0,1,0
206.1,48.62,289.27,2,4,0,1,0
54.7,30.79,115.51,3,13,0,4,0
165.0,198.37,118.97,4,7,0,1,0
127.2,122.22,386.5,3,19,1,2,1
658.6,18.5,97.61,4,9,0,1,0
183.8,215.19,656.55,6,15,1,2,1
92.4,40.22,563.64,4,10,1,1,0
36.8,54.85,364.02,5,1,0,2,0
44.5,27.8,144.43,5,1,0,1,0
61.0,62.99,338.65,7,24,1,4,1
67.0,41.51,716.41,5,24,0,1,0
357.2,28.4,322.0,4,2,1,2,1
163.3,24.37,361.51,4,40,0,1,0
148.4,36.02,241.73,6,1,0,1,0
36.9,87.42,557.37,4,22,1,2,0
369.1,78.71,261.68,3,17,0,1,0
246.0,31.94,532.51,6,71,1,1,0
27.6,47.3,664.2,7,29,1,3,1
236.5,99.66,598.79,5,57,1,1,0
156.2,48.4,324.69,7,211,0,2,0
30.3,124.05,427.51,3,7,1,1,0
125.3,185.29,128.41,3,3,0,2,0
134.3,36.28,228.32,5,49,0,1,0
47.6,39.21,64.84,3,33,1,1,0
539.4,134.84,157.91,7,34,0,2,0
356.5,47.89,303.0,4,13,1,2,1
214.0,103.67,175.15,4,4,1,3,1
126.7,66.05,190.19,4,42,1,2,0
110.5,51.81,742.15,5,26,1,3,0
204.5,84.79,281.62,2,23,0,2,0
156.9,135.87,123.84,2,44,0,4,0
26.6,113.29,323.05,5,147,1,2,0
144.3,56.81,289.86,5,45,0,2,0
310.6,67.18,269.38,2,90,0,1,0
125.7,104.15,98.33,3,17,1,1,0
24.6,69.6,671.52,7,75,0,1,0
292.8,147.39,176.88,4,43,1,1,1
55.5,12.57,237.12,2,16,0,1,0
68.9,37.54,306.23,3,24,1,1,0
47.4,80.76,492.94,7,8,0,1,0
87.1,44.28,98.26,3,3,1,1,0
269.5,138.43,958.11,8,21,1,2,1
146.9,39.18,90.04,3,164,1,1,0
56.3,62.99,222.35,4,68,1,1,0
393.4,35.9,317.84,6,1,1,4,1
396.0,55.65,95.21,1,115,0,1,0
383.0,17.83,260.36,3,21,1,1,0
64.1,23.57,112.73,2,7,0,3,0
123.0,179.43,455.69,6,81,0,1,0
770.8,59.78,153.46,2,85,0,2,1
281.1,46.81,567.38,6,62,1,3,1
20.0,27.85,683.86,5,32,1,2,0
27.1,31.01,76.9,2,9,1,3,0
127.2,167.42,92.5,1,10,1,2,0
446.9,62.09,44.78,2,111,0,2,0
154.3,111.36,332.31,3,11,1,2,0
139.0,7.65,619.51,6,19,1,1,0
35.1,40.73,220.44,2,46,1,1,0
207.5,153.35,408.71,5,57,1,3,1
325.8,42.68,221.46,5,18,0,3,0
101.2,29.77,313.0,4,17,1,1,0
284.0,76.53,46.14,2,15,1,2,0
615.8,21.31,0.0,0,999,0,1,0
56.0,18.15,387.04,3,47,1,1,0
148.4,138.56,320.08,5,3,0,2,0
75.9,35.77,193.86,2,53,0,2,0
298.4,85.45,323.67,6,8,0,1,0
170.1,171.28,149.79,4,6,0,2,0
196.2,60.8,350.88,4,5,1,1,0
302.8,83.7,197.19,8,9,1,3,1
105.7,18.0,550.33,4,59,0,2,0
458.9,33.61,968.27,8,26,1,2,1
152.1,152.03,1048.11,7,11,0,1,0
45.9,47.0,596.46,4,7,1,1,0
229.3,24.02,459.07,4,49,0,1,0
298.7,81.07,483.88,4,24,0,2,0
83.6,125.96,265.96,3,5,1,2,1
365.3,42.77,290.46,6,16,1,1,0
440.9,81.2,250.19,2,20,1,2,1
73.4,101.45,165.18,3,15,0,1,0
754.0,52.38,417.99,4,11,0,1,0
42.3,47.59,690.08,6,14,0,3,0
55.6,167.5,373.43,4,45,1,1,0
51.7,25.43,318.46,3,101,1,1,0
419.0,64.28,58.08,1,1,0,2,1
206.2,55.27,356.6,3,33,1,1,1
44.7,55.01,570.65,4,3,1,3,0
119.5,98.07,331.68,4,8,1,1,1
187.0,84.81,71.45,2,26,0,3,0
30.7,70.96,502.82,5,52,0,1,0
400.3,18.23,386.3,6,19,1,3,1
308.0,31.73,297.93,4,70,0,1,0
141.7,50.09,158.85,4,42,0,3,0
629.7,62.74,304.06,3,8,1,4,1
112.4,150.91,367.03,3,39,1,3,1
760.6,61.72,239.27,2,13,1,3,1
213.4,95.19,447.61,3,48,1,2,0
196.3,56.63,190.34,4,9,1,3,0
47.7,90.49,416.52,3,6,0,1,0
399.6,59.44,576.2,5,34,0,1,0
115.4,28.29,783.81,7,32,1,1,0
46.9,83.39,544.44,5,28,1,2,0
17.3,78.24,89.99,1,10,1,1,0
162.7,21.73,138.45,2,8,1,3,1
149.9,56.63,0.0,0,999,0,1,0
243.7,56.28,79.28,2,25,0,3,0
412.7,39.63,214.39,5,18,1,1,0
29.9,27.19,110.86,5,57,0,1,0
251.7,68.15,116.12,1,2,1,2,0
52.4,142.22,272.44,2,38,1,1,0
366.6,88.21,132.56,3,6,1,2,1
322.7,19.79,24.47,1,9,1,3,0
155.1,135.58,155.2,3,34,1,1,1
238.0,123.89,134.88,1,11,0,3,0
82.9,41.3,110.52,5,50,1,3,0
129.7,20.74,198.9,6,24,0,1,0
325.3,42.4,162.74,7,13,0,2,0
125.7,44.43,142.61,1,66,1,1,0
94.7,21.88,112.85,3,33,1,3,0
137.7,67.47,685.27,5,18,0,1,0
332.1,34.5,326.19,4,20,1,1,0
88.5,24.94,213.99,3,11,1,2,0
49.4,49.37,301.79,4,4,0,1,0
239.1,139.77,0.0,0,999,0,2,0
329.7,98.95,257.7,4,11,0,1,1
34.1,76.17,752.42,6,14,1,1,1
64.4,41.45,602.28,7,21,1,1,0
42.6,22.01,595.31,4,3,1,1,0
92.0,27.56,261.93,3,4,1,2,0
122.7,95.39,884.81,7,43,1,2,1
263.7,34.3,116.86,1,7,0,2,0
204.6,63.82,505.0,7,14,1,2,1
189.6,76.72,367.57,3,34,1,2,0
93.2,18.99,80.29,2,124,0,2,0
346.5,58.35,232.17,5,5,1,2,1
129.7,72.82,502.27,5,47,1,3,1
711.3,161.63,337.51,3,23,1,1,1
196.0,63.1,103.7,1,4,1,3,1
39.3,92.63,172.46,2,7,0,1,0
218.0,42.01,378.89,10,39,0,1,0
85.8,106.76,205.38,3,70,1,3,0
223.7,23.85,394.54,4,1,1,2,1
28.0,78.3,197.56,4,9,0,1,0
49.6,64.97,102.92,1,15,0,1,0
363.5,118.34,201.83,4,148,0,3,0
61.4,76.91,163.61,5,35,1,1,0
341.6,50.89,435.15,7,15,0,1,0
73.9,106.48,332.75,6,8,1,1,0
200.3,76.2,125.36,1,9,0,2,0
228.2,29.74,248.61,3,2,1,4,1
144.4,53.05,56.65,2,172,0,1,0
80.6,27.34,252.05,2,133,0,1,0
58.0,72.53,164.79,3,1,1,1,0
21.1,77.57,750.59,8,11,0,1,0
80.2,147.19,180.8,2,1,1,4,1
205.6,52.34,585.23,4,12,0,1,0
516.4,47.08,106.28,2,77,0,1,0
383.9,20.19,38.87,1,69,1,1,0
276.5,52.31,267.98,5,38,0,2,0
294.6,48.69,664.58,7,143,1,1,0
211.8,62.29,144.84,3,45,1,2,0
69.3,47.8,321.31,5,10,0,1,0
442.9,47.86,316.64,3,60,0,1,0
215.0,62.18,140.57,4,24,1,2,1
163.0,54.85,285.78,2,24,1,1,0
36.2,47.28,446.03,5,59,0,2,0
121.6,46.97,82.87,1,26,1,4,0
126.0,173.56,268.78,4,14,0,1,0
374.9,46.12,311.62,6,87,1,1,1
157.4,50.57,165.68,2,3,0,2,0
101.2,17.46,416.08,5,36,0,1,0
692.5,107.0,54.59,2,51,1,3,1
36.1,11.22,130.16,1,2,0,1,0
113.8,30.58,633.5,5,9,0,3,0
22.7,81.72,312.86,4,9,1,1,0
257.4,16.16,318.89,5,73,1,4,1
465.4,37.55,509.17,6,35,1,1,1
74.1,57.23,195.15,4,9,1,2,0
366.8,54.35,60.33,3,79,0,1,0
77.2,36.82,132.12,2,10,1,1,0
450.0,92.93,89.36,4,36,0,4,1
267.4,96.38,227.62,9,20,0,3,0
309.2,83.17,190.65,8,4,1,2,1
18.3,42.85,940.85,7,46,1,3,1
607.5,64.25,116.01,3,14,1,2,1
248.5,39.63,53.06,1,15,1,1,0
80.4,207.7,418.67,5,8,0,3,0
333.3,71.03,355.24,4,54,1,1,1
74.5,43.01,143.48,4,6,1,3,0
386.1,185.29,414.71,3,9,1,2,1
36.5,46.48,300.24,6,18,1,2,1
233.9,69.36,712.68,5,6,1,2,1
155.0,93.84,106.79,2,4,1,2,1
33.3,40.73,40.67,2,25,0,1,0
64.8,38.83,292.68,2,101,1,3,0
17.2,104.08,497.3,6,54,1,3,1
128.9,93.78,671.19,5,7,0,2,0
79.5,93.61,230.93,2,30,1,1,0
179.2,77.9,129.82,3,52,1,2,0
78.5,172.52,389.65,3,6,1,1,0
79.2,60.8,79.92,3,3,0,1,0
259.7,34.13,257.95,3,73,0,3,0
23.9,25.9,265.17,5,10,1,2,0
434.8,45.67,201.02,3,23,0,3,1
359.2,6.81,473.65,4,8,1,2,1
213.4,127.78,544.2,5,2,0,1,0
176.9,75.11,463.27,6,24,1,1,1
416.1,33.93,181.79,7,19,0,3,0
51.9,108.62,151.13,6,43,1,1,0
29.8,25.87,890.29,8,64,0,1,0
64.3,30.29,716.74,5,6,0,1,0
299.9,62.08,520.58,4,7,1,1,1
21.4,138.17,179.42,5,99,1,1,0
172.4,74.61,71.52,2,18,0,2,0
985.2,8.14,794.95,8,101,1,3,1
363.5,30.83,421.96,4,14,0,2,0
147.7,34.44,400.57,4,15,0,1,0
26.8,67.0,270.2,2,41,1,1,0
335.4,22.07,350.21,7,4,1,1,1
179.5,23.5,296.79,7,18,0,1,0
37.0,49.36,416.53,3,16,1,2,1
32.7,86.43,341.64,3,2,1,1,0
447.7,90.25,337.57,3,13,1,2,1
214.1,62.06,254.4,4,17,0,2,0
333.2,98.92,203.25,2,2,0,4,1
395.1,217.26,228.94,2,1,1,1,1
167.7,149.77,0.0,0,999,1,1,0
146.2,42.12,462.83,4,8,0,1,0
116.3,21.39,483.53,5,15,1,3,1
83.6,45.55,738.32,5,3,1,2,0
117.6,31.26,335.84,4,4,0,4,0
282.6,77.53,86.48,4,6,1,1,1
180.8,26.29,247.41,6,1,1,1,0
416.5,55.55,581.36,4,48,1,2,1
120.5,31.27,486.23,6,78,1,1,0
183.2,47.98,249.67,7,25,0,3,0
194.6,57.65,201.28,5,56,0,1,0
176.2,84.88,47.53,2,5,1,2,0
233.3,57.87,148.27,3,20,0,1,0
63.8,39.64,1186.11,8,6,0,1,0
144.3,93.62,125.49,2,176,0,2,0
34.8,59.87,262.66,5,2,1,2,0
102.4,42.16,533.95,5,20,0,3,0
135.4,86.21,107.65,1,4,0,1,0
205.1,67.38,437.46,3,3,0,3,0
556.2,81.87,689.09,6,44,1,1,1
180.2,113.9,171.48,5,3,1,1,0
260.0,27.37,740.64,5,1,0,1,0
142.0,208.47,235.06,2,99,1,1,0
196.0,76.64,107.4,2,7,0,1,0
28.2,26.43,323.73,6,62,0,1,0
67.8,122.82,289.6,2,101,0,1,0
95.9,36.93,225.21,5,46,0,3,0
130.1,151.37,148.76,3,4,1,2,1
23.4,28.55,133.32,2,7,1,1,0
42.2,55.64,433.33,4,7,0,1,0
73.3,94.77,303.46,4,35,1,4,1
655.6,87.03,181.39,3,7,1,2,1
87.4,72.19,164.37,3,1,0,2,0
133.4,105.9,181.31,5,21,1,4,1
54.3,43.86,546.08,6,30,1,2,1
184.8,109.57,222.17,4,21,0,1,0
74.3,38.32,315.46,5,23,1,1,0
56.7,141.61,63.04,3,21,0,1,0
145.8,40.59,267.18,3,11,0,1,0
16.0,23.54,442.14,4,103,1,1,0
16.4,87.92,562.32,4,60,0,1,0
59.5,65.34,136.88,3,13,0,2,0
21.7,72.95,697.59,5,2,0,1,0
35.6,47.69,267.79,4,65,0,2,0
89.5,79.56,248.62,2,45,1,1,0
307.0,134.11,682.92,5,3,1,1,1
167.8,70.72,724.89,5,40,1,3,1
144.4,20.54,186.92,3,20,0,1,0
77.5,58.77,161.58,3,5,1,2,0
498.2,77.02,154.29,2,43,1,2,1
106.1,147.24,184.21,2,15,0,1,0
31.4,90.52,658.71,6,80,1,1,0
187.8,34.56,329.83,3,2,1,1,0
36.8,57.07,210.99,6,91,0,1,0
91.2,93.77,497.68,5,4,0,1,0
142.5,80.67,167.29,4,2,0,2,0
388.2,83.82,674.87,6,29,1,2,1
137.5,23.83,734.78,5,31,0,1,0
233.1,87.35,360.65,3,8,1,3,1
903.5,68.01,330.95,3,69,0,3,1
40.4,89.68,120.29,4,54,0,1,0
72.8,65.36,88.0,2,11,0,2,0
105.3,53.84,66.18,1,20,0,1,0
113.6,111.27,565.41,4,51,1,2,0
110.3,78.09,441.11,7,59,1,1,0
443.7,26.56,628.95,5,53,1,2,1
240.3,63.36,66.98,2,11,0,2,0
183.5,47.99,530.3,5,48,0,1,0
81.6,44.05,485.14,4,33,0,2,0
327.5,79.85,271.74,3,25,0,1,0
573.4,65.65,718.14,6,109,1,1,1
324.9,78.91,342.23,3,30,0,2,0
15.3,101.94,328.03,4,67,0,3,0
197.1,56.3,530.07,4,46,1,1,0
24.4,99.43,257.65,4,2,1,2,0
68.6,39.74,376.52,5,11,0,2,0
26.0,114.81,90.18,1,31,0,3,0
181.6,42.09,110.97,3,19,0,3,0
223.8,29.14,347.97,4,103,1,3,0
36.9,73.91,248.54,4,29,0,3,0
102.2,57.6,266.83,5,87,1,1,0
124.7,61.95,379.95,4,8,0,1,0
97.9,26.79,314.24,5,75,1,2,0
38.2,27.75,656.08,5,26,0,3,0
112.7,47.2,219.89,3,8,1,1,0
265.4,89.27,442.17,6,17,1,1,0
28.3,48.5,147.65,1,114,0,1,0
30.0,28.12,386.39,6,106,1,3,1
93.9,115.11,74.19,2,1,0,2,0
526.7,27.44,267.91,2,13,0,2,0
213.8,63.16,974.47,7,76,0,1,0
219.4,89.61,346.07,7,2,0,2,1
95.9,45.28,538.68,4,104,1,1,0
177.1,89.48,337.17,4,17,1,1,0
16.8,139.13,76.94,3,5,1,3,0
197.0,87.38,365.39,4,12,1,2,0
455.1,56.42,391.02,3,55,1,2,1
185.7,62.18,429.39,6,213,1,3,1
387.4,13.48,458.15,5,5,0,1,0
246.7,41.55,76.56,2,34,1,1,0
38.1,14.01,388.46,3,86,0,3,0
433.9,33.01,372.85,11,76,0,1,0
27.4,59.19,225.93,7,16,1,3,0
152.4,71.1,424.09,3,66,0,2,0
42.6,80.35,133.55,1,7,0,2,0
17.1,165.16,663.14,7,33,1,1,1
113.7,21.78,101.4,3,30,0,1,0
77.9,32.15,363.91,4,51,1,1,0
134.8,69.34,419.01,3,9,1,3,1
170.0,94.26,298.82,3,33,1,1,0
23.1,38.37,274.63,6,31,0,2,0
38.6,65.82,275.52,2,3,1,1,0
162.2,72.28,662.55,5,14,1,3,1
90.7,147.41,273.17,3,8,1,3,1
250.1,23.85,784.75,6,257,1,1,1
205.2,78.89,81.98,3,154,1,1,0
351.3,95.96,239.86,3,10,0,1,0
227.3,83.8,215.76,5,55,0,2,0
116.2,122.37,257.76,2,56,0,3,0
216.2,28.19,877.53,6,91,1,1,1
73.0,12.21,704.95,5,5,1,1,0
80.8,118.25,256.31,3,37,1,1,0
295.0,46.64,605.01,7,8,0,2,1
121.4,56.55,690.35,5,36,1,1,0
303.2,61.1,341.48,3,68,1,2,0
326.1,63.98,118.79,4,3,1,2,0
365.8,101.82,220.11,6,34,1,3,1
462.2,77.29,287.45,2,26,0,2,0
116.5,22.98,202.7,3,7,0,1,0
84.1,55.85,177.43,4,9,0,2,0
172.1,71.38,115.62,1,25,0,3,0
98.5,81.72,671.8,5,65,0,2,0
180.4,53.61,281.11,6,37,1,1,0
235.1,41.29,263.43,5,1,0,1,0
224.9,105.2,684.96,5,5,0,4,1
99.5,45.96,65.14,3,71,0,2,0
47.9,86.74,690.17,5,35,0,3,0
116.3,100.59,50.21,2,1,1,3,0
42.7,68.92,226.82,7,30,1,1,0
412.5,38.25,924.67,7,7,1,3,1
91.4,77.6,261.47,5,83,0,1,0
45.2,49.95,49.21,1,5,1,1,0
19.6,201.42,389.21,3,3,0,1,0
201.8,97.17,452.43,5,34,0,1,0
197.4,95.09,196.74,3,52,0,1,0
90.0,115.01,225.7,2,11,1,2,0
28.4,14.46,751.6,6,12,1,1,0
109.9,55.95,792.96,6,15,1,2,1
82.1,111.26,213.09,6,48,0,2,0
218.5,41.3,478.65,5,10,1,1,0
182.6,20.48,540.84,5,4,1,3,1
96.6,64.73,140.57,4,13,1,1,0
59.2,32.68,198.63,2,112,1,1,0
811.7,35.42,72.46,3,19,1,1,1
123.9,53.46,322.02,5,27,1,2,0
224.8,26.15,84.72,2,48,1,1,0
42.3,51.61,371.83,4,27,1,2,0
134.7,69.65,224.21,5,36,0,1,0
20.0,175.56,612.94,5,70,0,4,0
141.7,43.62,143.0,4,16,0,2,0
613.4,54.19,1066.66,9,4,1,3,1
102.3,84.7,164.29,5,4,0,2,0
22.2,47.84,232.53,3,51,0,2,0
20.7,39.61,332.43,3,35,0,4,0
103.4,112.09,122.97,3,28,0,1,0
46.4,142.09,589.02,5,88,0,2,0
19.3,47.45,431.83,3,33,1,1,0
269.1,38.96,548.34,8,2,0,4,1
125.4,35.27,120.14,6,21,0,2,0
76.5,86.49,163.98,2,8,0,1,0
429.6,122.17,274.63,2,32,1,1,0
37.2,75.48,319.35,3,7,0,3,0
576.9,88.34,557.14,5,34,1,1,1
82.8,107.26,492.08,4,71,0,1,0
409.7,144.36,414.2,3,3,0,2,1
181.3,77.07,108.67,3,10,1,4,1
330.5,46.13,0.0,0,999,1,1,0
759.5,91.88,949.66,7,41,1,2,1
76.2,114.56,362.6,3,30,0,1,0
599.6,50.63,104.72,2,5,0,1,0
103.8,14.1,802.19,6,10,0,2,0
102.7,45.33,116.47,2,79,1,1,0
89.9,25.99,220.25,3,57,1,1,0
155.3,9.93,353.07,8,99,0,2,0
45.1,46.79,540.32,4,18,0,2,0
160.2,56.57,32.09,1,20,1,2,0
155.4,80.02,1044.64,7,10,1,1,1
273.3,87.79,250.91,4,25,0,2,0
337.9,48.71,337.22,3,59,1,3,1
119.5,83.07,220.41,6,10,0,3,0
79.8,79.24,500.53,6,5,1,1,0
69.0,78.45,75.65,3,46,1,1,0
54.0,36.54,805.15,6,39,0,1,0
25.7,92.64,468.21,6,59,0,3,0
90.5,67.18,932.46,8,46,0,1,0
71.7,57.53,545.15,4,18,0,1,0
625.9,38.66,144.59,5,6,1,3,1
161.8,47.91,432.44,5,42,1,2,0
91.8,100.8,178.56,4,70,1,1,0
171.4,82.84,86.91,3,6,1,2,0
42.0,41.17,504.32,5,25,1,1,0
120.7,64.83,139.33,4,14,1,3,0
192.1,80.68,335.81,4,25,1,4,1
135.8,42.98,228.0,5,2,1,3,0
107.5,91.72,91.41,2,15,1,2,0
931.4,17.78,351.96,4,22,1,1,1
397.1,91.24,461.0,5,6,1,2,1
190.8,87.75,102.26,5,18,1,1,0
166.7,70.76,340.4,4,7,1,1,0
189.5,52.28,214.14,2,8,1,1,0
55.5,33.65,1190.27,11,125,1,3,1
105.5,61.47,913.39,7,31,1,3,1
22.2,77.7,681.95,5,17,1,1,0
131.2,92.87,403.89,4,25,1,4,1
156.0,37.72,413.19,5,16,1,1,0
61.5,46.94,232.67,5,31,1,3,1
613.5,47.95,145.92,4,1,0,2,0
447.3,22.14,198.37,2,9,1,1,1
245.5,118.12,1287.5,9,148,0,4,1
152.2,124.67,280.84,5,4,1,2,1
382.2,35.35,230.5,7,3,1,3,1
40.2,154.95,225.31,3,23,1,1,0
296.4,53.3,80.25,4,12,0,1,0
39.0,92.07,459.82,5,26,1,1,0
299.6,88.73,105.73,4,107,0,4,0
73.1,11.19,423.08,3,5,0,2,0
392.3,63.08,532.37,4,20,0,3,0
534.0,33.85,139.75,4,47,0,2,0
44.0,15.42,156.39,4,6,1,1,0
126.8,68.53,575.79,4,41,0,1,0
728.3,84.57,251.52,2,17,0,1,0
133.9,41.64,427.39,3,32,1,3,1
373.5,65.79,317.43,5,25,1,1,0
174.9,121.49,0.0,0,999,1,2,0
99.7,53.14,500.0,5,22,1,2,1
75.6,25.51,437.02,3,6,0,1,0
55.9,97.61,110.69,3,19,1,1,0
273.2,48.2,758.74,6,46,1,2,1
103.0,39.75,267.0,4,75,1,1,0
143.9,50.82,70.03,2,33,0,2,0
137.0,49.72,159.35,2,58,1,2,0
170.0,18.9,83.54,1,24,0,2,0
376.2,72.14,63.54,3,8,0,1,0
725.9,71.36,245.04,3,43,0,1,0
109.2,51.71,520.86,5,40,0,2,0
331.3,68.1,477.62,4,1,1,1,1
275.3,87.9,32.81,1,22,1,2,0
168.4,70.75,133.95,1,91,1,3,0
577.4,38.68,209.03,5,137,0,2,1
55.3,33.43,316.73,3,21,0,1,0
35.8,168.2,91.84,1,43,0,1,0
361.3,71.81,403.2,3,1,0,1,0
119.1,55.21,150.14,6,11,0,2,0
352.9,81.99,314.32,7,43,1,1,1
417.4,41.91,143.42,4,35,0,3,0
26.6,98.15,563.23,9,36,1,2,1
401.9,48.6,448.35,7,40,1,2,1
122.1,16.35,157.6,5,19,0,2,0
143.6,57.41,434.31,5,92,1,1,0
192.3,30.84,0.0,0,999,0,3,0
484.6,53.43,89.0,3,77,1,1,1
18.5,49.18,48.62,2,3,1,1,0
131.6,76.22,0.0,0,999,0,1,0
224.5,136.98,143.15,2,12,0,1,0
245.9,92.6,113.76,2,36,1,1,0
227.3,71.7,248.09,3,2,0,1,0
41.0,65.08,162.0,4,3,1,1,0
79.0,73.14,218.4,3,2,1,1,0
95.0,127.23,179.08,4,22,1,1,0
308.7,81.29,59.57,1,18,0,1,0
73.8,16.54,840.89,6,13,0,1,0
57.6,31.87,117.99,3,20,1,1,0
583.3,108.12,244.8,3,13,0,4,1
16.6,70.69,105.91,1,68,0,1,0
1118.2,125.8,836.04,6,28,0,3,1
218.3,89.25,419.97,3,13,0,1,0
332.3,63.84,208.57,4,20,0,2,0
77.8,63.18,1140.88,8,67,1,2,1
17.6,41.55,378.48,6,18,1,1,0
256.0,52.65,409.02,3,19,0,1,0
338.4,26.76,96.35,3,14,1,1,0
257.8,35.78,183.14,4,10,0,1,0
42.7,30.53,121.08,4,21,1,1,0
267.0,58.98,294.37,5,44,1,2,1
278.7,44.44,668.0,5,16,1,2,1
208.4,20.19,122.12,3,9,0,3,0
276.5,82.13,98.46,2,36,1,1,0
351.7,47.15,240.52,5,55,1,2,0
186.2,96.24,111.42,2,1,0,1,0
31.7,79.08,224.29,10,33,0,3,0
135.4,179.58,300.4,4,76,0,2,0
29.5,59.28,1028.43,7,4,1,3,1
109.2,42.06,469.51,6,76,0,1,0
109.1,35.43,502.94,4,5,0,1,0
27.3,86.94,471.43,5,189,0,1,0
92.2,91.82,109.67,5,24,0,2,0
36.2,59.92,192.23,2,43,1,4,0
312.3,69.73,429.14,3,3,0,1,0
546.1,109.88,183.91,2,4,0,2,1
28.5,89.38,531.79,6,109,0,1,0
573.7,72.0,107.13,1,147,0,1,0
148.1,27.52,932.51,7,11,1,3,1
79.1,36.41,280.25,3,14,1,2,0
29.4,48.11,145.67,2,1,0,3,0
140.0,49.94,74.46,3,103,1,2,0
299.8,38.57,68.88,2,82,0,3,0
236.0,35.78,417.34,4,5,1,2,0
24.3,51.18,502.31,5,15,0,2,0
28.6,65.57,204.29,4,112,1,2,0
107.8,80.1,340.38,3,5,1,2,0
78.0,19.18,338.14,6,68,1,3,0
62.6,44.69,417.53,7,8,1,1,0
74.4,20.67,27.98,1,3,1,1,0
307.9,59.46,549.22,6,6,1,2,1
491.7,58.88,172.2,3,41,1,2,0
108.5,56.01,505.85,4,5,1,1,0
440.8,51.03,745.14,6,1,1,1,1
84.8,45.22,146.79,4,50,0,1,0
131.5,56.15,163.2,4,35,1,2,0
61.1,81.26,246.92,4,70,1,2,0
199.1,47.28,1050.62,11,29,1,1,1
710.2,28.56,258.11,4,2,0,1,0
181.5,69.6,65.53,1,1,0,1,0
94.7,92.17,191.04,5,51,1,1,0
202.8,27.68,381.77,6,73,0,1,0
38.6,25.03,162.31,2,53,0,1,0
410.1,27.07,1332.12,9,16,1,1,1
140.9,55.69,644.68,5,36,0,4,1
122.4,142.83,369.26,3,3,1,2,1
173.7,130.02,0.0,0,999,0,2,0
191.4,69.74,133.62,2,10,0,1,0
28.4,26.65,394.21,3,90,1,3,1
221.6,129.18,260.66,4,14,0,2,0
64.9,133.1,97.06,1,14,1,1,0
240.3,34.82,106.87,2,12,1,1,0
326.2,59.91,362.8,3,33,0,1,0
308.3,91.9,347.56,4,4,1,2,1
159.7,119.55,409.12,3,2,0,2,0
147.2,54.77,375.83,4,40,0,3,0
42.8,97.29,330.88,8,96,1,2,1
283.8,73.75,447.25,3,45,1,1,0
72.0,71.4,255.77,3,10,1,2,0
138.6,67.61,210.37,4,15,0,1,0
75.2,146.71,125.61,2,8,0,2,0
40.9,61.99,178.8,5,38,0,3,0
193.8,79.23,118.45,4,9,1,3,0
25.1,147.21,78.57,1,28,1,1,0
263.6,82.53,574.97,4,61,0,1,0
83.8,43.25,71.97,2,24,0,1,0
15.0,58.13,549.42,4,30,0,2,0
143.8,36.87,123.58,1,114,1,1,0
23.6,57.54,624.18,5,13,1,1,0
73.2,54.81,673.76,6,53,1,2,1
236.0,47.71,290.82,3,39,1,3,1
26.7,67.66,178.9,5,4,1,2,1
344.1,21.69,284.5,3,151,1,1,0
15.7,165.7,723.33,11,39,1,1,0
66.0,55.47,134.76,4,1,1,2,0
258.1,60.05,373.49,3,43,0,2,0
83.4,127.91,273.15,3,5,1,1,0
34.3,81.86,116.84,1,12,1,2,0
95.4,47.01,247.01,3,15,1,1,0
71.7,50.94,550.34,6,13,0,2,0
347.9,107.65,337.81,3,45,1,1,1
82.7,116.26,156.31,3,46,0,3,0
295.0,44.04,1040.93,8,25,0,1,1
415.4,126.17,224.17,3,28,0,2,0
117.4,22.84,336.31,3,13,1,1,0
448.3,135.85,249.56,4,1,0,3,1
100.3,74.48,667.93,6,15,0,4,0
613.8,125.25,102.63,4,1,1,1,1
31.8,86.84,422.41,3,66,1,1,0
224.1,45.74,244.59,2,34,1,2,0
137.6,57.16,0.0,0,999,0,4,0
103.3,46.76,124.21,2,7,1,2,0
195.3,38.99,647.68,5,36,1,4,1
234.0,79.83,479.2,4,7,1,3,1
15.8,18.71,78.9,1,34,0,2,0
47.9,55.1,228.34,5,23,0,1,0
239.7,64.15,256.9,6,36,1,3,1
212.6,19.27,333.86,4,43,1,2,0
623.9,73.37,365.53,3,25,0,1,1
272.7,86.66,112.88,1,23,1,2,1
557.0,79.43,336.65,4,3,1,4,1
233.2,78.76,232.88,5,15,0,1,0
78.7,65.12,204.4,4,12,0,2,0
35.0,32.49,82.48,3,33,0,2,0
289.0,9.7,171.93,4,11,0,1,0
201.0,54.17,86.63,4,9,1,4,1
23.9,45.59,323.05,3,62,0,1,0
95.3,64.07,385.88,4,58,1,2,0
580.5,37.71,890.61,6,14,1,1,1
139.9,111.06,476.64,4,3,0,1,0
117.0,22.49,156.03,3,23,1,2,0
125.1,42.09,224.05,2,20,1,3,1
57.2,52.67,151.08,7,67,0,2,0
97.8,79.98,889.2,6,26,1,2,1
98.1,80.22,799.01,8,94,1,1,1
24.7,101.58,35.56,1,22,0,1,0
277.6,93.41,508.84,6,37,1,2,0
112.0,54.71,853.68,6,22,0,1,0
325.9,97.75,260.92,2,13,1,1,0
356.9,55.09,176.58,3,1,0,1,0
57.9,21.45,286.0,4,52,0,2,0
207.8,22.95,130.96,1,77,0,2,0
130.1,51.71,274.0,2,44,0,1,0
396.9,30.93,1250.08,9,11,0,2,1
58.7,57.29,429.68,3,56,1,2,0
218.9,95.02,170.14,2,32,1,1,0
183.5,48.68,659.99,5,38,1,1,0
78.0,16.81,325.53,5,3,1,3,0
41.4,82.99,257.91,2,29,0,1,0
204.8,45.6,325.85,5,28,1,4,1
256.5,52.64,396.33,4,36,1,1,0
83.3,193.34,404.5,5,49,1,1,0
201.3,101.66,816.49,6,18,1,1,1
105.5,116.01,143.24,5,6,0,3,1
239.8,49.46,286.69,2,85,0,3,0
55.0,169.01,400.36,5,50,1,2,0
412.7,34.83,330.32,4,26,0,2,0
76.0,21.69,255.23,2,15,1,2,0
97.5,186.47,319.81,3,136,0,3,1
25.8,17.04,719.91,5,4,1,1,0
36.3,45.77,273.18,3,90,1,2,0
145.6,83.76,277.87,3,17,0,3,0
71.1,49.86,585.29,4,4,1,2,0
339.9,40.32,561.75,4,16,0,3,1
17.7,62.04,282.78,6,46,0,1,0
100.8,59.7,239.61,4,19,0,1,0
89.1,66.47,506.47,5,23,1,2,0
18.5,122.34,710.59,5,57,1,2,0
38.9,86.59,745.89,8,32,1,2,0
111.1,53.7,691.6,6,37,1,1,0
137.2,71.77,257.76,8,6,1,2,0
108.2,7.74,439.71,5,10,1,3,1
151.3,56.02,195.94,5,18,1,2,0
177.8,75.25,269.41,5,4,0,1,0
16.8,37.78,166.48,4,11,1,2,0
127.3,46.7,124.71,3,59,0,2,0
610.9,101.97,595.69,4,1,0,1,1
146.8,30.59,352.63,6,2,1,1,0
218.7,103.57,561.08,6,39,1,2,1
82.3,147.68,22.61,1,17,1,1,0
282.7,47.52,124.83,1,49,1,1,0
281.8,30.9,867.44,8,89,1,2,1
147.6,39.04,99.48,2,11,1,1,0
686.4,141.6,148.13,6,2,1,1,1
39.1,29.73,55.7,1,20,1,2,0
18.1,30.96,406.86,4,110,1,1,0
279.7,16.85,87.91,4,26,0,1,0
311.3,46.09,178.78,6,16,1,2,1
38.1,67.78,439.29,6,27,1,3,1
70.6,130.64,257.28,6,6,1,1,0
18.2,48.76,306.41,3,46,0,1,0
77.5,82.22,213.53,5,38,1,2,0
282.0,39.56,895.02,6,43,1,2,1
146.4,27.35,153.31,2,12,0,3,0
92.0,120.24,39.28,1,56,0,4,0
98.7,66.61,118.39,4,74,1,1,0
15.2,86.41,149.35,2,103,1,2,0
79.2,65.4,876.27,7,34,0,3,0
202.2,21.12,308.19,4,15,0,2,0
673.3,101.6,153.36,4,17,1,3,1
353.0,38.03,167.06,2,28,1,2,0
19.3,79.56,319.29,5,29,1,2,1
426.9,28.36,85.24,1,52,1,1,0
290.2,29.74,637.63,9,3,1,1,1
287.9,39.97,208.45,2,28,1,1,0
125.2,33.69,622.36,5,15,1,2,0
106.4,26.57,135.24,1,59,0,1,0
80.0,183.64,465.47,4,15,1,3,1
27.2,60.52,132.31,2,21,1,1,0
61.6,19.45,391.5,5,9,0,1,0
66.0,27.52,620.58,6,12,1,1,0
134.1,35.18,291.47,6,27,0,4,0
262.7,43.92,444.92,4,19,0,4,1
130.6,90.14,626.84,6,8,0,2,0
25.7,67.8,737.4,7,22,0,1,0
584.7,59.55,316.66,5,6,1,1,1
529.8,22.25,0.0,0,999,0,4,0
291.8,81.27,45.71,1,85,1,2,0
869.6,21.34,357.28,8,9,1,2,1
156.5,52.45,119.91,1,2,1,3,0
607.3,70.61,346.71,5,86,1,2,1
29.2,72.12,453.99,5,13,1,1,0
96.9,65.06,116.11,2,7,1,2,0
61.0,66.76,151.98,3,83,1,1,0
54.2,63.46,485.53,4,71,0,2,0
42.3,24.52,616.22,5,2,1,4,0
190.3,23.71,514.87,4,8,1,2,0
288.6,95.69,393.23,3,55,1,2,1
170.4,96.52,73.48,1,11,1,1,0
43.6,29.49,375.5,3,37,0,1,0
315.0,65.68,259.89,4,2,0,1,0
196.9,73.91,53.65,2,61,1,2,0
103.4,59.6,548.07,5,19,0,2,0
216.8,103.94,366.92,8,21,1,2,1
69.2,44.81,78.69,1,55,0,3,0
91.2,47.33,41.3,1,20,1,2,0
464.1,104.6,212.7,3,4,0,1,0
76.8,24.99,0.0,0,999,0,1,0
129.3,93.52,598.26,6,21,1,1,0
412.5,133.93,157.03,4,20,0,1,0
236.4,80.13,1143.15,10,8,0,1,0
26.6,56.83,130.22,1,6,1,2,0
43.7,25.67,83.26,2,50,1,1,0
16.4,65.48,233.47,2,32,1,1,0
194.4,37.1,456.93,5,1,1,1,0
121.9,49.55,295.66,3,60,0,3,0
41.0,73.22,1136.59,8,5,0,2,1
585.3,33.95,74.26,3,44,1,2,1
150.8,28.25,206.09,2,4,0,1,0
64.8,42.21,152.97,5,117,1,3,0
140.0,125.37,367.94,3,76,1,1,0
219.9,74.09,136.5,1,7,0,1,0
29.3,36.77,218.74,7,1,0,2,0
72.8,39.27,70.08,3,3,0,2,0
311.1,112.51,576.95,4,55,1,1,1
125.8,23.58,280.9,2,3,1,3,0
157.4,123.87,700.44,5,50,1,1,1
117.1,33.17,710.8,5,57,1,1,0
23.1,120.95,85.01,1,13,1,2,0
47.6,95.32,147.0,1,44,1,4,0
121.2,30.65,544.0,4,57,0,1,0
57.2,86.97,261.57,8,50,0,1,0
24.2,20.16,251.3,2,7,0,1,0
349.0,106.31,563.09,5,20,1,1,1
730.2,30.19,149.73,4,3,0,2,1
298.6,106.46,231.86,2,25,1,1,0
361.1,24.56,664.32,8,20,1,1,1
64.9,31.46,261.99,2,77,1,2,0
597.2,141.86,505.77,4,1,1,1,1
54.5,78.77,855.02,6,25,0,4,0
559.5,33.44,59.57,2,44,0,2,0
962.3,69.47,673.99,6,21,1,1,1
238.9,68.53,345.1,5,9,0,1,0
729.8,51.19,241.76,2,31,0,2,0
166.7,68.14,196.67,2,143,1,1,0
69.1,113.26,168.85,2,2,1,2,0
118.4,93.78,102.75,5,8,1,2,0
177.1,80.86,494.66,5,23,1,4,1
28.7,32.84,373.25,5,30,0,1,0
190.3,24.37,442.6,7,33,1,2,1
730.1,56.57,891.24,6,3,0,2,1
53.0,95.01,222.1,2,5,0,1,0
298.2,14.99,270.56,3,96,1,2,0
444.3,43.86,531.74,4,3,0,2,0
532.9,77.7,247.61,5,18,0,1,0
595.0,122.48,402.35,4,29,1,1,1
147.7,10.92,395.76,3,13,1,1,0
696.4,56.34,108.2,3,10,1,2,1
269.9,41.99,202.77,4,12,1,4,1
46.7,59.6,122.97,4,11,0,2,0
131.6,80.99,596.07,4,16,1,1,0
243.1,18.88,95.52,1,5,1,1,0
66.1,31.88,334.53,4,64,0,1,0
199.2,34.36,383.98,6,47,0,2,0
212.7,47.29,235.29,3,2,1,3,1
47.0,109.33,604.31,5,48,1,1,0
164.9,30.12,556.69,4,58,1,1,0
280.8,38.38,134.57,4,84,0,1,0
139.4,23.83,176.86,3,32,1,2,0
17.2,47.55,0.0,0,999,1,2,0
16.6,50.36,153.23,2,47,0,1,0
94.5,52.83,444.81,5,1,1,1,0
484.1,199.32,113.77,1,55,0,2,1
61.7,94.53,401.51,3,29,1,2,0
196.1,57.84,361.91,4,35,1,1,0
60.2,80.19,250.62,3,71,0,2,0
84.9,40.71,379.39,4,1,1,1,0
354.1,176.62,812.96,6,4,0,1,1
249.9,97.08,625.87,6,28,1,1,1
33.0,89.32,489.43,4,18,0,3,0
115.8,124.86,567.67,5,18,1,1,0
20.3,151.59,420.17,3,13,0,2,0
133.0,30.62,0.0,0,999,0,1,0
210.5,116.22,321.78,5,4,1,1,1
37.7,76.68,1048.54,8,25,1,1,0
76.4,70.22,242.3,3,21,1,3,0
106.3,140.58,520.56,4,27,1,3,1
468.6,32.39,550.99,4,2,1,1,1
914.8,58.45,218.17,2,37,0,1,1
23.3,53.73,340.36,3,1,0,2,0
272.6,76.02,76.69,2,25,0,1,0
98.7,78.12,62.1,1,11,0,3,0
104.7,113.47,462.53,5,13,1,2,0
267.6,61.64,40.91,2,45,1,3,1
466.1,147.36,520.58,4,140,0,1,0
557.6,81.15,136.06,2,22,1,2,1
169.9,30.23,456.17,4,37,0,1,0
94.5,41.38,480.03,4,10,0,1,0
293.8,89.15,273.75,3,27,0,1,0
67.0,77.93,368.19,3,4,1,1,0
164.5,75.31,543.57,5,63,0,1,0
94.9,160.12,133.56,2,20,1,2,0
207.4,106.57,378.3,3,15,0,1,0
64.5,46.63,513.44,5,24,0,1,0
53.3,54.69,244.96,6,81,1,1,0
465.7,45.07,602.34,5,50,0,2,1
34.3,34.67,539.52,5,6,1,2,0
141.9,166.71,285.02,5,48,0,1,0
59.9,77.53,517.83,4,17,1,1,0
22.1,27.18,137.24,2,17,1,2,0
21.6,139.13,183.71,2,47,1,1,0
49.7,37.82,0.0,0,999,0,1,0
377.8,69.47,342.5,3,3,0,1,0
74.8,63.35,668.87,7,10,0,1,0
555.9,21.81,324.55,4,74,0,1,0
171.8,15.61,113.21,5,30,0,1,0
118.3,95.22,98.93,1,66,1,1,0
171.2,120.68,302.72,3,12,1,3,1
145.9,72.14,217.8,5,39,0,1,0
271.0,229.71,126.4,2,51,0,1,0
74.8,39.83,402.73,3,7,1,3,1
93.4,18.25,639.74,7,1,1,2,0
419.1,78.95,382.8,5,34,0,4,1
541.9,31.82,708.38,5,29,1,2,1
416.5,58.26,125.55,1,2,1,2,1
112.9,107.9,294.04,9,18,1,1,0
287.8,42.93,789.96,6,28,1,2,1
131.4,58.3,118.4,3,8,1,2,1
138.9,117.38,213.62,5,4,1,1,0
56.2,53.74,119.18,4,54,0,1,0
176.0,78.94,495.45,6,86,0,2,0
52.1,84.85,415.24,4,20,1,1,0
87.5,54.02,235.97,2,5,0,2,0
362.6,55.08,117.37,5,18,0,1,0
56.8,59.72,344.98,8,11,1,1,0
28.3,39.96,604.55,6,23,0,3,0
27.9,76.61,264.98,3,1,1,2,1
523.8,40.53,80.03,3,67,0,1,0
142.3,44.01,424.81,3,2,0,1,0
109.8,32.19,474.43,4,19,0,1,0
314.8,122.88,133.29,2,36,1,2,0
340.2,24.67,807.59,9,35,1,1,1
87.7,162.42,274.61,4,12,1,1,0
227.9,56.22,158.38,2,23,0,2,0
280.4,46.77,292.51,3,23,1,2,0
206.4,32.24,215.4,3,5,1,3,0
44.6,34.35,100.69,1,16,0,1,0
390.6,40.39,482.81,6,5,0,3,1
154.4,265.79,316.33,3,2,1,3,1
74.7,40.34,162.27,3,2,1,1,0
114.7,80.14,211.27,5,19,1,2,0
21.9,52.13,43.53,2,43,0,2,0
39.6,170.27,491.29,5,137,1,1,0
276.1,68.7,885.01,6,28,0,1,0
15.0,27.48,522.55,7,12,0,4,0
112.0,44.77,285.85,6,8,0,4,0
148.1,207.79,65.11,3,39,0,2,0
25.1,97.19,433.31,5,2,0,3,0
665.7,58.66,596.21,4,10,1,1,1
61.1,33.16,443.67,3,39,0,1,0
80.3,35.53,99.53,3,20,1,4,0
80.2,30.0,630.66,5,23,1,3,0
62.1,20.88,170.13,4,122,0,1,0
15.3,93.54,375.65,3,18,1,1,0
250.2,83.85,392.88,3,30,0,2,0
628.2,65.55,42.01,2,217,1,1,1
60.7,132.66,152.53,3,39,0,1,0
210.8,91.57,54.7,2,24,1,1,0
258.8,23.64,169.72,2,13,1,4,1
354.6,60.22,46.95,2,124,0,1,0
113.9,100.29,405.56,4,12,0,1,0
80.0,60.58,92.58,1,5,1,1,0
85.8,64.1,415.93,6,86,0,1,0
239.5,20.53,480.21,6,13,1,1,0
320.5,41.16,1189.7,8,30,1,2,1
51.1,80.52,125.38,3,35,1,1,0
98.4,54.85,575.17,5,10,0,2,0
433.0,22.47,311.67,3,19,0,1,0
310.8,99.4,531.4,5,6,0,2,0
769.3,53.37,259.77,4,71,1,3,1
267.6,63.52,240.71,5,29,0,1,0
104.9,23.82,523.03,5,73,1,4,0
175.8,18.97,831.93,6,10,0,2,0
209.7,65.64,440.64,3,33,1,2,0
29.7,123.1,247.55,3,9,0,2,0
156.5,97.62,301.32,4,12,1,1,0
237.4,89.5,261.45,4,15,1,3,1
48.0,69.14,125.3,1,27,1,4,1
288.1,26.58,0.0,0,999,1,3,0
172.8,13.71,693.55,8,8,0,1,0
562.4,224.59,324.29,5,2,0,1,1
22.8,53.19,669.21,5,49,0,1,0
70.5,41.91,170.24,3,25,1,2,0
180.6,62.81,109.24,1,13,1,1,0
78.3,32.15,675.76,7,2,1,3,1
240.6,45.07,188.06,3,4,0,2,0
271.1,160.13,0.0,0,999,0,3,0
34.5,74.31,871.45,7,22,1,2,0
144.8,84.98,172.73,2,16,1,1,0
143.0,56.17,397.96,4,28,1,2,0
98.0,113.86,290.14,2,56,1,4,1
501.3,112.08,358.71,5,38,1,2,1
331.3,52.32,503.43,4,67,1,1,1
230.0,60.42,309.12,3,32,1,1,0
240.5,125.04,291.48,3,4,1,2,0
126.5,62.64,54.19,2,6,1,4,1
471.9,48.57,138.61,1,17,1,1,0
228.5,50.76,248.59,5,11,1,2,1
250.0,44.86,326.06,4,35,1,1,0
371.1,62.16,588.81,5,33,1,2,1
72.7,45.78,527.41,6,21,1,2,0
311.2,62.06,143.95,7,34,1,1,0
54.1,38.28,1003.62,7,80,0,2,0
91.3,75.22,45.33,2,23,1,1,0
88.6,81.92,285.2,9,15,1,1,1
706.4,90.5,294.82,6,22,1,3,1
364.5,82.81,97.86,1,6,0,1,0
232.4,108.78,877.49,6,4,1,1,1
248.7,65.16,419.84,3,18,0,2,0
163.6,61.73,628.04,6,85,1,1,0
544.1,41.52,698.52,6,66,1,1,1
138.4,95.6,337.63,3,38,1,3,1
101.2,43.21,874.43,8,42,0,1,0
47.0,18.51,1381.72,11,65,0,2,0
292.7,40.27,320.93,5,82,0,2,0
253.7,99.92,146.24,3,36,1,1,0
102.3,88.36,195.58,3,17,0,1,0
19.6,70.55,184.23,7,6,1,1,0
343.7,198.37,0.0,0,999,1,1,0
17.1,75.43,464.54,4,35,1,1,0
233.9,36.14,143.24,3,17,1,2,0
647.7,34.11,372.77,7,3,1,3,1
118.6,82.74,1043.27,7,11,0,1,0
63.2,136.18,119.85,1,21,1,2,0
234.7,61.23,301.34,4,51,0,2,0
320.8,76.81,328.05,7,13,1,1,0
157.3,79.22,101.02,4,36,0,2,0
629.2,202.83,321.03,3,2,1,3,1
24.5,105.11,364.19,3,108,0,3,0
141.5,120.36,136.03,4,118,1,1,0
243.1,35.21,101.55,5,25,1,3,1
372.3,43.11,199.4,3,36,0,3,0
50.6,41.05,533.84,5,48,0,2,0
304.7,52.97,700.47,5,116,1,3,1
159.8,64.16,1074.72,8,26,1,1,1
105.9,73.63,766.56,7,47,1,4,1
40.4,58.62,251.65,2,8,0,2,0
375.8,40.46,331.31,5,6,1,1,1
45.8,30.68,103.73,2,41,0,1,0
81.7,78.19,180.74,5,85,1,1,0
76.7,92.07,87.22,2,28,0,2,0
384.2,54.4,725.9,5,26,1,3,1
216.0,20.48,281.79,2,28,1,1,0
301.7,104.48,52.2,2,70,0,2,0
66.9,52.99,324.37,4,53,0,1,0
191.5,25.03,342.67,5,54,0,2,0
167.6,60.77,942.59,9,4,0,3,0
337.0,108.71,250.77,4,47,0,1,0
440.8,47.34,225.92,4,49,0,1,0
17.2,11.37,0.0,0,999,1,1,0
216.8,51.3,286.25,2,21,1,4,1
24.6,39.2,185.45,4,4,1,2,0
158.3,67.57,252.94,5,17,0,1,0
76.0,61.64,372.43,5,34,1,1,0
81.0,44.84,447.28,4,9,0,2,0
93.4,43.16,83.44,2,5,0,1,0
189.8,127.48,161.66,2,34,1,2,0
88.2,82.47,646.55,5,58,1,2,1
252.5,80.92,302.57,6,6,0,1,0
108.3,101.02,52.39,2,78,0,1,0
27.7,52.72,413.66,3,44,1,2,0
290.6,147.33,367.14,3,38,0,1,0
75.6,74.08,665.07,6,5,0,1,0
117.1,65.57,219.47,7,88,1,4,1
223.2,73.52,547.65,4,22,1,4,1
87.7,51.2,417.79,7,26,1,1,0
25.5,40.36,142.48,3,24,1,2,0
99.3,114.86,250.12,3,25,1,1,0
535.3,28.95,559.86,4,57,1,4,1
199.8,30.56,746.46,5,4,1,1,0
215.4,57.29,199.67,2,22,0,2,0
195.1,35.44,721.08,5,32,1,1,0
54.9,20.51,315.73,4,5,1,1,0
112.5,29.9,47.71,2,29,1,1,0
265.2,36.08,335.01,6,24,1,3,1
34.2,76.06,355.43,6,9,0,2,0
73.6,54.62,730.51,6,10,0,4,1
73.2,103.63,72.3,2,3,0,1,0
116.8,28.85,213.69,5,41,1,1,0
722.5,32.07,299.57,3,6,1,1,1
27.6,69.28,110.94,3,52,1,1,0
146.6,39.3,253.25,3,73,1,2,0
50.6,49.6,98.23,4,10,1,1,0
650.3,30.14,0.0,0,999,1,2,0
36.6,28.83,138.09,1,5,1,1,0
108.0,38.38,401.21,3,26,1,3,1
256.0,107.19,29.57,1,110,1,3,0
234.5,24.65,193.66,2,10,1,3,0
113.9,114.48,167.5,5,6,1,2,0
91.6,101.34,26.96,1,31,0,2,0
106.2,44.76,397.4,4,64,0,3,0
70.2,61.5,377.68,4,68,1,3,0
56.4,72.65,64.4,2,14,1,1,0
133.8,89.28,200.34,3,51,0,2,0
71.3,32.04,61.16,1,30,1,3,0
76.0,95.4,258.08,4,44,1,2,0
207.5,64.5,253.26,4,38,1,1,1
637.6,33.54,381.62,3,5,1,2,1
181.6,64.92,461.78,7,15,0,1,0
29.4,33.3,314.78,5,48,1,2,0
29.1,60.18,23.85,1,47,1,2,0
559.4,46.02,859.27,7,5,0,1,1
78.5,67.0,423.14,4,21,1,1,0
32.4,69.34,321.93,5,67,1,3,0
179.5,123.56,314.96,4,52,1,1,0
190.9,86.28,369.69,3,29,0,2,0
203.2,77.58,129.5,2,8,0,1,0
71.0,19.75,326.15,4,13,0,1,0
17.7,105.2,67.72,3,35,1,1,0
618.5,47.22,418.14,3,50,0,1,1
67.0,30.16,273.05,4,32,0,1,0
217.9,179.85,0.0,0,999,0,1,0
235.7,39.27,297.56,3,29,0,4,0
184.5,131.32,176.94,2,1,1,1,0
82.6,73.2,360.6,5,44,1,1,0
71.9,82.77,139.91,1,61,1,2,0
178.9,60.5,335.94,5,2,1,3,1
376.9,34.11,748.94,5,17,0,2,1
542.8,92.2,490.35,4,63,0,1,0
35.1,70.13,274.87,2,30,1,2,0
45.3,69.53,170.28,3,22,0,1,0
536.2,63.75,87.39,3,3,1,3,1
255.1,52.05,223.49,3,44,1,2,0
401.2,92.58,182.22,3,39,1,3,1
55.8,81.47,111.55,4,30,0,3,0
174.4,98.62,58.59,2,3,0,1,0
232.4,53.47,170.62,4,34,1,3,1
220.2,50.88,207.34,3,2,0,3,0
109.4,43.56,283.16,2,57,0,1,0
17.8,64.83,527.55,5,67,0,2,0
172.4,20.35,143.59,2,25,0,1,0
67.5,230.73,371.77,3,62,1,2,1
122.7,40.8,469.52,5,17,1,1,0
583.8,121.11,371.34,5,12,1,1,1
106.7,46.57,116.3,3,22,0,2,0
344.6,85.58,562.06,4,27,0,2,0
52.6,154.72,101.11,1,48,1,1,0
215.9,82.81,385.52,5,31,1,1,0
694.1,149.59,230.93,3,64,1,2,1
34.3,117.0,0.0,0,999,1,1,0
16.5,32.67,86.66,2,25,0,1,0
117.3,93.05,297.12,4,42,0,3,0
32.5,75.32,84.57,3,22,1,1,0
263.4,38.76,121.56,4,78,1,4,0
457.8,111.21,265.26,3,2,1,2,1
117.5,28.28,417.03,6,42,1,1,0
68.9,107.07,340.61,3,23,1,1,0
117.6,93.77,1334.48,9,3,0,1,0
246.4,65.65,263.45,2,45,0,1,0
16.6,42.06,309.79,4,17,1,2,0
175.2,92.28,138.24,2,25,1,1,0
186.0,16.64,96.06,1,41,1,3,0
197.7,37.18,127.66,4,10,1,1,0
64.9,61.06,1780.75,12,12,0,1,1
240.4,65.68,590.12,4,15,1,3,1
32.3,37.76,559.94,4,46,0,1,0
55.0,38.35,424.34,4,132,0,2,0
392.9,84.36,341.62,4,15,0,3,0
256.6,33.27,223.74,2,31,1,1,0
17.5,49.05,243.48,4,13,0,1,0
66.4,28.19,653.95,5,69,1,1,0
58.4,63.11,225.0,6,90,0,1,0
71.8,54.01,373.36,3,7,1,2,0
66.2,15.76,265.54,2,35,1,4,0
26.6,24.68,252.73,6,78,1,2,0
125.6,125.55,164.43,2,22,0,3,1
252.5,39.75,815.49,6,14,1,1,1
183.0,76.48,434.12,3,78,0,3,0
216.1,31.86,878.34,7,10,1,2,1
30.2,136.32,569.27,4,8,0,3,0
559.7,19.5,425.43,3,70,0,3,1
343.2,118.34,294.73,2,33,1,3,1
309.3,65.55,294.97,4,7,0,1,0
326.7,90.88,57.3,1,34,0,2,0
500.8,126.63,818.26,8,69,0,1,1
156.4,71.53,89.1,2,4,1,1,0
55.2,157.3,184.82,2,10,0,1,0
187.6,125.43,476.54,5,31,0,3,0
259.5,89.2,124.84,1,5,0,1,0
256.0,113.98,335.17,5,78,1,3,1
147.7,61.75,491.19,5,30,1,3,1
27.8,34.31,412.28,3,29,1,1,0
98.5,211.75,74.83,1,2,1,1,0
471.4,64.33,377.3,4,18,0,1,0
173.1,73.61,611.79,5,8,0,2,0
154.1,25.49,157.36,3,55,1,1,0
71.4,131.2,133.75,4,14,1,1,0
97.7,72.42,434.54,4,17,0,1,0
421.3,84.32,272.65,4,34,1,1,0
212.6,91.14,556.87,8,42,1,3,1
293.7,39.06,563.65,4,52,0,1,0
124.0,129.14,292.09,4,7,1,1,0
194.1,77.13,1295.8,9,10,1,2,1
66.4,16.4,101.48,3,4,1,1,0
235.0,114.24,258.35,4,64,1,1,0
115.4,58.26,550.41,5,13,1,1,0
120.2,41.71,145.52,4,5,0,1,0
203.6,20.86,210.95,3,13,1,1,0
510.6,49.07,261.45,2,2,1,3,1
26.9,45.76,833.2,7,60,1,3,1
328.5,121.54,170.02,3,12,0,3,1
77.3,43.53,132.68,2,15,1,1,0
120.6,23.7,513.96,6,93,1,3,1
19.0,84.85,690.4,6,7,0,1,0
79.5,125.14,238.46,6,8,1,2,0
140.7,51.11,354.38,4,27,1,2,0
25.4,175.42,118.15,4,118,0,1,0
136.6,113.41,286.87,4,76,1,1,0
486.4,131.63,44.83,1,30,0,1,0
35.0,83.42,361.05,6,55,0,1,0
275.2,77.97,315.47,5,22,1,1,0
109.9,42.33,840.81,7,19,1,1,0
206.6,152.92,108.94,2,17,0,1,0
69.3,138.33,212.58,2,20,1,2,0
46.3,154.85,625.28,7,41,0,1,0
46.5,61.95,498.2,4,57,0,3,0
28.2,51.65,185.41,3,29,1,3,0
52.0,97.69,746.53,5,67,1,1,0
211.4,47.16,350.7,6,34,1,1,0
399.2,62.37,190.68,2,54,1,3,1
317.9,17.67,102.19,1,39,1,1,0
223.0,73.84,179.92,2,49,0,1,0
36.1,89.04,263.3,2,1,0,4,0
76.4,133.36,277.5,8,67,0,2,0
81.7,99.9,390.58,4,72,0,1,0
66.8,110.01,343.29,4,61,1,2,0
145.3,168.69,445.43,6,44,0,3,0
153.0,37.57,260.04,4,51,0,1,0
94.5,33.47,199.37,5,7,0,1,0
93.6,70.81,417.99,4,2,1,1,0
332.4,30.92,211.81,6,12,1,3,1
295.3,76.78,511.23,4,20,1,1,1
81.2,31.67,234.61,3,11,1,2,0
456.2,35.97,493.52,5,68,1,1,0
564.7,21.03,90.34,3,110,1,1,0
86.2,73.18,128.56,4,49,1,2,0
93.8,26.38,50.67,1,22,0,2,0
141.8,85.77,606.83,5,6,1,1,0
524.8,94.24,166.32,2,68,1,3,1
391.2,40.31,120.82,2,61,1,2,1
34.5,102.0,521.72,4,6,0,1,0
104.8,95.34,89.9,2,2,0,1,0
160.1,116.97,161.2,3,76,0,1,0
140.9,38.16,120.98,1,57,0,1,0
53.8,37.18,94.06,4,90,1,3,0
367.4,91.33,243.2,5,15,1,1,1
218.4,70.22,351.09,4,36,0,2,0
342.5,74.23,555.82,4,66,0,1,0
367.3,135.98,218.26,4,14,1,1,1
263.4,23.8,238.51,5,22,1,1,0
119.1,106.12,586.96,4,25,0,1,0
184.7,95.41,264.56,3,1,1,1,0
46.5,89.15,28.13,1,58,1,1,0
216.6,111.54,167.83,3,95,1,1,0
50.6,56.55,446.88,5,18,0,3,0
228.1,30.27,205.5,7,32,1,2,1
62.0,43.43,440.13,4,26,0,1,0
37.5,40.04,0.0,0,999,1,1,0
47.5,10.33,561.32,5,3,1,1,1
15.4,89.24,128.85,2,25,0,3,0
243.3,52.04,298.38,4,10,0,2,0
252.3,57.18,421.97,3,35,1,2,1
145.2,45.1,142.17,3,26,1,1,0
46.7,62.55,75.41,3,30,1,1,0
30.7,147.69,590.75,4,31,0,1,0
18.5,20.8,41.93,2,72,1,2,0
47.6,163.55,270.94,2,6,1,2,0
413.7,72.7,509.51,4,54,0,4,0
64.8,46.97,583.74,7,102,0,2,0
93.7,50.55,670.17,6,42,1,1,0
35.0,35.56,134.64,4,5,0,2,0
60.3,16.46,715.66,6,63,1,2,0
146.8,31.81,853.22,7,52,0,1,0
183.5,62.7,53.35,2,66,0,1,0
65.7,54.27,0.0,0,999,0,2,0
25.7,82.66,573.04,4,57,0,1,0
104.3,45.37,718.24,5,6,1,3,1
63.0,41.6,443.96,3,29,1,3,0
59.6,196.2,632.2,6,27,0,1,0
593.8,36.15,191.73,5,75,0,2,0
187.4,37.61,294.7,4,66,0,1,0
161.5,110.46,343.51,3,42,1,2,0
111.7,95.2,113.8,2,7,1,2,0
115.8,49.05,501.27,4,54,1,1,0
155.1,99.83,527.91,4,32,1,3,1
229.6,67.29,477.05,4,56,0,1,0
233.0,45.68,322.37,5,92,0,1,0
48.9,91.48,465.57,4,20,0,1,0
139.8,63.36,176.38,6,45,0,4,0
110.6,17.11,381.47,6,119,0,2,0
383.0,91.54,478.11,4,8,0,1,0
194.7,57.88,246.65,2,62,0,3,0
151.9,140.98,122.88,2,6,0,1,0
37.1,102.51,289.68,2,1,0,2,0
182.5,70.47,222.1,4,62,1,4,0
37.4,49.92,423.21,4,106,0,2,0
89.0,62.32,1208.39,9,2,0,1,1
42.7,35.0,641.77,7,62,1,3,0
227.0,70.46,0.0,0,999,0,1,0
56.6,147.15,284.9,6,40,1,3,0
104.5,175.16,136.61,3,21,1,4,1
421.8,122.88,284.62,7,18,1,1,1
56.1,68.06,232.78,3,16,0,1,0
142.6,23.7,364.92,4,16,1,3,1
112.8,60.03,516.3,4,91,0,1,0
18.3,106.44,144.77,3,56,1,3,0
298.3,99.59,472.71,4,13,0,1,0
27.9,56.61,440.94,4,45,0,1,0
130.7,53.88,102.49,1,36,1,2,0
163.1,78.85,512.92,8,62,1,1,1
193.2,64.64,245.36,4,4,0,1,0
225.0,59.84,1067.96,9,40,0,2,0
67.6,58.09,55.69,1,10,0,1,0
16.8,132.84,314.32,5,10,1,1,0
246.4,32.08,872.85,6,41,0,2,0
153.1,51.96,449.4,3,74,0,2,0
340.5,53.79,121.34,6,24,0,2,0
325.1,69.17,327.84,3,21,1,1,0
348.6,63.42,627.31,7,56,0,2,0
134.5,60.9,319.29,4,1,1,1,0
88.1,33.38,111.67,2,41,0,1,0
297.3,63.37,171.86,2,2,1,1,0
123.0,90.14,396.77,5,10,0,2,0
51.5,70.59,288.68,4,37,1,1,0
362.6,31.7,521.9,4,16,1,1,1
400.5,66.58,165.55,3,12,0,2,0
128.0,64.07,488.36,5,24,1,2,1
29.2,50.72,529.39,4,63,0,1,0
103.3,71.05,883.62,6,19,1,2,0
307.9,42.41,688.5,7,25,1,3,1
432.7,92.44,350.42,4,6,0,1,0
55.9,169.01,517.07,4,20,1,3,1
27.5,97.1,89.0,2,1,1,3,0
392.7,38.24,611.41,6,60,1,2,1
103.8,89.53,85.03,3,8,0,1,0
155.5,102.69,211.6,2,83,1,3,1
634.9,78.11,246.91,2,15,0,1,0
27.4,82.87,0.0,0,999,0,2,0
203.1,59.91,390.88,3,17,0,2,0
28.9,28.6,180.18,5,6,1,1,0
99.7,57.46,85.72,2,24,1,2,0
308.2,34.75,901.13,7,10,1,2,1
117.3,54.48,72.42,2,13,1,2,0
1071.9,44.8,860.81,8,13,0,1,1
162.4,33.3,291.63,5,14,0,1,0
84.7,129.82,261.44,5,23,0,1,0
59.7,62.64,104.52,1,5,1,1,0
92.7,45.75,67.76,2,10,0,2,0
98.9,21.5,189.4,2,33,0,1,0
27.8,99.64,420.56,3,47,1,1,0
98.0,71.97,392.05,3,10,1,2,0
127.3,182.91,522.58,4,10,1,1,1
245.9,40.31,356.28,6,22,0,1,0
207.5,123.82,333.5,3,131,0,1,0
237.1,57.45,485.66,4,27,1,2,1
16.5,35.91,548.73,4,56,1,1,0
59.2,49.0,326.02,6,83,0,1,0
210.1,67.18,594.56,5,34,0,1,0
134.1,45.78,150.59,3,25,1,4,1
16.0,29.26,118.06,5,48,0,1,0
308.8,35.12,82.64,1,13,1,2,0
281.8,84.96,358.7,3,119,1,3,1
158.1,32.37,239.34,5,22,1,1,1
27.4,42.11,157.9,6,87,0,1,0
276.8,33.13,617.33,9,47,0,3,0
172.7,73.05,324.62,7,8,1,1,0
289.2,235.11,278.69,4,9,1,1,1
265.8,82.91,977.96,7,15,0,2,1
307.4,39.14,350.12,3,16,0,2,0
146.4,73.0,273.93,4,1,0,4,0
42.2,40.63,186.77,3,64,0,1,0
215.2,69.03,139.76,1,10,1,3,1
189.4,138.79,406.65,3,58,0,4,0
259.0,60.64,394.13,4,22,0,1,0
48.5,76.03,132.97,2,30,0,1,0
54.0,62.21,492.01,4,26,1,4,1
413.0,104.7,425.14,4,96,0,3,0
264.5,91.03,93.41,1,18,0,1,0
444.9,50.33,696.07,6,17,1,1,1
270.9,91.06,149.92,4,32,0,2,0
178.7,69.37,704.6,5,16,1,1,0
206.1,47.88,439.44,3,31,1,1,0
410.9,48.37,66.08,1,28,0,1,0
170.6,68.14,1001.59,7,49,0,1,0
195.1,75.38,617.29,5,152,1,1,0
45.6,56.61,569.34,4,125,1,2,0
130.6,76.45,278.54,2,5,0,2,0
241.8,38.47,184.47,4,20,0,2,0
71.9,31.48,161.41,3,19,1,1,0
55.7,23.5,269.39,5,7,0,2,0
82.8,84.16,129.03,4,45,0,3,0
64.8,22.15,215.1,3,114,0,2,0
58.6,75.99,201.42,3,6,0,3,0
114.6,46.18,323.58,5,11,0,1,0
444.2,51.33,196.09,3,64,0,3,0
142.3,51.77,56.14,2,12,0,2,0
52.5,211.33,220.88,5,20,1,2,0
29.4,42.86,350.81,6,45,1,1,0
229.4,34.5,542.27,4,5,1,2,1
101.9,163.63,280.9,2,25,0,1,0
325.5,25.09,285.39,5,4,0,1,0
208.9,28.91,330.72,3,12,0,2,0
301.3,100.73,391.74,3,9,0,2,0
72.1,77.51,257.41,3,44,1,1,0
227.2,48.25,472.88,4,6,0,2,0
70.2,32.0,293.73,2,36,1,3,0
518.6,15.9,246.53,6,29,1,3,1
197.1,143.14,87.46,3,37,1,3,1
85.6,91.2,412.81,4,69,1,3,1
71.5,134.26,258.31,3,26,1,2,0
53.1,111.58,234.23,4,42,0,1,0
228.5,79.81,695.78,5,54,0,1,0
59.4,42.14,649.79,5,40,1,3,1
177.8,32.08,163.12,3,13,0,1,0
70.3,117.89,120.65,1,107,0,3,0
210.2,46.25,127.69,1,3,0,1,0
318.7,33.23,186.88,3,16,1,1,0
285.9,40.31,98.67,3,57,0,1,0
272.5,122.09,391.66,3,15,0,2,0
52.4,35.35,162.91,5,26,1,1,0
31.7,48.42,739.97,9,5,1,4,1
231.1,57.49,90.53,2,64,1,3,0
97.7,70.4,421.71,3,88,1,2,0
116.9,33.65,203.55,6,136,0,2,0
20.7,56.35,140.79,4,3,0,3,0
69.1,101.84,556.12,5,8,1,3,1
21.2,183.08,140.17,3,23,1,1,0
395.4,29.97,186.03,5,11,1,3,1
65.2,33.02,41.87,1,34,1,1,0
161.7,36.12,487.33,5,62,1,3,1
22.2,87.75,195.77,4,5,0,1,0
212.8,31.33,207.12,3,1,1,1,0
85.2,55.17,260.93,2,167,0,1,0
425.8,51.8,85.67,2,20,1,3,1
409.3,192.37,382.25,3,3,0,1,1
85.8,42.64,966.42,8,30,0,1,0
431.2,41.1,512.21,4,46,1,2,1
1016.1,87.7,260.45,4,54,0,3,1
329.2,72.87,407.04,5,28,0,1,0
350.4,39.4,447.64,4,38,1,2,1
66.5,127.01,99.46,4,22,1,1,0
169.7,24.61,744.02,7,32,1,2,1
27.5,58.59,142.45,4,100,0,1,0
33.0,49.79,344.7,6,144,0,1,0
1240.0,55.59,125.27,1,33,0,1,1
86.2,39.18,102.6,1,29,1,1,0
263.2,56.33,201.68,2,14,1,1,0
310.8,68.1,247.49,5,13,0,3,1
366.4,12.21,213.65,2,85,1,3,0
1102.9,45.1,185.61,5,36,1,1,1
64.8,36.31,436.27,3,21,1,3,0
22.4,157.47,317.1,6,36,0,3,0
110.3,78.26,637.39,5,5,0,1,0
40.1,35.05,0.0,0,999,0,2,0
19.1,43.65,84.67,2,25,1,1,0
95.5,50.94,63.8,3,14,1,2,0
290.6,43.06,534.63,4,1,1,1,1
165.3,81.74,835.23,7,38,1,3,1
82.5,142.08,80.11,2,115,1,3,0
206.2,8.29,511.8,4,27,0,1,0
62.5,49.07,376.08,3,14,0,1,0
17.6,182.52,399.83,5,18,0,1,0
275.2,50.26,143.09,1,28,1,1,0
190.9,70.44,478.37,5,39,1,1,0
273.6,14.1,310.3,4,7,1,1,1
22.1,126.16,130.32,6,90,0,3,0
341.7,29.63,575.44,4,18,1,3,1
188.9,77.13,146.75,4,33,1,1,0
164.2,33.16,234.02,4,80,1,1,0
191.4,10.21,688.96,6,29,0,1,0
374.7,72.96,82.78,4,38,1,2,1
174.1,92.42,543.22,6,33,1,1,0
171.6,57.53,203.29,5,10,1,3,1
856.6,27.34,114.65,5,109,1,1,1
269.4,203.57,310.25,3,21,0,1,0
120.1,90.36,491.94,5,4,0,1,0
236.2,66.41,577.29,5,204,1,2,1
103.7,114.47,602.21,6,35,1,2,1
61.8,43.04,464.75,6,31,0,1,0
178.5,166.52,246.66,3,82,0,4,0
489.1,91.33,97.23,2,26,1,1,1
491.5,108.18,216.19,7,15,0,1,0
90.3,48.46,263.82,2,7,0,2,0
150.0,29.14,219.74,2,55,1,2,0
57.8,67.0,251.86,7,14,1,1,0
993.0,44.21,489.16,9,24,0,2,1
729.5,177.92,264.44,2,24,1,3,1
203.7,24.12,579.11,4,45,0,1,0
308.7,132.54,737.09,6,38,0,4,1
241.0,19.22,282.28,3,19,1,3,0
176.9,33.07,531.96,4,19,1,2,1
24.9,18.95,304.46,3,11,0,2,0
124.2,43.11,665.54,6,14,1,2,1
217.2,52.63,382.51,3,41,1,3,1
218.7,39.73,132.04,2,28,1,3,1
99.1,77.08,853.93,7,2,0,2,0
526.6,52.88,140.71,3,24,1,3,1
48.0,14.37,45.25,1,102,0,1,0
139.9,31.93,250.95,2,4,1,1,0
226.3,48.14,279.88,3,4,0,3,0
230.0,111.61,0.0,0,999,1,1,0
203.3,64.4,264.15,3,104,0,2,0
73.0,44.49,1177.04,8,1,1,2,0
45.6,22.27,544.97,4,14,1,1,0
196.9,66.12,429.92,5,3,0,1,0
179.6,127.1,273.4,3,11,1,2,1
50.6,49.47,399.4,4,27,1,2,0
234.8,33.96,245.61,2,20,0,2,0
124.3,84.12,133.59,1,15,0,1,0
213.3,114.22,78.1,2,8,0,2,0
341.9,53.73,203.33,2,32,1,1,0
48.5,90.0,148.6,3,29,0,4,0
18.5,45.95,403.33,4,36,1,1,0
286.8,92.55,126.81,3,52,0,2,0
184.3,130.86,750.21,6,43,1,2,1
231.5,100.73,317.76,3,104,0,1,0
342.8,82.09,397.74,3,7,0,2,0
307.2,156.4,571.11,4,100,1,1,1
598.6,51.01,424.23,3,7,1,1,1
153.2,82.07,310.97,8,61,0,1,0
135.7,52.07,482.91,7,51,0,1,0
107.5,82.1,248.41,3,37,0,2,0
45.0,90.51,490.25,4,41,1,4,0
168.0,104.6,131.56,6,39,1,2,0
73.4,61.63,982.16,7,25,1,2,1
472.6,16.97,510.58,7,2,0,1,0
172.5,52.73,1020.44,10,29,1,1,0
176.7,88.66,442.44,3,17,1,2,1
93.9,72.66,673.73,5,11,1,1,0
24.6,79.15,201.25,3,23,1,2,0
20.8,93.89,248.96,3,62,0,3,0
114.1,29.11,120.09,1,29,1,1,0
30.9,96.74,233.32,2,110,1,2,0
183.0,160.92,446.5,4,18,1,3,1
398.1,48.14,106.95,5,7,1,2,1
401.1,105.88,229.36,5,13,0,1,0
208.7,63.92,195.27,4,6,1,2,0
57.7,77.86,105.16,2,38,0,3,0
372.8,99.93,65.01,2,6,0,2,0
406.0,72.41,624.29,5,24,0,2,1
54.4,46.35,0.0,0,999,1,1,0
255.7,74.37,724.96,6,19,1,1,1
75.8,33.85,564.39,4,17,0,1,0
307.1,22.55,242.77,4,8,0,2,0
1075.5,135.77,157.98,2,47,0,2,1
20.5,80.25,94.13,3,12,1,1,0
424.8,91.09,58.33,1,153,0,2,0
190.4,69.94,91.01,1,6,1,2,0
667.7,19.28,217.12,5,1,0,2,0
127.6,130.3,359.24,4,26,1,2,0
353.4,46.41,303.37,5,3,1,1,0
26.6,52.33,594.83,4,16,1,1,0
88.5,121.15,275.37,4,20,0,1,0
27.5,33.52,100.31,4,10,0,1,0
681.5,49.54,488.9,6,126,1,3,1
320.7,47.38,443.96,7,14,0,2,0
359.6,32.87,68.1,1,6,0,4,0
515.4,64.61,68.17,1,2,1,3,1
31.0,35.82,807.31,6,13,1,1,0
102.7,133.62,254.32,3,57,0,3,0
28.3,21.47,158.61,3,10,0,2,0
57.6,26.72,246.05,2,30,1,4,0
61.9,49.5,388.24,5,149,1,3,1
129.0,60.17,38.9,1,14,0,1,0
71.3,39.37,1198.44,8,32,1,2,1
34.2,94.77,117.78,5,31,0,2,0
48.0,53.89,112.2,1,30,1,3,0
43.7,83.04,520.73,4,101,1,1,0
665.7,127.97,131.99,2,51,0,1,0
271.4,153.41,121.36,3,1,1,2,1
633.2,50.24,307.01,4,1,1,1,1
119.3,64.29,827.22,10,2,0,1,0
73.7,72.18,749.81,5,15,1,2,0
303.2,51.27,112.65,5,20,0,1,0
86.1,31.53,842.12,8,55,1,1,0
79.0,109.75,498.31,4,34,0,1,0
62.6,31.54,300.98,3,350,1,2,0
40.0,116.18,815.13,8,52,0,1,0
68.3,79.38,668.95,5,68,0,1,0
94.0,70.55,280.42,3,7,1,1,0
216.8,37.7,538.42,4,34,1,2,0
26.6,15.93,331.27,7,6,0,1,0
57.5,108.12,348.38,4,37,1,1,0
313.0,37.38,73.1,3,55,1,2,1
43.6,82.34,373.36,3,12,0,1,1
90.5,85.0,605.23,5,7,1,2,0
375.0,60.77,270.23,3,9,0,1,0
45.3,71.05,643.11,9,55,1,3,0
30.5,78.7,68.11,1,27,1,2,0
134.3,67.57,230.72,5,26,1,3,1
79.8,35.0,453.75,6,29,0,1,0
164.2,21.6,357.05,6,23,1,4,1
308.2,39.59,380.39,4,66,0,2,0
41.6,47.63,488.97,4,24,0,1,0
171.4,131.99,440.95,4,30,0,2,0
141.8,27.48,781.33,9,129,0,1,0
43.0,143.19,573.27,4,20,0,1,0
191.1,170.62,228.26,5,7,1,2,1
72.5,40.49,412.79,4,28,1,1,0
135.4,167.07,94.34,3,41,1,1,0
30.5,55.38,214.98,2,5,1,2,0
125.8,49.89,342.88,3,6,0,1,0
80.9,132.05,608.7,5,1,1,3,1
326.1,69.12,744.02,7,45,0,2,0
25.6,63.04,215.65,6,8,0,2,0
112.6,39.23,206.06,8,76,1,1,0
125.4,41.49,451.42,4,24,0,4,1
247.4,64.41,495.08,4,102,1,2,0
168.7,132.02,193.95,8,16,1,1,0
213.0,27.58,39.49,1,103,0,1,0
285.1,57.19,122.74,1,125,1,1,0
371.8,24.09,1895.63,13,5,1,2,1
82.8,37.92,613.69,7,5,1,1,0
154.0,89.6,159.72,4,19,1,1,0
345.0,33.43,370.59,6,18,1,4,1
834.3,112.78,972.68,8,35,0,1,1
411.5,33.32,453.1,5,4,0,1,0
98.6,42.33,110.05,4,47,1,1,0
54.1,17.03,180.28,3,9,1,1,0
136.0,112.88,117.86,1,6,1,2,0
258.6,103.31,124.7,2,52,1,1,0
137.1,24.52,152.41,2,3,0,1,0
133.8,50.1,550.63,4,41,1,1,0
342.9,47.44,1036.03,7,4,1,1,1
95.7,44.9,473.75,4,45,0,1,0
368.6,171.36,307.3,6,52,0,1,1
109.0,44.53,258.04,5,29,1,1,0
86.6,34.54,59.55,1,15,1,1,0
123.9,18.28,40.87,1,9,0,3,0
273.7,35.67,259.49,6,55,1,2,1
39.2,131.76,159.84,3,4,1,1,0
54.4,68.65,740.5,7,121,1,1,0
559.5,68.75,298.86,3,50,1,1,1
49.7,37.06,385.9,6,39,0,2,0
166.0,119.77,91.13,2,147,1,4,1
170.9,83.18,303.37,3,39,0,1,0
136.1,45.31,111.04,3,4,0,4,0
201.3,31.31,156.05,4,13,1,1,0
62.0,57.29,69.84,1,29,0,4,0
159.8,32.98,656.31,7,29,1,2,0
98.8,53.21,344.03,3,1,1,1,0
210.1,64.88,655.84,6,10,1,1,0
42.4,38.12,276.79,4,44,0,4,0
167.3,11.88,315.31,3,36,0,1,0
51.9,77.31,237.38,5,75,1,1,0
73.8,38.86,505.12,6,106,0,1,0
59.4,64.54,399.94,4,67,0,2,0
51.3,54.67,700.64,6,27,1,1,0
329.5,154.26,91.04,3,26,1,2,0
75.6,60.34,165.74,5,16,0,3,0
486.4,102.7,59.2,2,76,1,1,0
645.7,46.81,182.08,2,59,1,2,1
167.4,33.35,376.43,4,50,1,2,1
42.8,79.36,150.02,7,50,1,1,0
99.5,37.12,105.37,1,63,0,1,0
302.7,92.05,715.39,6,83,0,2,0
97.4,26.34,105.48,3,57,1,1,0
31.4,73.18,446.97,7,56,0,1,0
161.5,59.35,260.99,2,36,1,1,0
350.7,137.04,328.01,3,21,0,1,0
301.1,77.7,298.02,5,27,0,1,0
49.7,55.2,465.97,4,26,0,1,0
216.1,96.29,812.07,6,58,0,1,0
59.8,11.77,240.85,4,11,0,1,0
59.3,83.6,653.74,6,15,0,1,0
388.0,88.05,160.72,5,27,0,3,1
66.7,94.09,55.26,2,138,0,3,0
70.0,90.12,577.28,6,23,0,1,0
15.1,81.52,84.02,1,5,1,4,0
383.2,48.16,375.93,3,37,0,1,0
298.2,65.75,242.87,2,32,0,3,0
192.7,40.27,343.62,6,62,0,1,0
264.7,34.97,606.16,7,64,1,1,1
44.7,49.43,591.25,5,10,1,1,0
125.4,53.36,110.45,2,2,1,1,0
92.9,75.36,268.22,4,51,1,1,0
32.7,124.65,111.13,4,35,0,1,0
134.8,101.57,295.71,8,6,1,2,1
471.3,71.78,397.31,4,140,1,2,1
22.4,115.64,507.47,6,86,0,1,0
77.0,60.7,167.67,4,43,1,2,1
56.9,82.26,20.95,1,2,1,1,0
64.0,48.27,167.9,4,8,1,3,0
445.3,59.76,234.91,2,13,1,3,0
128.6,51.11,160.89,5,2,0,2,0
128.0,20.46,433.91,6,58,0,1,0
272.3,20.76,153.13,3,3,1,4,1
45.2,24.7,274.26,3,8,1,2,0
135.2,72.09,605.51,7,13,1,1,0
116.2,126.27,295.57,2,14,1,2,0
178.5,115.4,722.85,6,11,1,2,1
1405.2,82.78,1419.83,10,127,0,2,1
279.1,43.25,475.67,5,107,0,2,0
106.3,34.3,347.73,3,32,1,1,0
331.4,64.5,1090.88,8,5,0,1,0
48.7,42.55,126.7,5,41,0,3,0
20.6,23.29,834.05,6,122,1,2,1
56.2,31.07,47.53,1,211,1,2,0
89.9,48.05,446.61,4,32,0,2,0
143.6,123.78,482.14,4,7,0,1,0
186.9,18.84,171.06,5,59,1,1,0
449.6,26.94,575.61,4,33,1,1,0
143.3,50.56,561.81,4,20,1,3,1
140.2,36.69,0.0,0,999,1,2,0
24.3,77.06,120.58,3,10,1,1,0
21.4,51.45,561.52,6,29,0,2,0
159.2,23.01,129.48,2,10,0,3,0
118.8,43.12,282.0,2,22,1,2,0
343.9,66.17,364.33,5,42,1,1,1
46.5,88.26,661.12,6,144,1,1,0
19.6,26.75,102.81,1,2,1,1,0
122.3,68.79,165.7,3,53,1,1,0
63.8,48.83,268.84,3,5,0,3,0
24.2,114.8,146.59,2,95,1,1,0
247.1,43.47,824.42,12,49,0,1,0
36.3,23.38,926.24,7,17,0,1,0
183.7,38.32,114.51,3,24,1,3,0
74.4,15.26,220.05,3,38,0,2,0
49.3,16.3,125.27,6,28,0,1,0
101.0,18.78,162.14,3,129,1,1,0
306.0,77.46,302.48,3,217,0,2,0
104.6,72.29,188.27,6,2,0,2,0
265.1,80.04,0.0,0,999,1,4,1
39.1,40.63,537.72,4,46,1,1,0
281.7,31.57,329.82,3,52,1,1,0
63.7,187.82,87.41,3,82,1,3,1
218.6,63.91,596.04,4,30,1,3,1
165.2,29.25,285.74,2,10,0,1,0
491.5,133.71,192.1,5,37,1,3,1
103.2,122.38,699.21,5,13,0,1,0
27.3,85.05,548.96,6,14,1,2,0
18.5,52.97,422.46,3,32,0,2,0
330.7,34.52,729.23,5,12,1,3,1
148.9,44.54,440.65,4,39,1,1,0
283.7,112.59,115.74,2,63,1,1,0
63.1,37.27,420.62,3,139,0,2,0
91.2,26.08,756.42,8,7,1,2,0
20.5,84.21,193.2,3,20,1,4,0
601.2,57.3,478.83,6,45,0,1,1
213.4,38.19,655.26,9,29,1,1,0
502.1,40.41,283.18,2,3,0,2,1
70.5,14.05,759.47,6,15,0,2,0
185.2,42.19,120.39,5,52,0,4,0
219.3,106.53,85.12,4,23,0,1,0
83.8,31.84,29.02,1,39,0,1,0
354.2,205.79,198.7,2,34,1,2,1
544.3,58.03,629.41,5,95,0,2,1
404.1,22.11,695.55,8,65,0,1,0
256.8,67.45,626.6,7,14,0,2,0
73.5,31.77,256.27,5,23,1,1,0
74.5,85.38,159.42,2,22,1,1,0
610.2,116.98,160.17,3,11,1,1,1
16.9,95.69,333.73,6,32,0,2,0
241.6,94.38,425.1,6,10,1,3,1
235.5,44.6,130.9,5,6,1,1,0
190.4,32.34,864.87,6,4,1,1,0
845.9,79.52,416.56,3,12,1,3,1
82.3,33.93,370.54,3,22,1,1,0
89.8,45.57,563.44,6,5,1,1,0
29.8,34.77,502.77,4,37,1,2,1
120.3,37.46,586.55,4,68,0,1,0
69.5,83.27,398.06,7,19,1,2,0
90.7,36.06,202.07,3,68,0,2,0
338.9,84.19,114.78,1,6,1,1,0
508.4,116.6,414.29,4,3,1,1,1
52.0,41.36,763.36,6,56,1,1,0
98.9,28.55,455.75,7,121,0,1,0
490.2,103.06,181.12,3,14,0,4,1
26.5,70.03,672.73,7,36,1,1,0
32.4,35.41,77.92,2,35,1,1,0
47.0,47.08,100.58,4,38,0,1,0
177.8,73.61,258.69,5,28,1,2,0
44.4,20.3,243.49,6,10,1,4,1
635.0,145.53,83.47,4,3,1,1,1
121.5,98.13,484.56,4,1,1,1,1
140.3,58.74,181.23,2,7,0,1,0
66.0,141.24,106.96,1,5,1,2,0
129.6,127.82,247.18,6,2,1,1,0
210.2,51.71,53.37,1,4,1,1,0
265.4,49.25,55.63,2,2,1,2,0
267.3,50.49,898.03,6,27,1,2,1
170.2,81.04,133.61,4,2,0,2,0
437.5,77.28,31.75,1,183,0,1,0
321.1,16.25,399.37,4,23,0,3,1
269.7,74.14,315.72,5,76,0,1,0
25.3,73.86,1218.47,9,22,1,2,1
16.2,50.82,512.39,4,5,0,1,0
58.0,60.94,132.86,1,61,1,2,0
211.1,18.36,577.83,5,9,1,2,1
110.3,25.59,185.66,5,2,1,2,0
107.7,33.9,113.08,4,7,0,1,0
403.7,81.68,170.41,6,31,1,1,0
421.7,119.95,621.16,5,19,1,1,1
446.8,78.51,527.13,5,6,1,2,1
82.8,62.98,1180.22,8,25,1,3,1
226.4,89.07,103.66,1,101,1,2,0
72.1,10.01,314.43,6,43,1,3,0
53.1,114.22,63.27,2,3,0,1,0
51.7,53.93,202.58,3,13,1,1,0
90.4,105.86,229.8,5,39,1,2,0
116.2,85.69,101.69,1,5,0,3,0
335.0,35.39,32.48,1,26,1,4,1
38.0,67.82,120.43,1,26,0,1,0
254.0,37.42,331.65,3,4,1,2,1
151.5,76.8,694.36,6,31,0,2,0
76.1,155.84,873.07,6,76,1,3,1
137.2,77.0,941.16,9,35,1,2,1
79.2,34.36,490.05,4,82,1,1,0
178.2,98.2,93.27,3,32,0,2,0
117.4,33.14,427.81,3,46,1,1,0
47.3,117.11,96.83,2,74,1,4,1
37.3,29.36,420.48,5,21,0,1,0
157.4,108.06,433.27,3,6,1,1,0
433.9,42.12,173.27,4,5,0,2,0
90.9,81.81,24.62,1,101,1,1,0
252.7,98.8,175.86,3,26,1,2,0
208.5,67.31,120.99,3,38,1,1,0
497.7,45.19,320.53,3,32,0,4,1
324.6,68.88,393.32,7,28,1,2,1
165.5,53.93,28.17,1,27,0,2,0
207.6,59.88,816.56,6,22,0,2,0
426.6,20.32,185.02,7,71,0,1,0
106.8,87.62,331.59,6,5,1,1,0
86.2,66.11,307.43,6,42,1,1,0
17.0,17.07,23.06,1,38,1,2,0
330.3,47.02,124.44,3,3,0,2,0
305.6,13.12,377.79,3,9,1,3,1
34.9,60.7,49.76,2,51,0,2,0
169.8,80.35,69.06,3,9,1,1,0
127.2,38.29,307.27,3,29,0,3,0
37.7,36.51,157.8,5,3,1,2,0
724.4,45.48,273.22,4,9,1,1,1
58.5,36.37,40.56,2,73,0,3,0
27.5,32.27,268.44,4,15,1,3,0
177.6,15.48,245.38,4,54,1,2,0
256.7,35.62,498.26,5,22,0,3,0
20.9,20.75,254.65,3,13,0,1,0
208.5,113.96,324.62,3,28,0,3,0
151.8,126.0,849.97,6,26,0,3,0
34.6,77.57,863.61,7,138,0,2,0
49.1,110.64,848.17,6,14,0,2,0
166.1,33.73,162.3,6,35,1,1,0
78.3,79.92,743.72,5,39,1,1,0
516.4,78.67,61.87,1,33,0,3,0
322.4,69.53,391.81,7,22,1,1,1
754.5,44.65,217.37,3,51,0,1,1
69.1,58.05,0.0,0,999,1,2,0
644.5,67.86,720.29,5,105,1,1,1
116.6,66.9,92.05,1,124,1,2,0
91.9,31.01,240.42,6,8,0,4,0
24.3,121.47,191.31,4,35,1,1,0
24.8,60.91,145.4,2,64,1,1,0
227.0,91.0,67.55,1,108,0,2,0
125.2,40.78,305.85,6,6,0,2,0
61.2,76.88,652.65,5,98,0,4,0
186.3,63.48,282.07,5,9,1,1,1
67.5,33.15,485.29,5,28,1,1,0
170.1,58.59,164.62,2,35,1,3,0
95.1,48.11,140.05,1,70,0,2,0
327.3,51.25,407.04,4,54,1,2,0
324.4,100.68,63.17,1,90,1,3,1
131.8,54.53,927.27,9,51,1,1,1
92.8,97.11,245.83,4,14,0,1,0
96.1,81.31,63.63,2,7,1,3,1
309.9,62.52,415.38,5,6,1,1,1
86.6,104.08,395.48,3,4,0,2,0
57.2,99.27,414.58,3,89,0,1,0
30.9,62.6,634.81,7,22,1,2,0
128.2,65.51,665.63,6,111,1,1,0
133.4,104.73,894.51,9,49,0,2,0
345.9,84.37,877.85,7,101,1,2,0
60.0,120.73,167.1,5,67,1,1,0
101.3,53.83,72.18,1,29,0,1,0
312.4,27.62,370.3,7,9,0,1,0
327.3,37.53,83.42,4,10,1,1,1
102.4,16.31,383.67,3,16,0,1,0
125.6,35.98,74.89,2,1,0,2,0
80.0,83.82,248.16,4,37,0,2,0
500.4,54.38,265.39,2,27,1,1,1
37.7,32.98,796.4,7,4,1,3,1
503.6,41.39,375.21,4,58,1,1,1
222.3,69.57,301.67,5,57,0,3,0
151.5,42.72,173.98,2,5,1,2,0
21.0,50.67,54.62,2,8,0,1,0
131.2,21.17,0.0,0,999,0,2,0
109.3,112.47,152.55,3,25,1,2,0
46.6,121.88,329.18,4,96,1,2,0
207.3,34.12,161.41,5,36,0,1,0
653.2,47.02,224.8,2,38,1,1,1
163.7,15.08,545.83,4,12,1,2,1
240.8,107.09,158.54,2,33,1,1,1
27.8,25.18,215.74,7,8,0,1,0
112.3,56.98,571.44,4,41,0,3,0
37.3,29.83,234.35,3,9,1,4,0
185.8,57.78,121.78,4,1,1,1,0
516.9,95.34,355.96,8,25,1,3,1
210.1,80.99,106.74,3,12,1,2,0
29.4,84.57,137.03,3,33,1,1,0
93.8,23.39,120.76,3,46,1,2,0
159.0,56.08,979.82,7,56,1,1,1
107.9,166.65,283.08,6,131,1,2,1
337.9,67.11,309.82,4,27,0,1,0
318.4,59.09,344.65,3,22,0,3,0
185.3,49.5,324.02,3,10,0,2,0
99.2,63.42,288.68,2,46,0,2,0
68.1,57.66,436.75,3,22,0,3,0
35.1,149.97,188.38,2,14,1,2,0
93.9,91.92,589.0,5,19,1,1,0
110.9,53.55,280.74,4,16,0,2,0
217.8,89.25,606.42,8,127,1,3,1
208.2,35.87,201.41,6,9,1,3,1
28.1,57.11,537.72,5,18,0,1,0
105.5,42.72,165.54,3,13,1,2,0
51.1,85.76,121.53,4,7,0,2,0
45.7,54.62,131.08,4,12,0,4,0
331.1,62.87,227.82,2,23,1,1,0
22.7,52.12,248.8,5,33,0,2,0
112.8,71.46,360.29,3,32,0,1,0
48.2,86.55,688.85,5,49,1,3,1
395.6,122.1,450.17,7,3,1,2,1
161.6,49.14,246.41,2,13,1,1,0
62.4,30.96,454.42,6,15,1,3,1
140.6,73.76,842.72,7,39,0,1,0
251.7,26.04,59.87,1,8,1,1,0
586.1,48.26,705.47,5,8,0,2,1
59.8,21.72,1186.69,8,4,1,1,0
406.2,243.73,421.2,6,26,0,2,1
505.1,113.07,275.16,6,43,1,2,1
461.8,106.96,327.28,3,40,0,2,0
196.6,125.65,191.73,2,45,0,1,0
193.9,100.21,744.45,5,7,0,1,0
107.9,67.36,502.03,4,29,0,2,0
266.3,68.51,514.25,4,4,1,1,0
151.4,118.64,1029.98,9,112,1,1,0
218.7,123.23,328.01,5,4,0,1,0
115.7,32.71,566.64,4,69,1,1,0
251.7,53.7,402.69,5,2,1,3,1
328.2,61.57,215.78,3,25,1,1,0
43.5,102.02,135.75,3,63,1,2,0
337.1,36.06,297.57,5,34,0,1,0
154.9,33.61,40.59,2,23,0,2,0
350.2,24.71,634.73,6,5,1,4,1
116.6,43.2,394.84,4,36,1,1,0
100.8,47.91,289.58,4,31,1,2,0
458.8,138.9,437.17,3,21,0,1,1
67.1,95.29,550.52,5,9,0,3,0
349.7,101.98,154.66,3,9,1,1,0
134.1,30.29,207.69,3,116,0,1,0
144.9,51.78,261.16,3,111,1,2,0
81.4,88.44,181.79,2,91,0,3,0
168.2,64.27,446.66,8,24,1,2,1
85.8,79.74,157.28,3,146,1,2,0
22.2,24.99,353.55,6,12,1,1,0
72.1,62.71,435.71,3,19,1,4,1
16.2,91.23,200.21,3,7,0,1,0
704.9,30.97,68.64,1,21,0,1,0
622.3,18.11,454.53,4,7,0,1,0
105.5,30.16,246.95,6,3,1,2,0
249.6,117.74,207.22,2,1,0,1,0
91.4,27.29,532.98,5,16,1,1,0
215.2,59.75,170.32,6,75,1,1,0
309.7,17.68,268.16,6,19,1,1,0
542.9,33.6,241.93,3,35,1,2,1
107.0,66.62,514.42,4,56,0,1,0
290.3,58.93,0.0,0,999,1,1,0
70.6,107.16,400.65,3,28,0,1,0
850.0,75.0,130.63,1,25,0,2,1
19.7,30.97,86.5,1,5,1,2,0
181.5,51.3,403.59,4,34,0,2,0
208.9,45.14,558.82,4,43,0,3,0
224.7,13.07,232.68,2,1,1,1,0
38.1,141.01,133.05,2,3,1,1,0
517.1,60.58,524.38,8,26,1,1,1
51.0,67.18,473.63,7,60,0,1,0
190.5,86.8,253.13,3,26,0,3,0
60.3,87.49,134.25,2,19,0,2,0
81.1,92.97,44.38,1,91,1,2,0
157.3,46.71,194.68,2,3,0,2,0
112.2,43.34,797.98,6,5,0,1,0
46.4,109.56,420.16,5,38,1,1,0
48.7,143.05,387.91,8,4,1,2,1
112.5,17.64,502.79,4,5,0,1,0
269.9,107.25,118.25,1,68,0,1,0
425.8,51.32,222.06,2,8,0,4,0
30.8,56.65,430.86,4,32,0,2,0
104.9,10.04,243.39,2,17,0,2,0
34.0,59.71,383.8,3,5,0,1,0
18.0,41.2,410.3,3,17,1,1,0
210.1,12.25,794.33,8,18,0,2,0
181.0,115.86,0.0,0,999,1,1,0
47.0,66.73,348.55,11,6,0,1,0
62.9,72.86,113.91,1,2,1,3,0
19.3,115.3,115.07,3,31,0,1,0
339.3,88.43,797.45,6,3,1,1,1
676.8,24.28,509.35,7,6,1,1,1
41.2,100.42,267.8,2,131,0,1,0
62.4,20.32,87.4,1,1,1,2,0
380.1,84.44,394.76,5,34,0,1,0
484.8,160.63,336.32,5,5,1,1,1
112.9,84.88,223.8,8,57,1,1,0
24.4,47.93,43.0,2,29,0,1,0
22.2,157.41,430.65,5,21,0,3,0
168.6,66.55,685.72,5,21,1,2,1
104.8,31.58,480.97,5,37,1,2,0
20.2,39.19,528.44,4,60,0,2,0
172.5,38.38,299.94,2,1,1,2,0
17.0,178.93,259.32,6,1,1,1,0
293.7,84.03,317.23,3,11,0,1,0
80.9,85.82,296.79,4,45,1,1,0
22.4,77.54,47.14,1,8,0,3,0
174.8,69.58,102.63,2,18,0,2,0
106.3,43.71,310.83,6,24,0,3,0
670.6,26.98,114.85,1,16,0,1,0
156.4,73.47,132.3,2,21,1,1,0
72.9,154.65,0.0,0,999,0,2,0
237.5,71.22,675.87,5,9,1,1,1
72.0,122.22,146.79,6,13,0,1,0
437.3,17.28,346.89,3,25,0,1,0
99.5,71.45,434.62,3,66,0,2,0
158.7,41.95,506.67,5,8,1,3,0
24.3,30.51,456.31,5,25,0,1,0
115.0,135.75,167.93,6,69,1,1,0
336.5,45.48,341.54,4,4,1,2,1
309.9,83.92,334.91,5,42,1,1,1
60.7,55.49,242.31,2,9,0,3,0
61.1,24.22,627.65,5,7,1,2,1
321.0,90.96,125.36,3,9,0,1,0
494.7,47.55,87.89,1,23,0,1,0
33.0,99.13,922.54,7,31,1,1,1
122.6,33.77,505.94,5,8,0,1,0
89.1,42.45,247.58,3,4,1,1,0
383.2,82.06,410.24,3,20,0,1,0
30.7,35.55,582.57,4,2,0,2,0
57.7,90.06,252.93,5,26,1,3,0
266.3,15.11,262.58,6,38,0,2,0
24.5,27.24,662.14,5,96,1,2,0
137.1,62.18,103.17,2,6,1,2,0
120.0,85.92,390.66,3,19,1,4,1
88.3,63.93,236.62,4,10,1,3,0
105.3,80.03,67.48,3,9,0,1,0
150.9,45.76,374.26,5,25,0,2,0
46.7,14.33,100.99,4,6,0,1,0
167.8,49.46,94.08,2,1,1,1,0
309.7,50.18,82.32,1,6,0,3,0
272.0,116.26,100.02,4,14,0,1,0
45.1,88.99,48.64,2,1,1,1,0
44.1,28.8,160.68,4,64,0,1,0
71.2,12.02,320.63,4,29,0,2,0
95.6,55.28,879.73,6,1,1,1,0
109.5,41.77,96.43,3,9,0,3,0
219.9,147.89,705.98,7,36,1,1,0
25.5,118.37,423.1,5,1,0,2,0
21.4,24.21,55.64,2,16,1,1,0
104.5,87.41,48.88,2,4,0,1,0
230.0,79.39,48.84,1,17,1,1,1
53.7,77.59,436.07,4,114,0,1,0
199.7,231.74,725.55,5,20,1,2,1
69.2,56.41,646.03,7,32,0,1,0
406.0,93.78,0.0,0,999,1,2,0
421.9,101.61,0.0,0,999,0,1,0
78.5,73.71,285.0,2,31,1,1,0
62.0,146.74,64.88,3,32,0,1,0
110.4,67.36,98.29,1,32,1,1,0
64.5,98.47,302.82,7,1,1,2,1
215.9,38.28,143.04,5,40,0,1,0
329.8,27.1,318.46,6,37,1,3,0
216.3,81.7,709.04,5,3,1,1,1
328.1,58.16,595.14,5,7,1,1,0
106.0,60.24,169.03,4,25,1,1,0
45.6,48.7,171.25,6,15,0,3,0
256.1,97.2,420.54,5,29,1,1,0
95.5,66.62,53.69,2,47,1,1,0
215.3,191.88,362.64,5,27,1,2,0
71.8,65.3,496.13,4,21,1,1,0
30.2,75.86,510.52,6,11,0,1,0
897.7,104.38,409.77,3,32,0,4,1
45.6,81.37,491.45,4,58,1,1,0
817.5,27.89,921.85,10,10,0,1,1
696.2,53.0,368.26,3,51,0,2,1
299.2,36.61,161.66,5,18,0,1,0
208.9,78.87,323.24,7,4,1,1,0
170.2,70.44,333.16,3,80,1,2,0
376.9,100.59,62.23,3,38,0,3,1
76.5,108.73,103.04,5,61,0,2,0
128.5,36.58,416.67,6,35,0,2,0
188.9,107.45,0.0,0,999,0,1,0
110.3,117.3,1032.57,7,26,0,1,0
115.4,31.77,0.0,0,999,0,1,0
87.2,75.93,1004.75,7,10,0,3,1
164.5,130.12,1171.78,9,33,0,3,1
357.2,52.47,184.77,4,28,0,1,0
55.5,60.46,290.06,4,1,0,1,0
505.4,75.64,606.54,6,71,1,2,1
225.3,7.04,198.35,5,26,0,2,0
327.0,65.88,182.11,3,29,1,2,1
161.2,68.51,473.32,4,6,0,1,0
287.1,87.95,388.83,6,54,1,2,1
17.9,90.03,280.74,2,25,0,2,0
322.1,59.16,145.76,2,4,1,1,0
22.4,155.48,291.41,6,40,1,2,1
412.2,36.5,141.95,3,23,0,2,0
883.3,98.79,437.35,4,14,0,1,1
77.7,12.38,135.72,2,84,0,1,0
57.5,63.02,101.69,2,57,0,1,0
275.9,10.96,440.81,4,2,0,3,0
67.5,65.66,224.35,3,40,1,1,0
376.2,80.73,649.9,5,7,1,4,1
34.5,49.55,365.47,4,1,0,2,0
39.2,61.87,731.91,5,9,1,3,1
711.7,93.99,137.36,2,2,1,2,1
216.7,6.45,340.04,6,34,0,1,0
352.8,44.32,415.17,4,47,0,1,0
85.6,132.43,336.26,3,7,1,2,0
218.1,27.44,66.62,3,8,0,3,0
177.4,39.37,321.06,3,5,1,2,0
181.4,14.83,174.13,4,28,1,1,0
221.5,44.58,867.91,6,23,1,1,0
169.2,57.26,569.29,6,1,1,2,0
115.9,226.71,36.46,1,16,1,1,0
73.1,77.65,134.27,5,4,1,1,0
278.4,45.96,403.05,3,29,1,1,0
61.2,20.57,261.16,2,22,1,3,0
227.2,39.59,305.73,4,21,1,2,0
62.8,34.56,125.5,4,44,1,1,0
191.7,13.14,212.09,3,21,0,2,0
262.4,26.85,713.21,6,22,1,2,1
59.4,46.95,317.98,3,33,0,1,0
26.1,51.48,397.41,3,12,0,2,0
40.3,92.99,352.96,3,91,1,2,0
182.7,135.99,188.75,3,11,0,1,0
355.8,50.75,321.74,5,81,0,3,0
23.3,100.79,104.21,1,56,1,2,0
253.5,46.01,120.64,2,78,1,2,0
90.2,32.6,663.98,5,7,0,1,0
132.2,90.22,125.2,2,9,1,2,1
490.8,45.51,250.68,3,62,0,2,0
87.6,35.51,230.58,9,104,0,3,0
127.7,31.55,70.7,2,46,1,1,0
17.5,18.85,185.73,5,34,0,2,0
30.3,61.76,194.21,3,55,1,2,0
68.9,40.82,105.48,3,2,0,2,0
20.1,103.07,635.39,8,64,0,2,0
194.6,157.02,109.98,2,11,1,1,0
115.0,31.43,110.84,2,2,1,2,0
158.0,23.16,701.24,9,38,0,1,0
49.5,138.39,393.0,3,46,1,1,0
78.2,65.71,119.02,1,33,0,1,0
211.2,64.24,674.42,5,15,1,1,1
620.0,73.47,297.45,2,5,0,1,0
24.3,113.9,107.22,5,49,1,1,0
412.9,113.43,550.13,5,2,1,1,1
169.8,87.67,249.04,7,47,0,1,0
164.4,27.33,425.36,3,104,1,1,0
139.9,16.33,148.47,3,189,1,2,0
27.9,27.5,523.95,8,17,0,2,0
32.0,19.83,294.55,2,4,0,3,0
180.3,94.01,530.94,4,4,0,3,0
90.1,39.01,182.96,7,23,0,3,0
463.6,86.55,104.37,4,52,1,3,1
108.9,59.82,0.0,0,999,1,3,0
42.8,38.63,58.3,2,7,0,2,0
240.8,31.83,915.08,7,30,1,1,0
77.5,36.86,280.4,2,3,0,2,0
149.2,23.38,92.4,4,70,1,3,1
230.4,159.58,145.8,3,23,1,1,0
429.9,55.67,161.1,7,17,1,3,1
297.8,59.88,58.94,2,1,0,1,0
218.1,58.88,357.72,4,4,1,1,1
219.9,92.58,344.76,3,58,1,2,1
540.1,34.64,246.99,3,40,0,2,0
78.1,117.4,140.35,2,1,0,3,0
15.2,48.38,234.37,5,120,1,2,0
72.1,47.16,253.77,5,15,1,1,0
59.2,128.36,382.85,4,31,0,3,0
210.2,34.29,262.5,2,43,1,3,0
195.8,76.18,72.59,1,103,0,3,0
177.0,58.58,142.15,1,73,1,2,0
17.9,38.48,53.55,2,30,1,3,0
249.9,83.74,511.19,4,5,1,1,1
85.4,26.01,320.14,5,62,1,2,0
211.9,38.26,398.82,3,56,1,1,1
161.4,62.96,279.05,2,34,1,1,0
90.5,145.72,555.27,5,149,1,3,1
41.0,137.85,198.47,3,25,1,2,0
32.9,76.89,317.61,4,8,1,3,0
335.6,49.1,366.92,4,10,1,2,1
466.1,13.99,560.49,7,18,1,1,1
203.9,101.43,614.25,5,19,1,3,1
34.7,110.28,360.9,3,59,1,1,0
107.6,76.23,43.29,2,72,1,1,0
250.0,50.52,198.58,5,16,1,1,0
287.4,96.07,201.78,3,96,1,3,0
37.6,57.54,214.83,2,87,0,3,0
15.0,53.3,299.16,6,18,1,2,0
239.1,19.83,61.96,1,67,1,3,0
94.4,93.04,160.14,2,4,0,2,0
67.9,64.41,676.5,7,24,1,3,1
17.3,137.43,411.7,3,41,0,1,0
154.9,40.25,249.2,2,14,0,4,0
357.9,32.82,333.49,5,1,1,1,1
584.0,109.62,479.35,4,2,1,1,1
165.1,123.89,512.98,4,74,1,1,0
145.0,59.78,527.42,6,24,1,1,0
31.0,98.64,175.46,3,6,0,2,0
158.3,48.28,713.0,5,77,1,2,1
101.0,49.96,725.46,5,94,1,2,0
183.2,76.48,147.59,3,13,0,1,0
103.6,49.55,854.41,7,29,1,3,1
64.5,69.56,76.28,3,13,1,3,0
33.0,63.38,81.24,4,43,0,2,0
83.1,27.98,328.52,5,98,0,4,0
33.3,69.34,400.65,5,1,1,1,0
50.0,28.56,637.17,7,21,1,4,1
801.4,94.0,276.7,4,53,1,1,1
120.7,110.74,220.46,6,39,0,1,0
151.6,53.63,194.47,3,7,1,1,0
387.3,146.29,507.35,4,17,0,2,0
990.4,122.54,318.21,5,21,0,1,1
172.3,70.03,194.0,2,45,0,1,0
316.3,50.16,651.08,6,21,0,1,0
86.3,105.08,230.43,2,13,1,1,0
80.7,147.9,417.19,5,18,1,3,0
107.8,73.45,145.37,4,112,1,1,0
215.9,162.27,548.26,4,2,1,1,1
221.3,43.44,53.84,1,14,1,1,0
83.2,88.58,64.06,1,8,1,1,0
40.7,59.42,361.77,3,17,0,1,0
195.1,31.8,477.03,4,29,0,2,0
39.7,46.04,409.59,3,8,1,1,0
170.5,110.42,48.77,2,19,1,2,0
227.8,55.46,935.8,7,58,0,1,0
232.1,42.22,1229.89,10,34,1,1,1
267.1,126.11,176.52,2,38,0,2,0
386.2,108.48,244.4,6,93,1,2,1
139.8,47.23,181.7,2,18,0,2,0
250.8,167.07,90.43,2,205,1,1,0
188.8,57.15,436.33,3,16,1,1,0
52.2,73.66,672.87,6,7,1,1,1
19.7,62.89,292.53,3,55,0,2,0
75.3,35.04,754.42,6,24,1,1,0
120.3,54.39,624.53,7,14,1,3,1
187.8,58.83,139.17,5,10,1,1,0
356.4,16.82,214.7,4,57,1,1,0
54.3,71.44,147.62,1,28,1,1,0
39.1,100.52,522.42,4,33,0,3,0
610.8,28.79,281.14,2,21,1,3,1
35.6,90.04,130.87,4,8,1,3,0
132.2,113.8,208.96,4,14,1,2,1
173.6,7.3,84.66,3,5,1,1,0
155.3,54.93,761.29,6,14,1,2,0
31.2,165.36,42.61,1,81,1,1,0
25.6,70.39,146.61,2,29,1,1,0
35.1,16.32,275.18,5,2,1,1,0
173.6,25.36,986.63,7,48,1,2,1
156.5,72.34,594.54,6,48,1,3,1
62.9,87.24,743.61,6,47,0,2,0
197.8,62.09,196.56,2,32,0,1,0
323.7,69.76,99.63,1,2,0,2,0
22.6,63.22,348.89,5,16,0,2,0
139.1,39.72,255.35,5,13,1,2,0
225.4,63.34,326.45,5,1,1,1,0
67.3,20.95,0.0,0,999,1,1,0
81.2,48.64,659.16,6,18,1,1,0
186.2,83.66,299.73,4,70,1,4,1
425.8,33.68,640.65,7,108,0,3,1
313.9,51.38,480.89,4,45,1,1,0
172.5,66.05,327.91,6,9,1,1,0
250.8,159.67,375.37,5,84,1,1,0
96.7,108.06,612.73,7,126,0,2,0
199.4,20.44,53.99,2,19,1,1,0
128.0,182.46,39.78,1,25,0,3,0
52.9,131.29,169.54,6,14,0,2,0
232.8,68.68,588.97,5,63,0,2,0
161.3,97.56,294.94,5,12,0,3,1
94.9,36.82,299.75,4,4,0,2,0
451.1,59.0,1181.42,11,20,1,1,1
18.8,35.4,728.21,5,7,1,2,0
83.3,86.7,878.05,7,19,1,1,1
25.5,215.52,165.08,6,29,1,2,1
276.8,47.01,358.47,6,54,1,1,0
233.0,55.14,52.76,2,39,1,1,0
87.4,60.26,56.03,2,45,1,3,0
217.7,48.65,255.98,7,30,1,3,1
105.7,83.76,246.96,4,3,1,3,1
269.1,113.0,150.28,3,70,0,1,0
124.0,41.98,394.7,6,40,0,2,0
110.7,59.8,888.03,7,52,0,3,0
506.3,90.42,247.4,2,93,1,4,1
67.0,33.37,65.6,1,114,1,1,0
38.1,26.57,317.33,3,109,1,1,0
173.1,41.47,68.45,1,11,0,1,0
642.2,93.17,280.7,4,63,1,3,1
100.4,32.28,0.0,0,999,1,2,0
26.5,43.3,209.89,3,41,0,2,0
89.6,60.14,182.81,2,42,0,1,0
141.9,66.4,69.96,2,71,1,2,0
46.8,55.21,270.14,3,12,0,1,0
208.2,60.98,815.22,7,7,0,3,0
1112.4,22.18,406.46,3,19,0,2,1
123.2,40.4,156.57,4,99,1,1,0
93.9,97.39,587.14,8,3,0,3,1
107.2,38.36,83.2,1,20,0,1,0
37.0,67.52,688.13,5,39,1,2,0
401.6,63.57,106.93,2,35,0,3,0
111.5,91.53,332.29,8,55,1,3,0
103.2,99.54,345.54,9,11,1,1,1
209.0,116.06,200.67,5,9,1,1,0
120.0,137.05,399.11,3,58,0,1,0
203.1,32.55,100.57,1,58,1,1,0
26.4,14.45,672.25,9,10,0,2,0
317.5,47.13,530.7,4,20,0,1,0
522.9,30.99,117.49,2,20,0,3,1
203.3,35.48,281.24,2,24,0,1,0
571.5,81.73,711.91,6,60,1,2,1
44.6,112.05,90.7,4,31,0,3,0
131.8,68.61,0.0,0,999,0,4,0
180.7,39.4,259.04,2,12,0,3,0
171.9,70.71,286.0,4,2,1,1,0
107.4,93.43,444.99,3,83,0,2,0
89.3,22.29,260.11,2,42,1,1,0
39.4,49.26,353.69,3,3,1,2,0
104.5,51.91,112.85,3,12,1,1,0
47.0,54.25,102.07,3,35,1,1,0
253.6,33.87,206.71,2,8,1,2,0
57.2,71.74,105.99,1,4,1,1,0
25.9,75.86,235.06,6,27,1,1,0
159.7,32.11,524.06,4,14,0,1,0
177.8,128.17,400.75,3,58,1,2,0
384.9,27.14,370.78,5,99,1,2,0
169.9,38.49,198.01,2,30,1,1,0
91.3,25.45,604.77,7,41,0,3,0
307.4,22.99,0.0,0,999,1,2,0
154.9,64.5,222.28,7,9,1,3,1
29.9,38.42,606.85,5,78,1,2,0
165.2,99.9,751.33,9,27,1,1,1
444.5,34.15,397.67,4,7,1,1,1
105.8,38.74,199.35,2,12,0,1,0
78.3,92.14,346.75,5,39,1,3,0
42.9,28.99,119.12,5,84,0,3,0
44.6,44.33,489.19,4,5,1,1,0
117.1,126.9,242.69,3,34,0,3,0
178.0,10.14,342.52,9,16,0,3,0
30.1,7.44,159.18,7,13,0,2,0
520.1,22.32,66.83,3,7,1,2,1
268.3,140.13,170.35,7,72,1,3,1
174.0,76.72,200.77,5,15,1,1,0
332.3,71.53,250.45,5,20,0,2,0
30.0,22.35,156.39,3,8,1,4,1
131.6,62.96,510.88,5,31,1,1,1
194.0,32.52,205.61,4,20,1,1,0
332.5,101.5,430.46,4,8,1,2,1
290.4,104.35,381.11,3,13,0,1,0
73.4,41.08,280.09,4,17,1,1,0
524.1,80.26,566.93,5,3,0,2,1
38.9,73.76,134.15,4,2,1,2,0
389.5,54.82,313.15,5,161,0,1,0
651.9,33.28,108.74,1,87,1,1,0
50.1,44.49,564.53,4,30,0,4,0
245.5,99.14,500.11,5,10,0,3,1
22.4,128.03,0.0,0,999,1,4,0
108.6,47.11,364.68,6,20,0,2,0
145.7,135.87,425.41,6,17,0,2,0
171.4,76.76,209.75,2,44,0,1,0
509.6,55.98,62.51,1,18,1,1,1
215.8,52.01,729.9,9,103,0,1,0
133.1,34.64,474.68,4,10,1,1,0
313.6,83.72,305.47,6,1,0,1,0
556.2,149.77,452.59,4,31,0,1,0
19.0,54.57,237.98,2,146,0,1,0
743.4,30.63,529.11,4,63,1,2,1
31.2,92.11,46.21,2,1,0,2,0
318.1,45.61,139.16,4,29,1,2,1
74.2,34.33,576.52,4,20,0,1,0
40.5,21.63,145.41,4,49,1,3,0
119.3,82.08,583.96,7,10,0,3,0
200.9,115.97,208.52,5,10,0,2,0
101.3,25.99,627.73,5,13,1,3,1
25.1,48.74,162.73,5,10,1,3,0
179.7,51.55,93.39,3,1,1,1,0
433.8,35.92,256.83,3,33,1,1,0
102.0,133.67,254.82,5,32,1,1,0
58.9,20.98,318.01,3,63,1,2,0
120.2,77.24,545.12,5,40,0,2,0
23.9,86.4,480.93,5,34,0,1,0
324.2,35.75,385.51,3,9,0,1,0
330.1,30.27,331.97,3,45,0,3,1
174.6,39.77,177.51,4,64,0,2,0
93.4,16.3,181.16,6,20,1,2,0
304.5,152.25,586.05,5,26,1,2,1
160.6,41.91,697.22,6,51,0,1,0
329.7,45.66,652.71,5,21,1,1,1
194.7,168.13,138.91,3,37,0,1,0
291.2,18.17,196.04,4,8,1,2,0
179.3,54.27,284.9,3,29,0,2,0
111.2,93.61,120.69,3,2,1,1,0
585.4,152.44,234.1,4,8,0,1,1
155.2,19.67,251.23,2,84,0,4,0
182.2,165.37,380.69,6,30,1,1,1
59.8,48.6,85.89,4,20,1,2,0
191.9,48.85,313.82,3,25,0,2,0
167.6,26.34,173.9,4,1,1,1,0
51.8,61.82,90.92,2,21,0,1,0
26.1,165.8,44.3,2,6,0,3,0
181.9,61.07,285.43,3,65,0,2,0
274.7,33.44,465.24,5,18,1,1,1
148.4,38.1,162.68,5,9,1,1,0
61.3,39.32,79.67,3,24,1,1,0
212.7,139.89,419.04,5,15,1,2,1
30.0,158.5,364.7,3,21,1,1,0
120.0,20.93,719.93,5,43,0,2,0
47.1,27.73,148.85,5,24,1,1,0
51.7,29.99,560.31,5,81,1,1,0
55.7,40.87,89.78,2,10,1,1,0
103.0,176.83,195.33,8,13,0,1,0
24.5,163.84,0.0,0,999,1,1,0
106.3,58.93,283.81,3,51,1,1,0
144.0,44.22,589.05,6,124,1,1,0
133.9,13.77,79.19,3,33,1,3,0
101.9,67.13,562.45,4,29,0,1,0
343.9,62.52,108.39,4,30,0,3,0
43.3,25.68,48.23,1,15,1,2,0
141.8,75.76,304.9,4,16,1,1,0
26.5,102.59,1000.54,7,11,0,2,0
28.3,25.45,744.3,5,30,1,1,0
168.5,42.36,60.14,3,61,0,2,0
165.3,99.49,98.37,2,33,1,2,0
393.7,36.75,425.88,5,22,0,2,0
161.9,41.19,330.81,3,3,1,2,1
593.5,42.99,0.0,0,999,1,1,0
24.0,77.92,210.79,4,62,1,4,0
33.6,111.26,137.03,3,17,1,1,0
23.1,146.89,21.86,1,72,0,3,0
51.9,106.44,1036.57,8,10,1,1,1
155.3,58.55,346.22,5,29,0,1,0
201.7,86.4,794.19,6,109,1,4,1
23.4,24.26,124.16,2,27,0,3,0
540.3,190.53,709.71,6,8,1,2,1
347.3,34.43,145.28,5,9,1,1,1
78.3,82.49,501.95,4,6,0,2,0
29.5,64.59,407.49,3,1,0,1,0
48.5,22.59,326.61,6,39,0,2,0
39.4,34.56,230.65,6,51,1,4,0
38.7,115.68,227.49,5,57,0,1,0
146.6,53.84,531.25,4,3,0,1,0
65.8,30.79,400.45,7,94,0,1,0
94.8,48.76,150.23,3,32,0,1,0
835.2,30.78,294.51,2,4,0,4,1
222.5,40.91,749.71,7,3,0,1,0
550.6,19.19,384.57,3,24,1,4,1
42.7,58.53,585.59,5,10,1,2,0
101.7,64.2,137.24,2,9,1,1,0
160.6,41.33,396.47,3,1,1,2,1
29.4,115.33,578.77,6,22,0,1,0
15.8,42.92,527.31,5,3,0,1,0
214.8,53.82,0.0,0,999,0,1,0
199.8,39.71,1032.86,7,6,0,1,0
110.2,45.62,1179.88,9,1,0,2,1
136.1,88.65,39.25,1,4,1,1,0
111.6,24.78,186.02,4,30,1,2,0
19.4,75.31,821.21,7,10,1,1,0
88.5,36.56,46.7,2,3,1,3,0
50.1,25.52,190.83,3,5,1,1,0
33.7,46.59,446.14,5,2,0,1,0
580.2,139.61,186.55,4,50,0,1,0
179.6,81.98,400.53,3,28,1,2,0
249.8,45.92,406.81,3,22,1,4,1
83.2,31.59,288.78,2,68,1,1,0
104.9,160.4,312.18,8,3,1,2,1
63.7,69.29,151.54,5,2,1,2,0
33.4,59.86,461.46,5,19,0,1,0
50.5,80.52,861.11,7,11,1,1,0
302.5,85.78,404.86,7,22,1,1,1
218.7,42.55,359.28,7,77,0,3,0
157.5,96.02,349.21,4,20,0,2,0
131.0,21.97,330.67,4,7,0,1,0
475.2,83.5,247.02,3,53,1,3,1
28.6,44.32,218.06,3,17,1,1,0
74.3,117.53,114.52,1,47,0,2,0
92.5,42.36,399.64,4,6,0,1,0
289.5,104.93,166.83,2,14,0,2,0
896.1,70.64,682.15,6,1,0,2,1
64.6,93.67,324.12,6,9,0,2,0
388.3,60.69,679.69,5,35,1,2,1
334.6,17.5,349.71,5,12,0,1,0
60.8,112.43,187.76,3,5,1,3,0
106.7,116.85,723.97,8,2,1,1,1
109.9,47.08,275.77,5,31,0,3,0
703.8,37.44,274.68,5,3,1,1,1
50.9,98.39,120.49,4,53,0,1,0
303.9,69.91,0.0,0,999,1,2,0
88.2,52.71,415.96,3,12,0,1,0
251.3,78.12,218.17,2,33,0,1,0
113.1,46.98,469.03,5,27,1,2,0
170.4,115.84,225.07,2,145,1,1,0
336.7,49.41,1019.47,7,2,1,1,1
308.5,98.4,127.49,2,63,0,2,0
377.4,60.63,151.98,2,31,1,2,1
26.1,72.79,286.04,5,71,0,1,0
227.0,157.42,110.87,5,39,0,2,0
42.1,43.24,325.83,5,48,0,3,0
111.8,94.51,146.55,5,51,1,1,0
158.2,136.26,0.0,0,999,1,3,0
107.8,92.44,791.2,7,60,0,1,0
147.0,119.79,476.19,8,38,1,2,1
1034.3,64.56,250.53,4,97,1,3,1
41.1,89.4,376.19,4,5,1,1,0
217.6,104.62,494.98,4,84,0,2,0
105.8,59.83,453.73,4,64,0,1,0
40.7,34.35,23.75,1,9,1,1,0
46.1,30.63,488.35,4,5,1,2,0
551.6,147.05,1076.59,8,33,1,2,1
396.1,133.03,95.06,3,37,1,1,1
442.6,38.0,240.22,2,41,0,1,0
873.9,119.76,263.62,5,62,1,1,1
57.0,78.58,127.75,3,27,0,1,0
94.1,61.09,362.82,4,11,1,1,0
214.1,37.2,642.93,7,64,0,3,0
134.0,55.77,243.64,3,19,1,2,1
112.6,32.67,274.47,2,19,1,1,0
94.7,50.06,102.82,2,23,1,2,0
177.2,32.14,393.32,4,60,1,1,0
169.3,23.73,439.7,6,116,1,1,0
46.7,121.55,267.18,2,7,0,2,0
129.9,53.63,111.8,3,5,1,3,0
160.1,74.35,184.67,6,12,0,2,0
167.0,41.83,596.24,4,78,1,4,1
57.5,52.06,760.29,8,25,1,1,0
259.1,31.48,692.76,5,1,1,2,1
19.6,147.85,365.34,5,29,0,1,0
93.9,13.65,492.79,5,27,1,4,1
287.7,100.78,110.23,1,3,0,1,0
164.4,41.33,1037.36,7,6,0,3,1
69.5,31.39,34.66,1,4,1,1,0
228.7,22.46,72.44,2,25,0,2,0
165.8,64.46,528.1,6,25,0,4,0
301.3,93.36,190.78,7,21,0,1,0
254.1,87.71,458.29,4,20,1,3,1
184.5,45.11,1190.39,8,29,0,3,1
135.6,51.79,250.97,2,36,1,2,0
40.7,30.8,218.22,4,109,0,2,0
69.5,34.33,991.54,8,26,1,1,0
112.8,121.32,304.87,3,11,1,1,0
179.6,17.61,71.05,2,121,1,1,0
144.8,16.17,374.28,4,4,1,2,0
76.2,38.03,409.74,3,13,1,1,0
16.2,146.8,288.45,5,77,1,1,0
138.4,60.31,211.37,2,95,0,2,0
75.5,211.0,101.61,4,35,1,1,1
253.8,48.14,513.79,4,1,1,2,1
19.4,89.57,140.32,3,20,0,2,0
173.2,111.66,495.61,5,89,0,1,0
525.9,188.91,88.15,1,73,1,1,1
49.5,40.21,456.28,5,74,1,2,0
129.8,59.88,52.99,1,12,0,1,0
32.3,52.92,648.79,7,58,1,1,0
191.9,94.1,393.43,4,37,1,2,0
158.9,137.47,75.31,1,74,1,1,0
109.2,137.23,306.97,3,34,1,1,0
147.6,39.63,44.9,1,16,0,1,0
423.4,34.43,259.91,3,34,0,2,0
54.3,88.09,226.37,2,15,1,3,1
19.1,28.33,203.52,3,1,1,3,0
371.1,95.48,440.69,6,56,1,1,0
169.9,59.8,289.43,7,63,0,1,0
413.4,124.56,300.42,3,46,1,1,1
178.6,112.96,216.34,6,9,0,3,0
314.1,64.63,1021.26,12,5,1,3,1
116.1,26.74,94.71,2,7,1,4,1
264.4,28.27,45.24,1,23,0,2,0
454.6,61.74,129.83,4,11,1,1,1
167.8,79.4,132.92,2,70,1,3,1
50.9,48.73,1062.11,8,26,0,1,0
71.4,32.37,394.55,4,20,0,3,0
54.9,49.8,363.85,3,68,1,2,0
66.0,125.13,139.58,4,3,1,4,1
80.9,49.81,0.0,0,999,1,1,0
160.8,40.52,211.56,3,54,0,2,0
174.6,27.7,527.2,4,39,1,1,0
115.1,57.26,531.86,5,4,1,2,0
187.0,113.66,251.29,3,2,1,1,0
30.3,116.92,354.38,6,6,0,1,0
31.5,35.38,475.17,4,11,1,2,1
48.9,64.95,270.96,2,32,1,1,0
146.4,37.64,538.71,6,3,1,4,1
58.3,47.21,76.94,3,7,1,1,0
75.0,56.61,221.36,4,8,1,1,0
107.0,43.39,350.86,3,37,0,1,0
315.7,7.74,0.0,0,999,0,1,0
17.5,148.11,304.11,3,11,0,3,0
203.6,40.35,352.75,4,1,0,3,0
213.9,38.32,966.02,7,4,1,1,0
303.5,35.25,119.82,2,27,1,1,0
500.9,21.29,77.99,1,33,1,1,0
18.7,150.74,85.26,3,45,1,3,0
45.1,59.04,747.87,6,23,0,1,0
406.2,80.0,311.78,5,11,1,2,1
125.4,73.79,1024.66,9,12,1,3,1
164.7,42.58,20.39,1,35,1,3,0
210.8,58.92,265.53,2,19,0,2,0
219.6,90.99,585.42,4,6,1,1,1
498.2,22.99,405.47,5,1,1,2,1
1057.6,46.67,413.69,5,10,1,1,1
244.2,51.86,400.51,4,47,0,2,0
75.9,41.73,587.06,4,36,0,1,0
396.3,41.23,370.46,4,4,1,2,1
24.1,65.99,29.6,1,20,0,1,0
62.3,128.79,0.0,0,999,1,3,0
424.8,77.74,148.95,2,22,0,1,0
68.3,34.65,594.56,5,4,1,4,1
59.9,236.78,237.74,4,38,1,1,0
41.8,129.52,140.18,1,29,0,1,0
367.8,43.67,372.03,3,10,0,1,0
139.8,130.67,374.72,6,161,1,4,1
217.2,66.91,328.79,5,30,1,1,0
64.2,27.26,174.63,2,11,1,2,0
270.4,120.98,98.84,3,15,0,1,0
271.9,34.65,438.86,4,82,1,1,0
82.5,79.89,198.38,2,8,1,2,0
110.2,64.73,122.86,2,8,0,1,0
57.4,83.97,514.73,5,28,1,1,0
690.6,157.54,98.32,3,14,1,2,1
201.7,58.38,718.83,5,12,1,1,0
505.7,27.03,86.12,3,18,0,1,0
80.1,37.83,62.75,1,59,1,2,0
289.1,25.76,584.68,4,61,1,1,0
276.3,20.76,215.36,3,36,1,2,1
226.8,112.21,270.26,2,29,1,2,1
621.7,63.35,79.23,2,1,0,1,0
105.0,54.23,28.68,1,28,1,1,0
40.2,44.32,136.25,4,102,1,1,0
215.5,96.96,439.1,3,60,0,3,1
250.2,139.51,126.16,4,6,0,1,0
169.0,34.0,418.9,4,120,1,3,0
56.7,78.02,309.11,4,9,1,1,0
141.4,107.55,527.61,4,5,1,1,0
82.4,68.79,407.82,7,12,0,3,0
115.4,92.3,166.31,7,5,0,2,0
201.5,26.8,351.95,3,9,0,1,0
261.1,141.8,193.08,2,13,0,1,0
62.6,97.24,458.91,6,30,1,1,0
108.6,82.79,557.93,9,32,0,1,0
71.4,103.11,821.56,6,26,1,1,0
54.9,48.97,35.83,1,12,0,3,0
290.3,30.13,38.38,1,101,1,1,0
446.9,25.89,65.78,3,12,0,2,0
98.2,23.36,176.6,6,17,1,1,0
265.5,77.35,394.34,3,19,1,1,0
424.1,45.55,492.7,4,1,1,1,1
351.9,136.6,33.31,1,19,0,1,0
51.3,120.13,485.5,4,14,0,2,0
578.4,96.85,413.35,4,3,1,1,1
100.1,84.47,422.24,6,55,0,2,0
89.6,37.73,154.73,5,41,0,3,0
26.6,42.29,393.22,4,11,0,1,0
134.9,37.62,774.95,6,10,1,3,1
35.8,29.5,821.61,11,78,0,2,0
66.4,55.27,225.51,3,7,1,3,0
83.6,106.7,509.88,4,68,0,2,0
312.8,53.08,379.02,8,3,0,1,0
390.0,36.39,296.95,7,61,1,2,1
79.8,53.11,772.98,7,26,0,1,0
367.2,65.69,842.72,8,50,1,4,1
365.4,43.16,692.88,5,4,1,2,1
275.4,55.55,317.26,5,18,1,2,1
43.6,234.39,185.04,4,20,1,4,1
226.0,22.89,302.99,4,24,1,1,0
537.2,13.9,209.68,3,33,0,2,0
221.5,62.85,425.86,3,17,1,1,0
87.5,75.24,696.44,5,20,1,1,0
140.0,53.84,226.98,3,16,1,2,0
201.8,31.2,441.75,6,40,0,1,0
143.6,135.17,233.55,3,79,0,1,0
38.0,60.58,230.03,2,4,1,1,0
82.3,64.64,91.51,1,12,0,1,0
306.9,95.9,287.15,5,9,0,2,1
370.7,52.46,599.67,5,93,1,2,1
41.6,49.47,412.49,3,30,1,1,0
563.0,135.17,793.16,7,6,1,1,1
86.8,18.61,135.91,3,17,0,4,0
210.4,72.84,614.65,5,22,0,1,0
265.9,68.97,594.25,4,33,1,1,0
315.8,45.23,545.35,5,8,1,3,1
539.5,53.89,155.12,3,23,1,3,1
82.6,128.23,41.44,2,54,0,4,0
367.0,34.58,70.1,1,36,1,3,0
40.4,92.16,324.53,4,4,1,1,0
234.8,59.43,138.26,1,80,1,2,0
258.8,86.37,402.23,4,14,1,1,0
218.8,76.01,169.83,3,19,1,3,0
67.3,13.4,659.55,6,39,0,2,0
386.5,34.05,95.95,3,21,0,1,0
48.3,37.5,334.22,7,30,0,2,0
24.9,31.0,350.35,3,22,1,1,0
242.5,40.64,351.84,6,13,1,2,1
131.1,64.55,96.19,4,20,0,1,0
355.4,101.36,422.9,5,13,1,1,1
102.0,24.93,422.19,4,20,1,1,0
48.2,59.97,245.15,2,8,1,1,0
340.9,70.53,119.57,2,3,1,2,0
158.3,112.99,451.17,6,40,0,2,0
52.8,144.33,554.12,6,5,0,1,0
244.4,52.24,89.12,3,57,1,1,0
143.8,31.46,137.08,3,15,0,1,0
181.9,73.4,272.01,4,10,1,1,0
126.2,32.43,218.93,4,18,1,2,0
332.6,69.77,241.67,3,6,1,3,1
333.5,36.34,522.98,5,63,0,3,0
237.4,80.54,180.32,2,6,1,2,1
35.0,37.98,482.59,4,23,0,2,0
343.6,136.5,405.7,4,6,0,1,0
215.1,59.58,289.74,5,2,0,4,1
229.9,19.91,249.17,7,53,0,1,0
96.2,103.14,515.8,5,27,1,1,0
395.6,52.74,190.22,4,3,1,1,1
247.6,84.24,122.85,2,74,1,1,0
36.5,104.29,616.88,5,17,0,1,0
109.3,61.55,242.94,5,19,0,1,0
406.5,23.88,359.67,4,23,1,1,0
23.7,65.1,193.96,6,9,0,2,0
600.9,125.82,296.6,4,27,0,3,1
219.6,55.74,442.31,3,10,0,1,0
194.6,76.11,288.14,2,60,0,2,0
71.8,34.78,858.34,6,58,1,1,0
66.5,21.29,681.6,7,22,1,2,0
527.7,53.44,116.62,2,25,1,2,1
78.8,60.46,198.43,3,163,1,1,0
283.9,111.63,233.93,5,53,1,3,1
104.9,62.86,163.44,5,3,1,1,0
42.0,106.53,83.9,2,7,0,2,0
16.9,44.78,242.23,3,30,0,1,0
156.4,23.44,117.57,5,16,1,3,0
684.7,78.72,710.48,5,54,1,1,1
97.9,133.72,651.08,7,34,1,2,1
94.5,40.92,212.79,5,154,0,2,0
90.9,85.77,444.75,6,1,0,1,0
147.3,87.68,68.92,1,19,1,2,0
119.6,21.44,257.19,2,18,0,1,0
396.5,52.01,213.99,6,19,0,4,1
141.8,90.01,151.77,2,72,1,4,0
142.6,73.25,562.35,5,18,0,2,0
41.8,90.05,274.06,4,53,0,2,0
745.7,81.29,598.38,9,33,0,1,1
66.8,56.18,321.28,5,22,0,1,0
28.7,60.36,476.25,4,39,1,1,0
210.9,109.86,106.53,3,9,0,2,0
177.9,65.03,394.11,3,6,1,2,0
111.6,37.5,146.08,5,113,1,3,0
113.7,52.52,491.76,8,17,1,3,1
291.7,75.95,352.88,5,12,0,1,0
54.2,105.81,355.83,5,11,0,2,0
323.9,21.13,177.59,4,32,1,2,1
203.3,50.8,590.46,6,186,1,3,1
112.7,101.16,394.82,5,74,1,1,0
125.3,34.5,93.78,1,17,1,2,0
68.4,34.61,399.76,4,75,1,3,1
266.1,59.92,89.75,2,21,1,1,0
144.5,20.08,698.19,5,4,0,1,0
84.6,154.96,255.82,2,7,1,1,0
178.2,75.38,638.46,5,10,1,3,1
997.3,85.59,623.8,7,83,1,3,1
117.9,114.31,253.21,2,127,0,3,0
471.2,206.42,406.29,4,9,1,2,1
91.2,56.31,157.14,2,17,0,1,0
25.1,20.95,706.92,6,132,1,1,0
56.1,71.41,195.99,2,62,1,1,0
112.6,35.89,101.31,5,20,0,1,0
59.6,27.58,748.05,5,20,0,1,0
15.0,43.47,227.64,3,70,0,1,0
458.7,55.65,282.97,3,1,1,1,0
349.3,115.52,145.54,2,88,1,1,0
259.1,157.34,132.16,4,4,0,2,0
48.1,29.98,642.11,5,77,0,2,0
38.1,45.47,108.73,1,3,1,2,0
27.6,83.3,638.54,5,115,1,1,0
246.7,90.24,82.91,1,1,0,1,0
490.6,32.23,983.38,8,110,0,2,0
116.4,101.26,494.81,4,3,1,2,0
37.8,37.39,191.16,3,5,0,2,0
144.3,31.4,82.12,4,109,1,3,0
92.2,81.2,395.32,3,52,1,2,0
99.6,117.36,176.01,4,61,1,1,0
189.8,71.4,930.53,7,19,0,2,0
243.3,64.34,301.14,3,3,0,1,0
36.1,56.32,615.1,6,6,1,1,0
21.5,62.16,156.42,3,85,0,1,0
946.1,51.62,217.02,3,16,1,1,1
62.7,82.64,121.14,2,47,0,2,0
25.0,62.19,89.49,2,39,1,3,0
52.9,199.03,456.74,4,22,1,1,1
22.2,73.18,194.76,6,65,0,2,0
104.5,51.68,259.67,3,35,0,1,0
306.9,30.26,358.72,4,45,1,1,0
90.1,32.82,576.8,4,60,1,1,0
120.7,75.03,266.04,2,9,0,1,0
217.6,42.02,503.52,6,12,1,1,0
143.0,66.34,648.72,5,47,1,4,1
370.8,121.36,245.55,2,59,0,2,0
376.8,26.4,94.51,4,30,0,2,0
16.8,53.81,839.27,6,165,1,1,0
286.0,11.48,547.14,5,70,1,1,0
126.2,21.53,644.12,6,53,1,3,0
824.2,67.91,1014.77,9,10,0,1,1
133.8,23.1,246.1,5,14,0,1,0
795.3,25.98,71.38,3,15,1,1,1
267.9,147.0,150.42,3,4,1,2,1
66.4,39.37,739.77,6,44,0,1,0
154.1,31.35,585.91,6,18,0,1,0
887.2,120.88,267.86,4,32,1,1,1
365.8,31.19,256.99,5,41,0,1,0
33.4,72.46,867.85,7,1,0,1,0
235.6,73.72,238.57,3,2,1,1,0
91.3,97.36,497.63,5,14,0,1,0
16.3,28.0,108.17,5,35,0,1,0
108.0,34.4,151.78,2,22,1,4,0
63.2,39.68,66.02,3,92,1,1,0
322.5,35.42,244.73,2,10,0,3,0
89.1,93.56,314.42,6,4,0,1,0
331.3,73.8,166.9,4,4,0,2,0
15.1,80.68,1825.61,13,9,0,1,1
81.2,20.78,22.34,1,9,1,1,0
64.7,66.87,137.15,3,16,1,1,0
62.9,132.32,256.31,5,28,0,2,0
27.7,184.2,634.82,5,10,0,2,0
52.3,43.96,449.24,4,24,1,1,0
161.0,98.59,583.05,4,22,1,2,1
77.0,34.97,772.32,7,13,0,3,0
112.2,21.32,152.16,3,19,1,2,0
100.1,22.21,166.75,4,16,1,3,0
390.6,121.96,236.41,2,99,1,2,1
439.3,46.04,685.59,5,3,0,2,0
137.2,40.5,969.62,7,48,1,3,1
87.1,91.62,240.49,2,13,0,2,0
35.3,25.36,246.54,2,7,1,3,0
566.9,78.52,106.11,1,68,1,2,1
26.2,51.57,925.26,8,21,0,1,0
78.6,173.95,70.17,2,24,0,1,0
78.7,45.23,188.39,3,18,0,3,0
84.5,54.05,159.11,2,18,0,1,0
47.3,22.0,638.17,6,39,1,4,0
290.1,189.77,445.79,6,47,1,2,1
38.5,47.2,343.75,5,52,1,1,0
196.4,151.04,373.07,4,25,1,1,1
38.8,17.89,356.38,5,40,0,2,0
28.2,69.97,58.86,2,50,1,1,0
447.3,178.0,1314.22,9,38,0,1,1
53.0,39.45,421.2,3,8,1,1,0
324.9,67.14,75.21,3,41,1,1,0
156.6,124.38,266.38,3,35,0,1,0
29.6,47.61,225.32,2,4,0,1,0
575.0,21.52,99.28,1,35,0,2,0
66.1,43.27,527.52,8,69,0,2,0
368.4,70.55,248.85,2,18,1,1,0
48.3,70.06,499.59,5,5,1,2,0
361.3,88.65,51.06,1,31,1,2,1
17.4,33.98,397.84,4,9,0,1,0
144.1,169.83,167.12,3,26,1,2,1
279.1,34.73,292.38,3,37,0,1,0
506.4,62.16,596.81,5,24,0,2,0
446.8,72.11,296.65,5,13,0,1,0
323.3,67.97,340.37,6,64,0,2,0
409.4,28.13,343.41,3,5,1,3,1
55.0,126.14,86.09,1,2,0,2,0
75.2,41.96,76.09,2,58,1,2,0
76.4,75.99,181.88,2,2,0,2,0
100.2,66.76,212.43,2,22,1,1,0
105.0,66.59,419.36,5,26,1,4,1
156.6,20.31,707.99,7,14,1,2,1
46.4,39.72,134.86,2,11,1,1,0
226.5,75.55,670.58,5,45,1,2,1
48.0,21.06,307.17,6,15,0,3,0
81.9,51.44,282.87,5,5,0,3,0
141.0,63.18,844.03,7,21,1,3,0
301.5,86.05,110.09,4,43,1,1,0
257.1,62.37,593.44,4,13,1,1,0
201.7,52.5,407.09,4,5,1,3,1
45.5,68.68,624.84,5,14,0,2,0
157.6,50.51,575.48,6,26,0,3,0
31.5,33.2,0.0,0,999,0,1,0
100.3,42.97,764.46,10,9,0,2,0
111.0,74.97,379.91,4,117,0,2,0
22.3,52.79,212.1,2,8,1,2,0
72.6,222.0,411.75,3,3,1,2,1
575.8,27.32,73.56,3,19,0,2,0
567.8,73.56,204.95,6,3,0,1,1
93.2,80.68,439.14,4,1,0,4,0
22.9,61.46,129.53,2,1,0,2,0
50.5,48.47,432.42,4,12,1,3,0
104.6,58.35,198.42,4,3,0,1,0
546.4,58.6,305.02,3,8,0,1,0
42.4,140.86,492.93,6,35,0,1,0
274.5,16.83,71.96,2,12,1,2,0
35.7,32.68,281.65,2,29,0,1,0
730.9,68.96,368.96,3,18,1,2,1
101.5,107.78,486.16,4,71,0,1,0
283.7,34.03,221.2,2,40,1,1,1
90.5,28.54,68.33,3,63,1,1,0
192.8,54.1,85.6,1,25,1,1,0
53.4,32.83,117.62,1,50,0,2,0
43.4,54.35,144.53,3,32,0,3,0
515.7,33.25,199.97,2,45,0,3,1
464.4,86.88,985.83,7,38,1,1,1
408.2,33.86,471.52,4,12,1,4,1
191.8,18.89,273.58,3,5,0,3,0
312.3,87.07,301.45,5,54,0,1,0
27.9,59.11,411.0,4,3,0,3,0
88.4,45.23,112.87,1,31,0,1,0
82.8,46.05,617.46,6,148,1,1,0
196.7,63.27,354.61,3,7,1,3,1
94.2,28.59,225.21,4,45,1,3,0
43.9,23.11,430.08,5,101,1,1,0
178.3,33.8,182.65,2,23,0,2,0
318.1,48.58,158.43,5,28,1,1,0
101.7,32.07,214.75,5,16,1,2,0
40.5,140.38,239.44,4,20,1,3,0
54.4,33.81,104.83,4,33,0,1,0
63.8,60.51,201.47,4,68,1,2,0
79.2,77.81,527.28,6,100,1,3,0
200.3,115.86,180.85,2,26,0,2,0
180.4,153.28,419.4,8,51,1,2,1
229.4,188.09,572.17,4,44,0,1,0
96.0,112.58,484.39,6,10,1,3,0
327.7,102.54,102.85,1,21,0,2,0
56.1,29.83,95.79,4,38,0,1,0
129.0,80.54,71.89,1,5,0,2,0
305.5,50.26,180.95,2,71,1,2,0
50.8,50.58,484.74,8,17,1,2,1
35.9,45.41,169.11,4,20,1,3,0
402.3,29.4,323.04,7,67,1,1,0
90.6,40.93,564.56,7,7,1,1,0
222.3,32.67,204.62,7,2,0,3,0
19.6,16.84,201.92,4,12,1,2,0
225.8,126.31,454.16,4,6,1,1,1
83.4,59.77,239.58,5,140,1,1,0
25.3,61.26,140.81,4,28,0,3,0
184.4,56.46,61.78,2,28,1,1,0
64.6,107.41,1188.28,8,52,0,3,0
103.0,64.72,125.17,4,10,1,2,0
30.1,128.69,229.06,3,25,1,2,0
43.7,85.38,605.08,7,6,1,2,0
78.7,36.56,1017.76,7,4,1,1,1
31.9,117.46,679.21,5,20,0,1,0
450.1,71.81,50.9,1,81,1,2,0
16.1,55.67,217.08,7,20,1,1,0
134.0,100.19,230.79,3,20,0,1,0
38.7,60.17,132.48,4,66,1,2,0
81.2,89.77,266.49,2,12,1,1,0
483.8,26.49,334.47,3,23,1,1,1
46.7,60.98,570.77,4,6,1,1,1
622.8,38.15,470.14,5,62,0,1,0
56.5,184.27,471.63,7,2,0,1,0
258.6,123.54,255.25,3,18,1,1,1
157.4,67.08,163.6,4,11,0,1,0
403.5,116.95,160.4,2,10,1,2,1
160.3,38.59,299.66,2,10,1,2,0
152.7,44.18,439.06,4,16,0,1,0
54.1,14.77,112.43,4,77,1,1,0
47.7,87.07,343.01,3,41,1,1,0
461.9,13.76,132.34,4,73,1,1,1
86.5,41.37,495.49,7,8,1,1,0
98.8,25.95,611.06,5,63,1,2,0
271.7,105.88,146.61,4,19,1,1,1
89.5,173.84,232.23,4,131,0,1,0
561.8,95.37,136.15,3,30,0,1,0
256.0,85.69,532.45,4,22,1,1,0
178.8,67.54,78.46,2,86,1,1,0
398.0,64.02,179.3,2,16,1,2,0
24.2,34.32,167.37,3,46,1,3,0
68.5,20.56,171.89,2,22,1,3,0
127.6,63.21,292.3,7,44,0,2,0
61.3,72.37,710.91,6,11,0,1,0
260.2,72.09,621.63,6,18,1,1,1
467.9,78.41,128.23,5,14,0,1,0
114.2,90.96,715.92,5,67,0,1,0
90.4,61.56,272.17,2,87,1,1,0
601.5,32.18,234.84,4,44,1,1,1
120.9,76.84,173.83,3,57,1,3,0
135.9,87.62,764.04,9,15,1,1,0
93.0,49.1,200.97,2,6,1,1,0
447.5,87.8,173.5,3,39,0,1,0
166.5,63.62,987.17,8,34,1,1,1
273.5,29.2,211.43,7,11,1,2,0
315.7,208.49,430.31,6,80,1,2,1
90.3,47.57,553.53,6,15,1,1,0
117.4,30.65,123.96,1,56,1,2,0
354.7,37.9,533.34,4,5,0,3,1
96.2,11.57,103.55,2,12,1,1,0
299.3,50.03,205.35,4,32,0,1,0
524.4,127.25,271.5,4,10,0,1,0
190.7,66.91,151.16,2,103,1,1,0
258.6,35.6,651.46,5,27,1,3,1
309.3,57.58,83.94,4,44,0,1,0
350.6,14.82,109.04,1,28,1,1,0
105.5,57.9,97.22,2,18,0,3,0
24.5,48.36,538.85,4,57,0,1,0
107.5,102.0,122.51,2,1,0,1,0
216.6,72.88,179.76,2,19,0,2,0
122.7,31.6,376.65,6,70,1,2,0
263.8,100.32,75.29,1,3,1,2,0
94.5,120.27,175.78,2,8,1,1,0
196.3,74.29,585.9,5,107,1,3,1
52.1,51.5,142.79,4,105,0,2,0
264.1,42.21,328.95,5,16,1,3,1
157.0,144.14,1031.53,10,46,1,1,1
56.1,70.82,96.54,1,33,0,1,0
77.1,62.73,121.51,1,23,1,1,0
263.5,27.28,813.48,6,56,0,2,0
133.6,33.64,161.15,5,35,1,1,0
58.8,22.59,564.0,5,4,1,1,0
630.5,51.05,341.52,6,61,1,3,1
241.0,41.63,495.48,6,11,1,3,1
581.9,64.58,508.05,5,33,1,1,1
115.3,111.39,197.9,5,50,0,1,0
131.0,88.1,260.23,4,75,0,1,0
425.8,98.49,1175.13,8,86,1,2,1
149.0,109.76,75.44,2,86,1,2,0
236.1,35.43,123.33,4,36,1,2,0
67.3,46.01,515.14,4,33,1,3,1
121.5,42.09,303.93,4,1,1,3,0
38.7,90.8,215.45,2,3,0,4,0
56.5,26.7,119.49,2,17,0,1,0
15.2,130.78,183.19,4,52,0,3,0
22.2,44.92,142.87,3,30,1,2,0
696.2,27.93,90.85,2,9,1,1,1
65.0,46.12,312.64,6,5,1,2,0
210.9,48.06,195.03,4,21,1,1,0
343.9,52.4,377.34,3,81,1,1,0
159.0,53.88,357.31,4,2,0,1,0
44.9,109.17,292.73,5,21,1,2,0
249.4,71.57,324.29,5,2,1,1,1
180.0,27.7,578.06,4,10,0,2,0
251.5,47.46,131.71,3,101,1,3,0
279.3,41.3,541.11,4,4,0,2,0
682.0,61.14,347.35,3,2,1,4,1
168.4,55.99,399.0,4,3,1,1,1
90.2,154.45,404.53,4,39,1,3,0
203.2,98.23,74.98,1,1,1,4,1
27.8,83.16,308.2,4,17,1,2,0
424.8,14.02,370.47,3,101,0,1,0
37.9,95.95,752.47,6,3,1,1,1
86.5,17.41,659.75,7,89,0,1,0
319.5,43.74,719.5,6,5,1,2,1
178.7,47.32,375.92,3,5,0,1,0
105.0,106.74,189.52,3,31,0,2,0
130.4,30.84,202.07,2,10,0,2,0
362.0,52.49,229.96,3,1,1,1,1
89.8,23.82,196.52,6,46,1,3,1
381.8,79.36,730.1,7,16,0,2,1
31.6,44.02,385.49,4,79,0,2,0
284.9,65.1,166.69,5,11,0,1,0
353.6,9.23,146.03,5,37,1,2,1
51.1,28.58,157.36,3,13,0,1,0
116.3,66.3,1026.75,8,6,0,1,0
47.6,86.11,169.67,6,121,0,4,0
235.7,131.77,239.54,3,30,0,2,0
153.0,120.75,43.27,1,61,1,1,0
196.6,40.08,105.92,2,10,1,2,0
54.4,64.44,480.36,4,17,1,3,0
57.8,91.78,391.74,3,22,0,1,0
22.6,70.76,381.75,4,33,0,1,0
85.0,47.6,925.55,7,17,0,3,0
162.7,66.15,525.57,4,10,1,1,0
366.3,126.19,243.99,5,7,0,2,1
212.9,57.54,726.97,7,31,0,2,0
117.9,80.32,363.55,3,10,0,4,0
565.8,68.79,371.75,4,17,1,1,1
243.6,38.71,748.51,6,2,0,4,1
494.1,106.37,305.24,3,10,1,1,1
150.0,58.56,227.92,4,22,1,1,0
68.9,47.25,109.13,1,53,0,1,0
24.8,68.32,385.76,4,16,0,1,0
248.1,113.55,303.73,3,12,1,4,1
38.3,65.75,97.17,3,24,0,4,0
79.9,65.02,145.38,4,2,1,1,0
151.9,78.83,503.62,4,15,1,2,0
164.6,90.01,228.2,3,5,1,1,0
180.2,50.45,95.97,2,10,0,1,0
47.7,54.43,32.05,1,17,1,2,0
101.0,48.16,325.06,6,2,1,3,1
187.8,78.42,233.5,4,53,1,2,0
645.1,58.52,443.36,3,11,1,1,1
249.1,60.33,385.46,3,9,1,3,1
475.6,61.54,90.6,3,14,1,3,1
273.5,26.01,469.19,4,16,0,2,0
176.2,85.56,93.31,1,55,0,1,0
53.4,49.46,347.91,7,12,1,1,0
212.8,58.94,234.11,2,21,1,2,0
190.8,44.26,167.46,7,23,1,3,1
181.0,30.78,805.69,7,12,1,3,1
136.1,65.43,409.16,3,51,0,2,0
150.4,75.72,673.7,5,33,0,1,0
88.3,206.48,481.62,4,42,0,1,0
146.9,41.97,283.03,2,2,1,2,0
54.6,93.74,671.72,6,57,0,2,0
309.4,48.85,437.1,4,10,1,3,1
52.0,98.52,70.22,3,4,1,2,0
31.0,82.79,213.22,5,36,1,4,0
118.2,42.36,121.59,1,9,1,1,0
208.3,29.15,748.38,5,18,0,3,0
118.6,23.64,454.36,4,41,0,4,0
73.3,104.18,858.4,9,4,0,3,0
162.0,34.18,87.69,2,5,1,1,0
91.7,21.19,429.69,3,36,1,3,0
501.2,102.87,835.72,8,20,1,2,1
475.7,60.73,334.3,4,9,0,1,0
140.6,50.91,791.88,6,24,0,1,0
86.5,89.88,575.71,4,32,1,1,0
255.5,49.01,204.76,3,18,1,1,0
21.7,85.07,696.42,8,7,0,1,0
130.9,42.38,104.89,3,35,1,2,1
88.8,125.13,579.12,4,5,1,2,1
470.8,38.48,142.75,4,35,1,3,1
17.2,85.79,703.87,5,11,1,2,1
159.9,112.22,179.34,4,1,1,2,1
257.9,7.87,966.99,7,21,1,3,1
134.5,80.97,472.8,6,13,1,1,0
31.1,38.93,581.81,6,9,0,3,0
661.6,89.57,172.41,7,23,1,1,1
146.4,68.89,285.08,4,14,1,1,0
186.4,79.42,588.99,7,12,0,2,0
63.6,58.11,148.58,7,48,1,1,0
133.9,116.46,529.56,5,3,1,4,1
115.9,24.31,129.06,1,17,0,1,0
29.0,109.36,46.44,2,10,0,1,0
35.2,42.8,756.27,9,12,1,3,1
342.0,16.78,97.54,4,20,0,1,0
64.4,62.15,267.06,2,85,1,2,0
54.0,39.82,40.91,1,36,0,1,0
141.5,77.68,55.22,2,8,0,1,0
278.6,82.1,394.5,3,28,1,3,1
26.5,54.91,388.93,5,6,1,1,0
169.8,79.78,129.61,4,72,0,3,0
37.8,71.36,312.69,3,19,0,1,0
21.7,61.49,223.46,2,99,0,1,0
24.8,53.86,375.53,4,36,1,2,0
338.4,44.54,126.35,2,59,1,1,0
37.6,155.3,225.55,3,7,1,2,0
23.3,59.79,144.13,1,64,1,2,0
118.7,73.3,0.0,0,999,0,4,0
349.4,87.21,143.24,2,123,1,1,0
69.8,51.17,224.13,2,11,1,3,0
113.6,76.36,119.6,4,38,1,2,0
22.3,147.26,230.92,4,26,1,1,0
122.3,38.41,148.32,3,22,0,2,0
170.1,147.22,325.24,3,19,1,2,1
167.3,90.84,295.53,3,16,1,4,1
87.7,42.46,118.73,1,12,0,1,0
83.2,37.01,75.48,1,30,1,2,0
35.3,146.75,85.23,2,137,1,2,0
97.3,105.0,175.07,4,37,1,2,0
33.9,55.93,543.97,4,47,1,2,0
276.9,45.66,118.94,4,35,0,1,0
625.1,42.57,486.18,5,24,0,2,1
646.6,54.32,300.71,6,56,0,1,1
375.5,57.4,239.28,5,13,0,1,0
180.3,66.84,65.59,2,11,1,3,0
232.2,33.63,736.53,5,16,0,3,0
75.4,41.46,139.64,5,29,0,2,0
194.3,52.7,78.42,2,1,0,1,0
124.5,178.79,404.83,6,60,1,2,1
133.4,71.08,317.01,4,12,0,1,0
270.2,26.35,574.42,4,31,0,2,1
74.6,34.66,205.73,4,2,1,1,0
83.9,145.71,341.18,3,19,0,1,0
480.4,117.01,631.98,6,3,1,1,1
25.4,48.66,610.92,7,1,1,3,0
134.7,80.69,382.12,7,51,0,1,0
454.1,75.44,80.73,2,18,1,1,1
184.7,60.9,128.84,3,56,1,1,0
157.3,37.29,129.96,2,14,1,2,0
66.7,19.93,113.48,3,35,1,1,0
90.7,98.72,898.89,6,4,0,2,0
359.0,76.44,467.74,6,7,0,2,1
162.5,37.65,90.07,1,21,0,2,0
145.2,114.12,600.84,6,20,1,2,0
33.9,142.51,181.81,4,8,1,2,0
17.9,69.71,578.4,7,68,1,1,0
611.8,59.59,56.35,2,11,0,2,1
100.2,23.4,437.98,3,19,0,1,0
181.4,54.73,488.8,6,14,1,2,1
30.0,31.8,119.28,5,178,0,4,0
221.9,56.54,391.52,4,14,1,1,0
500.4,107.22,99.04,3,11,0,3,1
169.3,86.93,490.79,4,78,1,2,0
39.3,115.97,863.62,6,6,1,3,1
171.9,52.05,834.92,6,83,1,3,1
276.7,27.37,529.28,7,28,1,2,1
108.9,50.77,450.54,4,9,1,1,0
396.4,69.89,241.53,6,10,0,4,1
203.3,118.87,119.36,4,41,1,3,1
428.1,96.66,506.95,4,2,1,4,1
190.8,21.19,220.74,2,42,0,4,0
40.3,68.64,275.84,2,13,0,1,0
81.7,106.66,1527.86,11,55,1,1,1
55.6,123.62,130.29,2,5,1,2,0
446.1,111.38,245.7,4,10,1,1,1
272.2,40.18,387.24,5,19,0,1,0
218.1,41.42,426.15,4,70,0,2,0
79.5,155.33,61.95,3,11,1,2,0
51.6,46.68,447.5,5,61,1,1,0
269.2,141.33,67.7,3,4,1,3,1
130.7,34.88,550.11,7,7,1,1,0
61.1,56.51,61.39,2,6,0,2,0
187.6,16.15,372.35,4,32,1,1,0
22.4,54.19,425.99,7,17,0,2,0
86.1,36.83,493.55,6,66,1,1,0
128.8,87.28,289.0,2,22,1,2,0
43.8,86.87,321.63,5,60,0,3,0
766.8,78.05,454.03,4,10,1,2,1
57.2,37.93,761.8,7,88,1,2,0
40.1,116.26,797.76,6,34,0,2,0
56.0,62.42,380.84,6,24,0,2,0
278.8,91.37,109.16,4,31,0,2,0
114.8,111.73,584.73,4,82,0,3,0
165.0,66.57,402.64,6,14,1,2,1
18.8,25.74,361.49,8,10,1,2,0
21.3,71.09,0.0,0,999,1,1,0
121.2,54.59,89.56,2,119,1,4,0
320.3,35.7,354.95,4,14,0,2,0
404.7,132.54,118.22,1,71,1,1,0
31.3,51.09,115.03,1,5,1,1,0
154.1,83.94,71.49,3,19,0,1,0
455.0,95.5,185.27,4,32,1,1,0
103.4,71.11,135.5,1,109,1,3,0
333.5,47.78,459.57,5,38,1,2,1
40.8,24.05,328.02,3,1,0,1,0
508.1,77.55,361.49,5,47,1,3,1
265.6,51.35,584.38,5,35,1,2,1
525.5,153.02,287.91,5,7,1,1,1
218.2,40.77,250.82,5,32,0,1,0
96.3,16.43,748.12,5,86,1,1,0
516.0,29.88,121.48,3,1,0,1,1
73.0,111.27,737.88,5,121,0,1,0
87.7,97.21,421.34,3,12,0,2,0
232.2,131.92,338.72,3,31,0,2,0
275.9,55.11,286.97,3,11,1,1,0
492.1,90.27,61.77,3,44,1,2,1
56.2,69.16,512.94,5,24,1,4,1
302.9,42.61,602.07,5,11,1,4,1
256.5,62.17,345.82,3,23,1,4,1
26.9,49.24,127.11,3,15,0,1,0
103.2,127.67,272.37,3,10,0,1,0
74.8,42.43,366.1,4,30,0,2,0
80.4,138.31,524.37,5,34,1,2,0
747.9,40.82,640.11,5,5,1,4,1
200.3,49.27,664.62,6,87,1,1,1
242.6,63.91,153.48,4,1,1,4,1
691.0,39.73,44.95,2,11,0,1,0
100.2,63.59,226.54,6,14,1,1,0
306.4,68.64,126.18,5,3,0,2,0
117.6,123.86,153.56,2,4,1,2,1
381.6,16.27,0.0,0,999,0,1,0
50.9,41.05,125.7,6,15,0,1,0
546.1,148.49,60.87,2,15,0,1,1
59.4,48.64,286.72,4,39,1,4,1
86.1,48.64,426.51,3,43,0,2,0
269.0,39.48,447.97,3,41,0,3,0
105.1,89.15,106.06,4,21,1,1,0
183.7,22.95,383.93,3,41,0,1,0
120.8,75.4,412.17,5,85,1,1,0
259.1,161.03,402.94,4,5,1,2,1
61.7,19.59,428.88,5,29,1,3,0
25.8,89.74,1542.04,11,70,1,1,1
79.2,28.86,164.41,2,111,0,1,0
130.7,78.03,167.35,4,4,1,1,0
48.1,74.26,485.52,4,99,0,1,0
93.9,93.31,260.37,3,43,0,2,0
106.9,44.98,211.31,6,43,1,2,0
25.6,46.38,400.03,5,6,0,1,0
172.6,94.76,218.72,2,29,1,3,1
403.3,44.74,350.75,6,15,0,1,0
44.6,101.15,969.9,7,29,1,1,1
178.9,13.69,1043.96,8,44,1,3,1
211.7,71.63,187.65,2,7,1,1,0
112.8,97.49,108.27,4,6,1,2,0
232.4,55.17,574.95,6,15,0,2,0
110.2,126.78,370.14,5,34,1,1,1
141.4,45.92,456.52,4,37,1,1,0
16.3,70.03,383.0,7,31,1,2,1
226.8,107.02,197.5,2,63,1,2,1
209.9,30.84,460.38,5,44,1,2,0
22.0,112.31,353.96,4,24,1,1,0
97.7,74.88,105.21,3,22,0,1,0
710.7,38.47,669.48,8,53,1,2,1
113.3,60.54,274.74,3,71,1,1,0
140.5,36.51,562.38,4,63,0,3,0
448.3,85.75,399.56,5,23,1,3,1
242.4,52.55,515.91,5,29,0,1,0
172.0,48.77,752.02,8,51,1,1,1
302.7,87.29,272.29,6,29,1,1,1
374.6,54.44,263.84,6,9,1,1,1
124.9,62.35,464.49,4,72,1,2,0
131.0,59.78,263.99,3,23,1,1,0
102.8,15.91,545.94,4,133,1,2,0
627.4,25.51,690.3,5,27,1,2,1
230.0,41.38,58.62,1,17,0,1,0
30.6,43.16,132.79,4,8,0,1,0
372.7,15.0,129.46,2,14,1,1,0
132.9,62.29,143.58,5,9,1,3,1
27.8,56.96,607.82,5,84,0,3,0
158.6,66.48,117.01,3,31,1,2,0
112.2,50.66,928.39,7,57,0,1,0
393.3,135.79,221.98,3,8,0,1,0
56.1,81.42,112.44,2,3,1,2,0
330.2,145.72,85.2,1,18,1,1,1
161.8,30.75,394.84,4,91,0,1,0
25.1,49.82,556.0,5,4,0,1,0
657.6,43.63,63.96,1,52,1,3,1
144.4,22.04,591.14,4,3,0,1,0
76.9,55.26,299.59,4,6,1,2,0
129.1,14.43,770.89,6,43,1,4,1
366.2,85.22,24.53,1,8,1,2,1
80.5,117.75,726.81,6,1,1,1,1
53.5,53.37,550.04,6,9,0,1,0
39.9,66.1,412.61,4,44,0,1,0
78.7,118.39,342.37,5,25,0,2,0
287.6,34.39,726.63,8,27,0,2,0
129.8,21.89,705.94,5,18,0,1,0
61.5,14.2,210.55,3,6,1,1,0
47.7,36.7,135.0,4,8,0,2,0
87.8,40.54,341.0,3,7,0,2,0
521.2,88.9,257.01,3,41,1,1,1
90.6,26.3,451.45,6,62,1,1,0
813.0,21.32,605.58,5,9,1,1,1
134.5,97.91,372.33,4,7,1,2,1
50.5,42.2,102.08,1,10,1,1,0
414.2,66.4,982.73,7,92,0,1,0
126.0,92.03,0.0,0,999,0,1,0
237.6,221.05,162.33,3,39,0,1,0
756.1,75.8,273.54,2,5,1,2,1
24.3,39.51,369.16,3,36,0,1,0
33.3,96.83,89.04,2,10,1,3,0
244.4,33.12,41.99,1,60,0,3,0
74.6,117.57,636.34,5,1,0,1,0
51.7,37.89,643.11,7,23,1,2,0
22.2,29.46,131.84,1,36,0,1,0
19.0,61.74,278.6,2,45,1,2,0
283.1,74.48,116.16,4,76,1,1,0
41.0,30.28,876.43,6,33,0,2,0
128.5,41.5,226.28,2,5,1,1,0
182.6,79.41,513.92,4,43,1,1,1
115.7,67.5,407.77,4,25,1,1,0
19.9,76.83,179.01,3,4,0,2,0
290.4,118.87,293.78,3,5,0,1,0
16.9,71.81,174.13,2,58,1,4,0
273.3,137.82,564.68,4,28,1,1,0
417.8,100.1,276.46,3,6,0,1,0
117.1,42.1,23.63,1,51,0,2,0
153.0,122.05,218.38,2,29,1,1,0
131.7,70.07,26.57,1,7,1,1,0
103.7,111.28,1141.76,8,20,1,1,1
408.1,77.7,499.54,6,87,1,2,1
418.9,157.71,437.52,3,46,0,2,0
88.7,29.5,116.81,5,17,1,3,0
186.8,52.82,178.54,2,1,0,1,0
485.9,86.17,296.44,6,9,0,1,0
603.9,65.65,309.89,3,7,1,2,1
143.0,33.32,339.07,4,16,1,1,0
123.5,148.58,187.19,2,71,1,1,0
73.8,57.52,200.26,3,7,0,3,0
589.4,105.07,160.2,6,2,1,2,1
42.7,82.23,135.17,4,5,0,3,0
171.1,94.73,263.23,2,20,1,2,1
74.8,28.26,556.8,5,3,0,1,0
73.9,58.97,480.09,4,27,1,1,0
108.4,96.12,251.63,7,11,1,1,1
1224.5,104.65,158.41,6,16,0,1,1
25.2,99.32,88.98,4,6,0,2,0
170.5,38.08,439.18,5,45,0,2,0
30.5,19.97,170.23,2,16,1,1,0
45.2,26.02,171.92,5,5,1,3,0
119.2,60.79,325.3,5,15,1,3,0
143.6,64.48,266.78,3,135,1,1,0
68.9,60.63,215.71,2,42,0,1,0
83.5,28.79,626.5,5,67,0,1,0
31.4,42.98,827.04,8,74,0,1,0
80.0,147.77,119.5,5,27,0,2,0
626.6,74.95,384.77,4,27,0,3,1
536.1,58.28,94.29,3,78,1,1,0
88.4,145.84,373.75,4,68,0,1,0
167.3,165.36,275.51,4,42,1,1,1
447.6,45.77,171.67,3,57,0,2,0
16.1,75.28,82.62,1,45,1,2,0
314.6,22.57,208.78,3,13,1,1,0
548.5,18.87,511.74,4,5,1,2,1
32.2,52.62,197.78,4,42,0,2,0
46.7,27.67,188.86,5,78,1,1,0
597.8,43.03,257.61,2,127,1,1,1
153.8,70.95,103.29,2,2,0,2,0
17.6,128.89,96.76,4,34,1,3,0
68.6,76.5,140.62,2,32,0,3,0
122.6,46.07,885.33,7,16,0,1,0
227.5,170.83,228.43,3,27,1,3,1
252.8,63.51,81.11,1,20,1,1,0
984.5,105.41,52.27,2,85,0,2,1
76.0,110.75,562.18,5,12,0,1,0
154.1,58.0,194.05,3,7,1,2,1
152.2,11.2,0.0,0,999,1,2,0
108.7,39.81,367.13,5,12,1,1,0
48.4,41.02,88.5,1,2,0,1,0
697.6,59.24,676.43,7,54,0,1,1
360.5,51.64,182.38,4,13,1,1,1
139.2,53.39,291.11,5,161,1,2,0
181.4,61.53,672.87,7,13,1,2,1
61.4,68.57,380.95,3,27,1,1,0
156.3,19.59,434.96,3,6,1,2,0
228.7,67.87,176.28,2,25,0,2,0
145.3,90.11,29.61,1,11,1,1,0
849.1,172.23,432.85,3,38,1,1,1
185.1,66.41,149.4,2,1,1,3,0
98.4,101.59,99.97,3,40,1,2,1
281.2,85.38,146.39,1,24,1,1,0
48.6,36.88,282.33,5,16,1,1,0
102.4,68.99,105.39,1,3,1,1,0
91.7,138.5,77.47,2,3,1,1,0
116.8,134.33,340.63,3,52,0,4,0
289.0,134.22,440.76,3,45,1,2,1
134.2,250.36,296.11,2,21,1,1,0
299.4,89.41,218.44,6,1,1,2,1
169.7,46.73,599.66,5,56,1,2,0
90.4,90.65,212.72,2,36,1,3,0
313.9,33.57,124.19,1,3,1,1,0
64.0,81.74,316.59,5,11,1,3,0
60.7,32.35,433.36,6,3,0,3,0
141.4,39.56,322.18,5,67,0,1,0
69.4,18.27,717.88,6,24,0,3,0
16.6,78.2,500.73,4,16,0,1,0
203.1,130.17,366.86,7,33,0,1,0
143.8,66.62,283.39,3,45,1,1,0
121.1,61.53,109.13,3,35,0,3,0
628.9,41.5,65.13,3,58,1,1,0
167.4,107.6,397.24,4,30,0,1,0
373.4,118.24,516.91,4,1,1,1,1
42.0,23.34,551.41,4,5,1,1,0
166.6,70.27,402.59,4,67,1,1,0
379.5,105.3,375.39,3,5,0,1,0
172.5,46.45,290.2,4,32,0,1,0
242.9,21.0,535.18,4,8,1,1,0
98.8,31.29,603.57,5,107,0,1,0
32.5,142.64,180.33,3,9,0,2,0
125.2,115.78,390.55,4,15,1,2,1
105.3,124.54,133.32,5,49,1,1,0
378.2,26.04,78.11,2,36,1,1,0
65.3,104.69,286.13,2,13,1,2,0
627.6,148.08,106.34,5,40,1,2,1
586.2,39.79,232.1,5,129,1,2,1
66.2,54.66,114.14,3,6,1,3,0
92.0,72.1,665.04,6,10,0,1,0
421.6,79.41,202.44,6,20,0,1,0
627.0,48.05,90.47,4,13,0,2,0
120.5,111.88,704.82,5,13,1,1,0
84.7,87.32,266.92,2,19,1,1,0
149.4,34.86,199.8,3,52,1,1,0
224.5,107.56,165.34,5,15,1,2,1
72.5,57.13,216.33,2,10,1,2,0
255.0,89.58,808.83,6,27,1,1,1
24.5,36.82,586.82,4,68,1,2,0
24.1,38.2,184.58,5,40,1,1,0
102.9,19.92,294.08,3,14,1,2,0
93.5,120.53,531.8,7,118,1,2,1
83.3,101.47,121.13,3,39,0,1,0
136.6,72.35,250.05,2,5,1,1,0
84.6,25.36,243.37,2,39,1,2,0
53.4,132.45,581.62,4,78,1,1,0
81.7,88.55,124.48,4,22,0,3,0
678.3,48.02,51.05,1,43,1,2,1
110.3,76.55,510.34,4,6,1,2,0
120.9,56.19,214.22,3,4,1,2,0
169.7,88.59,327.49,4,33,0,1,0
752.1,32.83,497.49,5,17,0,1,1
64.8,14.8,584.79,8,21,1,2,0
220.8,83.74,24.6,1,13,0,4,0
241.6,91.77,394.07,4,20,1,2,0
183.3,19.89,149.26,3,4,1,1,0
31.7,11.31,145.95,1,4,1,3,0
218.3,72.84,548.71,5,20,0,2,0
26.9,85.51,646.43,5,20,1,2,0
178.2,54.78,432.22,3,68,1,2,0
257.2,34.28,28.23,1,14,0,2,0
57.7,172.86,275.31,7,38,1,4,1
346.7,80.95,875.3,7,12,0,1,0
20.5,119.6,675.11,5,13,0,2,0
349.2,29.26,165.07,8,41,0,3,0
126.0,130.19,714.4,5,28,1,3,1
59.2,79.13,316.28,4,16,0,3,0
40.9,162.79,480.85,6,22,0,2,0
566.5,89.57,671.18,5,62,1,3,1
28.6,65.96,172.92,3,45,0,1,0
55.0,59.13,191.71,2,90,1,1,0
91.9,40.67,317.22,5,69,0,1,0
189.3,59.51,104.29,3,37,1,1,0
156.7,90.51,266.46,4,7,0,2,0
39.2,99.97,212.47,5,15,0,1,0
76.6,36.72,263.18,3,27,1,3,1
64.1,23.45,444.37,5,2,1,1,0
58.2,75.18,384.25,5,38,0,3,0
110.3,19.13,170.38,4,129,0,2,0
234.2,60.29,141.74,4,58,0,1,0
59.1,25.65,67.2,2,39,1,1,0
97.2,97.57,138.33,4,38,1,2,0
104.2,47.87,233.34,4,75,0,3,0
689.8,51.73,20.24,1,13,0,2,0
571.9,22.47,84.28,3,20,0,3,0
304.8,112.8,243.47,3,36,0,2,0
64.8,70.36,175.0,4,28,0,1,0
27.7,71.9,162.72,3,62,1,2,0
83.6,26.44,329.66,5,15,1,2,0
70.9,17.94,25.15,1,18,1,2,0
141.9,36.55,486.03,10,10,0,1,0
285.7,47.13,362.91,3,34,0,2,0
366.8,35.86,514.53,8,17,1,3,1
350.4,163.23,88.4,2,27,0,4,1
95.2,114.56,91.41,2,3,1,1,0
224.2,61.22,740.08,5,41,1,2,1
82.5,38.38,117.9,3,25,1,3,0
26.3,29.69,963.93,7,45,0,2,0
232.7,59.56,60.94,2,10,1,1,0
16.8,73.28,802.06,6,64,0,2,0
109.7,45.57,429.5,5,68,0,4,1
86.9,79.7,396.53,4,19,1,2,0
227.8,43.37,155.91,3,4,1,2,1
276.6,29.46,136.82,1,24,1,1,0
80.3,79.82,0.0,0,999,0,2,0
315.5,17.51,647.05,6,31,1,1,0
77.6,23.37,369.52,4,75,1,3,0
121.4,32.88,181.4,5,83,1,1,0
248.7,41.23,643.55,5,32,1,1,1
227.5,90.68,43.87,1,34,0,1,0
801.9,22.52,347.72,6,5,0,1,1
60.9,51.87,428.15,4,17,0,1,0
210.4,73.83,96.4,3,14,1,1,0
184.3,70.13,848.06,6,14,1,2,1
458.9,90.71,144.55,4,43,0,2,0
45.6,52.83,533.65,5,22,1,1,0
265.8,40.38,410.26,4,23,1,1,0
166.2,124.84,553.72,5,10,1,1,1
72.8,39.39,152.67,2,7,1,3,0
130.8,35.99,348.49,5,18,0,1,0
88.1,34.35,294.19,2,2,1,1,0
170.9,33.54,631.15,5,6,0,2,0
410.7,142.03,166.22,2,57,1,1,1
166.6,155.86,131.08,3,19,1,3,1
194.8,97.31,271.54,2,123,1,1,0
146.6,81.71,208.67,2,1,1,1,0
24.5,36.03,150.6,4,84,0,1,0
62.7,45.13,87.61,2,35,0,2,0
136.9,20.55,541.84,6,33,1,1,0
81.9,52.13,683.83,8,61,1,2,1
51.1,24.99,366.03,5,33,0,1,0
141.3,67.14,301.97,4,2,1,2,0
85.2,37.81,0.0,0,999,0,1,0
68.7,70.58,212.84,4,68,0,1,0
127.2,33.9,420.26,5,25,0,2,0
40.7,18.3,197.97,7,5,1,1,1
488.0,30.47,658.49,10,57,0,1,0
379.1,74.28,284.09,6,25,1,1,0
236.3,77.19,128.11,3,13,0,2,0
35.2,72.61,234.34,6,165,1,2,0
284.2,66.61,114.67,3,6,1,3,1
312.0,61.24,122.57,3,6,1,2,0
277.8,87.5,137.27,2,31,0,1,0
36.8,11.49,132.76,4,11,1,1,0
200.9,138.19,1092.92,8,18,1,1,1
338.6,51.24,423.65,5,10,0,1,0
170.0,87.88,171.24,2,51,1,1,0
202.1,58.14,94.88,2,11,1,1,0
125.4,37.34,663.65,5,61,0,2,0
150.4,48.83,510.63,4,44,0,2,0
21.3,29.38,73.36,3,12,0,2,0
198.4,32.59,576.06,5,53,1,3,1
30.3,79.35,175.82,4,13,1,3,1
117.8,67.43,276.69,3,18,0,1,0
77.3,17.03,799.0,6,3,1,2,1
156.9,33.42,707.13,5,28,0,1,0
40.8,51.09,87.96,2,56,1,2,0
226.8,58.34,710.72,5,33,0,2,0
300.3,169.58,87.14,3,27,1,1,1
47.1,66.31,414.64,3,75,1,1,0
34.8,15.43,481.61,4,20,0,1,0
43.3,60.22,1249.18,9,180,0,1,0
392.4,25.41,0.0,0,999,1,1,0
150.2,52.61,284.6,2,34,1,1,0
128.4,178.71,505.63,4,2,1,2,1
35.3,43.39,438.77,7,40,1,2,0
203.7,99.91,256.25,4,13,0,1,0
379.5,59.81,132.88,2,5,1,1,0
332.0,134.43,386.17,4,6,0,2,0
192.1,82.58,218.23,5,24,1,2,1
29.1,107.59,152.71,2,30,0,3,0
36.5,73.75,143.98,5,40,1,1,0
24.1,43.02,266.32,4,20,0,1,0
68.6,125.36,320.03,3,66,0,2,0
41.2,68.89,289.89,3,3,1,1,0
69.2,44.81,366.9,6,5,0,1,0
102.5,37.35,160.31,3,9,0,1,0
530.6,70.34,312.61,5,4,1,4,1
184.7,112.94,87.12,3,47,1,1,0
339.3,77.55,320.91,6,15,1,1,1
238.0,46.97,560.23,5,31,1,3,1
36.5,75.79,172.95,4,48,0,3,0
254.7,94.12,265.79,7,27,0,2,0
72.9,19.98,519.95,4,26,1,2,0
198.5,25.58,152.26,3,20,0,3,0
90.1,88.99,210.57,4,40,1,2,1
1106.3,24.9,320.78,4,25,1,1,1
70.1,52.56,406.74,5,17,1,3,0
73.9,63.53,176.83,4,32,1,2,0
495.4,30.83,738.39,8,107,1,1,1
19.5,53.88,441.79,4,55,1,1,0
229.7,64.1,580.89,7,20,0,2,0
247.6,115.89,954.85,7,31,1,3,1
340.8,108.9,1340.16,9,17,0,4,1
675.0,70.16,532.32,6,25,1,1,1
683.4,40.42,878.7,6,44,0,3,1
27.2,110.25,832.35,8,60,1,1,1
325.5,112.46,443.72,5,3,1,2,1
202.1,36.85,399.31,3,6,1,1,0
202.6,66.52,873.87,6,29,1,2,1
39.7,44.84,299.74,2,40,1,2,0
204.1,71.62,356.08,3,36,1,3,0
743.0,35.15,581.62,7,10,1,2,1
452.1,93.51,350.91,6,35,0,2,1
119.1,71.89,185.07,2,21,0,3,0
22.3,35.2,121.08,1,10,1,1,0
96.0,88.8,23.49,1,71,0,1,0
330.2,40.22,164.38,3,25,1,1,0
232.6,17.31,198.3,3,66,1,1,0
125.7,30.46,121.39,1,18,1,1,0
25.2,99.56,299.29,3,33,0,1,0
115.2,143.59,376.71,5,56,1,1,0
128.9,145.65,418.51,3,14,0,1,0
490.0,41.78,359.84,4,64,1,1,0
199.4,52.52,342.33,3,15,1,1,0
82.2,45.4,420.85,4,8,1,2,0
149.1,58.63,921.24,7,45,1,4,1
27.3,24.29,376.83,3,14,0,1,0
662.3,42.5,148.57,1,101,1,2,1
95.3,66.65,207.88,3,54,0,1,0
132.0,99.85,124.3,3,9,1,3,1
94.0,70.15,237.55,2,142,1,1,0
221.5,51.07,534.85,4,15,0,1,0
210.4,30.96,81.21,3,27,1,2,0
241.2,103.34,379.64,6,3,1,4,1
71.2,22.19,499.74,4,2,0,1,0
83.3,25.31,435.39,4,12,0,1,0
39.1,83.4,354.57,3,1,1,2,0
206.8,90.25,362.46,4,11,0,3,0
22.3,11.09,208.92,3,25,0,3,0
178.9,51.35,1003.85,8,39,1,3,1
381.8,15.48,644.63,7,10,1,1,1
413.7,53.29,347.81,4,18,0,1,1
122.3,46.64,231.06,2,16,0,2,0
125.7,126.19,134.44,3,14,1,1,1
29.4,76.34,192.36,2,17,0,1,0
215.0,77.81,417.02,7,22,0,1,0
324.9,114.35,22.79,1,8,0,1,0
65.5,116.83,117.35,1,21,1,3,1
113.5,64.32,163.42,2,10,1,2,0
343.6,39.49,549.69,4,3,0,1,0
392.4,96.68,170.04,2,8,1,2,1
65.2,93.9,63.97,3,90,0,2,0
159.0,82.92,438.82,6,24,0,1,0
53.5,64.15,168.96,4,133,0,4,0
34.3,52.97,1816.62,13,9,0,1,1
450.7,117.03,467.72,6,12,1,2,1
324.2,46.55,259.17,3,34,1,1,0
271.9,38.35,337.57,5,15,1,1,0
24.0,50.93,439.45,5,15,0,2,0
349.1,34.64,153.81,5,61,1,3,0
118.7,94.15,398.18,5,1,1,4,1
90.4,64.19,531.24,5,37,1,3,0
157.3,16.12,478.75,7,70,1,3,1
32.2,76.52,426.28,6,7,1,1,0
269.4,51.99,773.19,6,17,1,3,1
172.2,59.67,89.76,1,55,0,3,0
52.2,68.97,674.76,7,26,0,1,0
52.5,43.15,292.93,5,15,0,2,0
51.7,38.09,413.94,5,33,1,1,0
25.6,83.09,81.04,3,13,0,2,0
174.5,27.29,151.88,2,33,0,1,0
345.3,32.19,497.4,4,6,1,2,1
18.2,36.62,122.97,3,9,0,3,0
24.0,102.44,238.76,2,1,0,1,0
168.1,119.74,343.24,5,7,1,1,0
323.2,36.41,70.55,3,5,1,1,0
86.2,32.57,1151.34,8,30,1,3,1
92.4,63.74,261.46,6,95,0,1,0
178.3,51.95,317.6,5,8,0,3,0
72.7,95.16,742.45,9,5,0,2,0
19.9,79.24,717.14,5,26,1,1,0
254.2,150.5,477.76,5,7,0,1,0
191.9,33.53,137.69,1,26,1,1,0
171.5,94.32,373.52,4,24,1,1,0
258.6,46.62,93.4,2,1,1,1,0
217.4,31.34,280.1,3,110,1,2,0
56.5,46.14,99.17,3,8,0,1,0
93.2,49.17,140.87,4,74,0,1,0
39.3,113.47,245.26,7,16,0,2,0
40.0,21.24,107.96,5,6,1,2,0
218.0,37.09,39.67,1,4,1,1,0
367.1,61.96,329.44,5,24,1,1,0
607.1,30.05,205.63,7,15,0,1,0
193.2,141.98,62.4,3,82,1,3,0
51.6,154.9,103.79,3,8,1,1,0
35.1,59.01,708.44,5,43,1,2,1
316.7,83.26,176.67,2,7,0,2,0
170.6,128.74,229.66,3,68,1,2,0
188.4,54.14,166.66,2,24,0,1,0
288.7,80.37,368.5,4,59,1,3,0
233.7,27.74,102.05,3,19,1,1,0
338.7,16.51,384.07,4,7,0,1,0
25.4,100.88,256.9,2,26,1,2,0
262.8,56.21,278.65,3,11,0,3,0
357.5,152.24,0.0,0,999,1,2,1
75.7,40.81,113.91,3,77,0,1,0
199.1,26.29,636.83,5,27,0,4,0
82.9,95.12,318.42,3,53,0,1,0
585.5,145.14,492.39,5,50,0,1,1
21.1,27.93,579.24,6,1,1,1,0
171.1,33.27,248.24,7,72,0,1,0
47.8,125.84,310.36,3,49,1,1,0
239.2,179.95,574.73,8,11,1,2,1
49.8,80.77,28.22,1,9,1,1,0
63.3,38.58,140.05,3,2,0,1,0
137.8,119.4,155.07,2,4,0,2,0
458.4,49.76,447.26,3,8,0,2,0
57.8,39.35,303.95,4,1,1,3,1
43.0,43.03,78.94,2,13,1,1,0
271.1,87.97,548.89,4,84,1,1,0
140.0,60.98,122.9,5,27,0,1,0
452.0,78.07,145.9,4,29,1,1,1
43.5,96.7,571.09,7,9,1,1,0
201.9,51.39,128.24,4,9,1,3,1
62.7,104.0,282.92,3,16,1,1,0
45.7,59.62,121.53,3,10,0,3,0
222.0,43.43,0.0,0,999,1,2,0
177.1,22.7,105.89,3,7,0,1,0
268.0,50.06,501.25,4,37,0,1,0
81.7,133.51,461.59,4,23,1,1,0
121.9,93.81,841.81,6,38,0,1,0
108.6,77.77,115.58,4,60,1,2,0
760.3,29.49,368.75,4,14,0,1,1
77.2,42.55,560.75,5,26,0,1,0
77.9,86.27,274.69,2,23,1,2,0
93.8,99.11,496.0,6,16,0,2,0
164.7,95.08,431.01,3,55,0,3,0
67.3,69.02,107.77,3,1,1,1,0
459.3,35.96,228.96,3,13,0,1,0
70.6,99.25,370.39,7,59,1,1,0
422.1,42.36,241.2,6,68,1,1,0
34.7,100.05,286.41,5,39,0,3,0
207.4,50.12,425.65,4,14,1,1,0
442.5,147.78,414.08,5,57,0,1,0
48.3,46.92,174.41,4,3,1,3,0
636.4,46.37,96.49,4,11,0,1,0
123.6,56.55,420.16,3,4,1,1,1
539.4,36.3,182.51,3,4,0,1,0
218.3,32.3,109.76,3,30,0,3,0
79.6,35.53,156.0,4,3,0,3,0
52.6,123.19,370.62,7,38,0,1,0
80.2,33.62,100.01,2,15,1,2,0
32.6,46.64,225.37,4,2,1,4,1
43.0,189.49,295.9,6,12,1,1,1
34.9,101.85,303.94,4,17,0,2,0
114.0,100.81,597.64,5,15,0,1,0
300.8,173.0,47.07,2,24,1,2,1
42.4,55.58,179.04,4,23,0,1,0
40.1,17.23,675.35,6,15,1,2,0
200.6,95.38,196.77,5,76,1,2,0
54.5,51.97,232.75,2,9,0,2,0
33.5,190.48,521.55,6,14,1,3,1
47.9,15.86,807.66,6,27,1,1,0
478.2,32.31,63.96,3,10,0,1,0
325.1,41.36,731.8,6,6,1,1,1
93.7,56.24,188.77,2,1,1,1,0
207.0,24.78,485.73,6,96,1,1,0
153.7,73.4,233.66,6,51,0,1,0
218.5,39.94,252.14,5,73,0,4,0
221.6,105.83,1221.84,10,2,0,2,1
193.4,128.15,196.86,5,3,0,1,0
70.7,48.35,442.78,5,27,1,1,0
22.2,80.68,140.98,3,1,0,3,0
124.4,59.33,83.61,1,11,1,1,0
413.9,56.66,371.81,7,119,0,1,0
166.7,23.55,262.58,4,15,1,2,1
336.5,54.77,248.64,2,128,1,1,0
875.8,99.62,74.48,3,5,0,3,1
47.2,74.55,420.48,3,16,1,1,0
226.8,32.85,184.56,3,1,0,1,0
216.9,23.68,487.43,5,30,0,4,0
718.8,53.59,244.14,5,14,0,2,1
778.3,36.8,199.91,3,24,1,3,1
223.9,39.53,558.3,7,52,1,3,1
65.3,37.2,547.69,5,27,1,1,0
303.4,59.82,267.0,2,36,1,3,0
35.4,84.05,397.79,3,21,0,1,0
288.1,35.93,319.06,5,46,1,1,0
448.8,34.95,126.13,4,31,1,3,1
101.9,26.28,701.26,5,66,1,2,0
194.3,65.89,143.94,6,47,1,2,0
116.2,98.19,134.54,1,9,0,1,0
118.7,55.27,186.86,8,25,1,2,0
81.9,84.29,146.96,1,69,1,3,0
273.5,114.33,171.59,8,65,0,2,0
510.3,68.5,133.26,6,22,1,4,1
523.7,33.38,172.26,2,13,0,2,0
49.6,31.08,533.4,5,8,1,1,0
388.9,34.66,263.45,4,8,1,1,1
255.7,158.31,395.07,4,6,0,2,0
67.5,184.85,259.92,2,260,0,1,0
27.5,47.17,246.85,2,36,1,1,0
71.2,111.0,269.86,2,13,0,1,0
452.9,122.82,203.46,5,12,1,2,1
195.5,23.9,344.42,7,12,1,1,0
244.8,153.05,482.01,5,68,1,3,1
68.5,50.76,114.08,1,24,1,3,0
243.7,49.21,67.91,2,11,1,2,1
20.1,26.95,0.0,0,999,1,2,0
99.7,158.92,419.94,3,46,1,1,0
192.4,61.89,93.44,4,21,0,1,0
43.4,149.66,361.17,5,39,1,1,0
326.7,118.38,237.06,5,44,1,1,1
63.2,47.7,241.32,2,2,1,3,0
205.1,63.13,396.8,3,69,0,1,0
108.5,39.06,260.54,5,12,1,1,0
178.2,42.07,483.42,5,131,0,1,0
35.5,77.1,129.62,1,79,1,1,0
18.1,92.13,489.03,5,1,0,2,0
447.6,16.85,392.37,4,32,0,1,0
71.6,17.17,515.71,7,111,0,1,0
323.3,42.8,524.46,5,28,0,2,0
1336.0,70.42,1158.75,8,32,1,2,1
57.8,124.04,58.95,1,88,1,1,0
70.5,61.31,184.31,4,28,0,1,0
210.7,50.59,578.23,4,10,1,3,0
620.8,83.42,83.47,3,21,0,1,0
460.5,33.02,258.38,2,15,1,3,1
140.8,62.26,553.09,4,7,1,2,1
300.4,54.53,242.63,5,8,1,3,1
41.3,65.21,527.4,7,3,1,3,1
697.5,114.96,179.97,5,7,0,1,1
615.1,18.96,270.82,4,10,1,1,1
47.2,56.42,79.45,1,47,0,1,0
79.1,91.92,431.22,5,15,0,1,0
34.0,80.09,107.76,3,39,1,1,0
72.1,20.12,289.88,4,183,0,2,0
319.7,17.12,607.61,6,29,1,2,1
100.6,88.0,170.04,2,32,0,2,0
31.7,19.53,646.92,5,27,0,1,0
90.4,62.97,574.56,4,17,0,1,0
732.1,110.51,504.76,4,7,0,1,1
193.8,22.84,183.12,7,125,1,1,0
111.9,150.14,239.54,5,22,1,1,0
47.8,86.27,251.11,8,91,0,2,0
785.7,246.0,229.19,3,10,0,3,1
324.5,43.72,0.0,0,999,0,1,0
74.5,127.37,48.41,2,34,1,1,0
28.1,46.78,273.58,5,63,0,2,0
25.5,60.63,32.21,1,36,0,1,0
38.1,38.53,146.63,2,45,1,1,0
171.5,58.89,561.17,4,31,1,2,0
490.5,101.83,368.34,5,46,0,1,0
138.6,153.22,512.58,5,14,0,2,0
348.2,33.75,210.94,3,17,1,1,1
121.3,66.35,575.45,5,50,0,1,0
236.9,41.67,699.56,6,54,1,3,1
251.9,68.48,37.95,1,3,0,2,0
49.4,110.77,629.5,6,1,1,1,0
95.7,43.94,140.45,2,37,1,4,0
197.6,77.94,395.3,3,3,0,1,0
28.2,32.42,243.1,6,7,1,1,0
95.8,116.19,683.33,5,8,1,4,1
152.8,93.91,345.99,4,24,0,3,0
1019.3,36.1,106.44,2,8,1,1,1
130.8,35.54,444.54,7,7,1,2,1
319.8,131.68,61.95,3,1,0,1,0
116.8,178.96,430.46,3,48,0,1,0
301.5,37.11,196.99,4,5,0,2,0
177.9,102.26,691.33,5,28,1,1,1
406.8,47.98,261.77,2,12,1,2,1
110.3,131.82,130.76,2,7,0,1,0
181.9,49.53,237.09,5,14,0,1,0
194.0,89.5,377.3,5,10,1,1,0
112.2,65.09,282.73,2,19,1,3,1
43.1,13.89,393.5,3,39,1,2,0
32.7,33.97,417.6,5,2,0,3,0
18.0,88.51,363.69,4,7,0,3,0
387.2,82.25,146.25,2,3,0,1,0
63.6,70.4,0.0,0,999,0,1,0
57.8,156.4,1039.92,7,29,1,1,1
254.7,98.12,345.54,6,57,1,1,0
84.4,90.99,860.78,6,11,1,1,1
142.0,13.74,717.77,5,75,1,3,0
46.9,101.06,163.1,2,33,1,3,1
593.3,20.87,221.81,3,18,1,1,0
358.4,58.96,532.04,4,31,1,1,1
373.8,21.03,570.39,4,5,0,4,1
109.0,79.12,144.62,2,13,0,2,0
273.7,113.51,83.99,1,26,1,2,0
43.0,56.05,253.8,4,34,0,1,0
16.6,57.19,424.46,9,9,1,1,1
18.6,31.94,897.05,6,158,0,1,0
174.0,112.37,89.1,2,59,1,3,0
124.4,22.38,377.53,3,29,1,1,0
146.4,65.1,224.03,3,119,1,1,0
16.3,55.57,185.26,6,24,1,1,0
113.9,74.44,248.96,4,97,0,1,0
242.9,95.2,154.04,5,46,1,2,1
120.2,53.58,885.92,6,9,1,2,1
252.2,101.47,381.33,7,18,1,1,1
62.8,57.86,233.97,2,11,0,1,0
316.9,72.89,376.65,5,43,0,1,0
174.8,28.44,324.98,3,48,1,1,0
57.6,45.39,212.64,4,38,1,2,0
63.6,19.45,193.43,6,26,1,3,0
193.0,61.52,125.11,1,17,1,2,0
333.9,92.05,792.21,7,137,0,1,0
111.7,51.97,102.67,3,1,1,2,0
68.8,55.78,115.02,1,5,1,1,0
378.1,75.24,488.47,5,30,1,2,1
214.2,80.22,253.76,6,47,1,4,1
122.0,18.91,636.64,5,104,0,4,0
135.5,40.23,443.43,4,23,1,3,1
56.1,20.92,601.21,7,11,1,1,0
192.4,46.14,129.67,3,66,1,2,0
95.0,139.86,270.66,3,20,0,1,0
993.6,92.81,164.61,4,5,1,3,1
132.8,58.86,131.74,3,25,0,1,0
134.8,162.84,51.37,1,25,1,2,0
165.2,71.0,525.43,5,9,0,1,0
462.5,214.86,325.07,3,6,0,1,1
305.4,64.28,58.92,2,6,1,1,1
123.0,40.11,104.62,1,57,0,1,0
243.3,27.01,122.49,5,23,0,3,0
173.8,87.0,412.94,3,44,0,3,0
137.0,45.84,242.45,2,108,0,1,0
53.4,64.21,913.37,8,52,1,1,0
127.2,78.89,102.19,2,6,1,1,0
65.8,33.83,593.53,4,18,0,1,0
458.4,70.28,280.32,2,23,1,2,1
88.5,52.52,585.83,7,40,0,1,0
562.6,21.76,196.08,8,110,1,1,0
152.1,81.45,518.88,6,12,1,1,0
194.7,87.88,200.09,5,65,0,3,0
155.9,124.61,388.2,4,3,1,4,1
39.9,27.58,741.28,5,68,0,1,0
99.8,181.27,473.6,4,39,0,2,0
33.8,36.12,371.36,6,1,0,3,0
190.6,14.89,213.72,3,31,0,1,0
121.6,60.41,999.56,7,88,0,1,0
285.9,74.47,240.25,7,19,0,1,0
59.8,53.89,542.88,4,5,1,1,1
47.4,27.32,118.76,4,147,0,1,0
108.9,43.65,147.81,2,18,0,1,0
485.1,71.84,1402.9,12,25,0,3,1
238.1,197.02,285.43,4,113,0,3,1
112.7,28.22,282.74,3,29,0,3,0
146.1,39.87,335.21,4,38,1,2,0
30.8,23.65,295.81,3,41,0,2,0
765.9,46.07,168.89,4,46,1,2,1
212.6,56.24,380.61,4,53,0,3,0
75.5,105.5,741.72,5,3,1,1,0
173.7,72.7,406.85,9,90,1,2,1
35.9,136.05,114.81,4,26,0,3,0
622.8,57.82,354.66,5,26,0,2,1
49.6,7.95,137.33,2,60,0,3,0
203.0,74.75,181.73,5,13,0,1,0
65.7,17.89,377.17,4,36,0,1,0
242.6,103.56,76.89,1,13,1,2,0
285.0,57.87,643.98,5,47,1,1,1
216.4,38.75,374.92,5,19,0,1,0
186.6,25.92,888.82,6,7,1,4,1
416.4,42.45,606.9,5,79,1,2,1
29.7,56.21,166.74,2,46,1,1,0
87.3,166.31,642.5,7,1,0,1,0
66.4,53.29,398.03,3,3,0,1,0
811.3,67.68,241.28,2,16,0,4,1
103.8,55.2,211.01,2,50,1,4,0
252.4,67.77,382.8,7,11,1,1,1
222.8,65.29,366.73,5,154,0,1,0
57.9,58.5,122.33,1,83,0,2,0
64.2,37.91,304.71,3,66,1,2,0
74.5,88.93,1010.41,7,1,0,1,0
110.3,28.22,1067.8,8,110,0,1,0
63.1,79.34,302.09,4,30,1,3,0
18.6,89.96,116.39,2,30,0,1,0
395.7,15.53,144.52,4,4,1,1,0
621.6,26.47,291.97,4,31,0,3,1
90.2,16.94,49.47,1,25,1,2,0
89.4,121.37,44.34,2,26,1,2,0
16.3,41.42,75.94,2,7,1,2,0
220.2,117.52,157.78,2,26,0,1,0
329.2,47.27,544.06,4,3,0,3,0
43.5,29.77,555.52,9,1,0,1,0
46.3,36.67,464.07,6,8,1,1,1
296.0,64.54,139.86,2,54,1,2,0
187.4,89.38,611.7,9,31,0,1,0
23.3,59.71,683.66,6,74,1,1,0
190.4,101.4,514.7,6,17,0,1,0
81.5,52.52,146.2,2,15,0,1,0
97.8,56.31,427.9,3,40,1,2,0
279.3,35.15,223.67,4,18,0,1,0
314.8,32.75,128.27,1,16,1,3,0
107.1,93.02,521.7,6,21,1,2,1
544.3,28.28,232.26,3,5,1,3,1
108.9,47.2,197.3,7,8,0,3,0
281.0,95.74,526.42,4,31,0,1,0
134.1,19.12,386.3,7,31,0,3,0
425.1,123.26,541.58,5,30,1,1,1
444.0,30.07,267.36,2,8,1,2,1
31.5,123.55,448.49,5,19,1,1,0
511.2,28.25,413.15,4,84,0,1,0
329.3,92.89,128.45,2,65,1,1,0
297.0,40.68,343.35,3,27,0,4,0
55.4,170.16,737.51,7,76,1,2,0
309.4,50.37,389.11,5,37,1,1,0
356.6,25.85,307.49,3,18,1,1,1
76.4,79.39,216.58,4,50,1,1,0
562.6,43.63,738.62,7,12,1,2,1
24.2,84.3,322.37,3,64,1,1,0
44.2,122.42,77.84,1,14,1,3,0
153.8,94.43,157.26,3,52,1,1,0
169.4,18.36,373.2,3,11,1,1,1
201.5,27.87,826.26,7,82,0,1,0
18.1,68.83,109.69,4,7,1,4,1
596.1,73.26,337.02,4,42,1,2,1
23.2,9.93,255.8,8,18,0,2,0
42.8,24.16,184.63,3,1,0,2,0
17.5,29.69,149.78,2,14,0,2,0
165.6,127.9,171.98,4,8,0,3,0
499.6,37.73,566.7,7,27,1,1,1
212.4,88.99,223.62,2,10,1,1,0
326.3,112.14,76.81,1,3,0,1,0
17.4,36.83,252.19,5,101,0,1,0
155.6,55.07,73.93,1,62,0,1,0
125.8,89.15,388.05,4,2,1,1,0
139.4,18.25,425.19,3,11,1,2,0
28.5,48.62,169.86,2,33,0,3,0
222.6,119.05,406.27,3,13,1,1,0
140.9,72.16,1035.95,7,11,0,2,1
275.8,72.65,278.02,3,30,0,4,0
134.5,101.71,156.48,4,8,1,1,0
44.1,40.25,133.79,1,35,1,1,0
203.1,28.99,264.21,2,4,0,1,0
49.1,69.69,398.74,3,13,1,1,0
385.6,42.24,717.86,5,5,0,2,1
185.9,40.51,279.68,5,12,0,3,0
45.8,28.39,443.42,7,38,0,1,0
605.2,78.94,765.26,7,48,1,1,1
146.5,51.32,466.54,5,6,1,2,0
28.6,28.81,797.33,6,46,0,3,0
192.4,105.43,265.43,5,3,0,2,0
67.6,46.69,105.59,1,9,1,2,0
308.1,80.11,284.51,2,23,1,2,1
321.5,146.28,240.32,5,117,0,1,0
709.9,104.37,479.15,8,120,1,1,1
140.4,136.92,364.82,5,22,1,1,0
124.2,103.14,156.61,5,54,0,1,0
267.1,48.77,128.98,3,27,0,1,0
40.6,33.83,209.02,3,46,1,1,0
157.5,47.21,118.68,4,35,0,2,0
157.2,49.4,671.44,10,40,1,1,1
31.9,121.94,0.0,0,999,0,3,0
112.4,42.92,397.16,3,59,1,2,0
360.5,24.32,396.42,4,20,0,3,0
364.0,67.34,410.41,3,41,1,1,1
33.8,60.43,46.38,1,68,1,2,0
32.1,34.93,153.08,5,35,0,1,0
69.9,45.37,330.13,5,24,1,1,0
389.0,139.42,27.34,1,25,0,2,0
39.8,78.74,539.43,4,41,0,2,0
244.1,47.66,0.0,0,999,1,1,0
34.2,34.78,191.7,5,34,1,1,0
190.7,183.15,367.23,3,16,0,1,0
94.2,156.53,337.84,3,5,0,2,0
295.0,99.12,191.83,7,80,0,1,0
62.9,50.85,344.97,4,23,1,3,1
198.5,33.72,548.45,7,21,0,2,0
63.4,34.54,70.29,1,26,1,3,0
240.1,50.46,145.88,4,32,0,2,0
387.4,42.82,244.71,2,8,0,4,0
39.4,57.92,307.17,6,33,1,1,0
377.6,56.19,238.71,3,15,1,2,1
177.1,30.44,807.23,6,42,1,1,0
39.5,31.13,184.11,3,49,1,1,0
115.4,47.95,49.29,2,1,1,1,0
46.6,55.28,677.94,5,42,0,1,0
231.9,132.55,168.41,2,15,0,2,0
271.0,69.7,507.71,6,12,1,3,1
35.1,68.14,366.74,4,16,1,1,0
142.0,71.38,260.35,6,29,1,3,0
318.4,114.18,225.87,2,4,1,1,0
510.3,372.3,300.48,6,40,1,2,1
144.7,40.75,118.3,2,20,1,1,0
555.2,174.86,204.11,2,6,1,4,1
153.1,22.13,704.81,6,24,0,1,0
105.2,48.27,0.0,0,999,1,1,0
354.3,28.41,184.86,6,14,1,2,1
137.3,87.43,590.48,5,76,1,2,0
129.9,102.64,636.93,6,40,0,1,0
136.3,24.35,394.65,4,36,1,3,0
352.7,110.33,728.47,5,2,0,1,0
336.0,72.43,130.17,2,23,0,1,0
108.0,95.46,435.2,4,63,1,1,0
88.0,120.08,472.6,5,37,0,1,0
136.9,88.94,140.87,2,9,0,4,0
168.1,21.44,734.83,6,65,1,1,0
64.0,45.27,72.41,1,16,1,2,0
299.3,23.37,185.22,2,81,0,4,0
135.0,14.56,278.64,3,24,0,3,0
88.2,27.21,432.36,5,51,1,2,0
35.3,47.59,397.31,5,32,1,1,0
64.1,167.02,167.25,4,12,1,2,1
551.7,57.38,205.24,4,35,1,1,1
80.5,72.77,288.44,8,1,1,1,0
48.3,41.59,570.27,5,60,1,3,0
126.1,51.2,467.03,4,111,1,2,0
81.0,60.95,309.03,3,8,1,3,1
21.4,49.45,278.59,2,71,1,4,0
85.3,82.17,217.78,4,7,1,1,0
156.4,38.78,633.67,5,23,1,2,1
159.4,22.23,132.48,3,12,0,2,0
94.4,19.19,115.27,4,7,1,1,0
121.7,97.96,60.05,3,47,0,2,0
621.1,10.29,572.89,6,54,1,1,1
100.3,50.64,606.18,5,60,0,3,0
68.8,27.89,253.98,2,1,1,3,1
65.2,84.0,487.11,6,62,1,1,0
125.2,58.46,55.27,2,2,1,2,0
271.5,59.38,221.84,9,20,0,2,0
56.5,62.55,557.02,4,7,0,1,0
237.4,61.26,224.58,7,78,0,1,0
18.8,22.19,732.04,6,29,1,3,0
112.7,43.11,87.13,3,21,0,1,0
284.2,32.85,87.67,2,20,0,2,0
89.4,36.75,164.69,4,18,0,2,0
164.3,61.81,224.1,4,22,1,2,1
56.3,98.34,290.93,4,28,0,1,0
258.9,96.29,108.64,3,56,1,3,1
24.7,68.43,586.04,4,9,1,1,0
359.6,44.73,141.82,7,54,1,4,1
54.8,59.33,361.13,3,59,0,1,0
388.4,89.1,619.12,7,63,0,1,0
93.2,36.61,124.5,4,94,0,1,0
245.9,57.81,106.81,3,103,1,1,0
84.2,41.36,967.0,10,4,0,3,1
440.4,36.26,243.93,4,69,0,1,0
39.4,55.68,314.1,4,62,1,3,0
50.4,44.88,182.79,2,16,0,2,0
137.3,69.37,0.0,0,999,1,2,0
30.4,45.3,287.22,3,86,0,3,0
54.3,52.57,29.11,1,4,1,2,0
533.1,22.17,232.52,2,15,1,1,0
690.1,91.53,407.09,7,120,0,2,1
100.0,92.55,104.63,3,27,0,1,0
477.2,32.81,166.43,5,4,1,1,0
156.7,34.73,0.0,0,999,0,2,0
71.6,63.8,406.91,4,77,1,1,0
233.2,42.32,162.7,2,54,0,2,0
208.6,68.03,67.84,2,52,1,2,0
828.8,125.7,72.62,3,22,0,1,1
70.4,33.85,92.83,4,69,0,1,0
215.7,95.77,0.0,0,999,1,1,0
24.6,30.22,122.46,1,15,1,1,0
36.7,36.64,567.43,6,8,1,1,0
15.7,64.12,250.52,2,17,0,1,0
1369.5,81.62,123.04,2,9,0,1,1
306.8,123.48,76.49,2,14,0,2,0
293.1,148.57,124.39,1,39,0,1,0
143.3,47.97,343.86,3,19,0,1,0
79.2,57.43,193.17,2,48,0,3,0
44.5,70.19,541.64,4,22,1,1,0
75.3,55.9,203.98,2,5,0,1,0
99.9,47.65,176.71,2,45,1,2,0
269.1,40.61,511.8,6,3,1,1,0
154.6,82.28,401.04,4,94,0,1,0
29.5,124.04,435.81,5,61,1,1,0
18.3,20.51,221.8,4,109,1,1,0
34.4,50.08,720.02,5,10,1,2,0
110.1,20.82,867.29,6,22,0,1,0
502.1,79.4,208.45,5,8,1,2,1
197.6,36.09,355.91,4,19,0,1,0
306.3,114.12,367.95,3,10,1,3,1
128.1,52.48,189.85,7,63,0,3,0
95.8,80.02,144.25,4,5,0,1,0
35.7,33.38,545.02,6,9,1,2,0
390.6,62.55,142.1,6,11,1,3,1
290.1,62.13,513.16,4,44,1,1,0
48.1,72.86,267.02,2,33,0,2,0
144.2,38.88,694.32,6,5,1,4,1
135.3,108.35,253.81,2,31,1,1,0
191.6,70.34,429.29,4,62,0,2,0
541.0,120.56,153.77,4,20,1,2,1
171.1,22.49,95.52,4,32,0,2,0
154.9,62.87,260.5,2,25,0,3,0
24.3,51.27,559.65,5,15,0,2,0
26.7,150.51,359.0,5,1,1,3,0
52.3,83.38,494.36,4,7,0,1,0
20.9,56.44,80.78,3,97,1,2,0
259.8,80.4,245.92,4,15,0,1,0
246.3,43.9,193.32,3,12,0,2,0
41.3,74.59,100.9,3,32,1,1,0
340.5,200.24,814.94,7,77,0,1,0
45.3,40.36,363.24,3,12,1,1,0
79.5,62.24,95.81,1,9,1,1,0
66.5,35.23,148.64,2,77,1,1,0
98.8,31.52,98.92,1,49,0,2,0
67.9,96.36,273.58,2,40,0,2,0
135.8,26.96,199.52,3,27,0,1,0
109.2,73.9,444.16,7,19,1,1,1
790.8,92.9,403.82,4,34,1,3,1
25.4,45.03,762.11,7,9,1,3,0
42.6,118.09,159.01,2,56,0,3,0
24.8,112.06,131.74,1,18,1,3,0
192.0,44.88,394.78,6,47,0,3,0
25.1,24.34,413.28,4,55,0,2,0
340.9,77.31,427.25,4,3,1,1,1
144.1,55.39,349.96,6,37,0,1,0
149.8,64.5,134.7,6,12,0,1,0
163.4,76.82,764.76,6,15,1,3,0
48.7,21.62,330.86,4,44,1,1,0
54.6,43.34,162.05,5,104,0,3,0
84.1,141.47,577.93,4,54,1,1,0
177.0,65.69,117.07,2,12,1,1,0
57.5,79.9,326.72,4,41,0,1,0
37.3,62.36,414.64,5,14,0,1,0
646.9,78.51,341.02,5,20,1,1,1
19.0,110.69,198.53,5,5,1,2,1
307.1,15.16,223.12,2,60,0,2,0
294.2,89.35,0.0,0,999,0,1,0
78.5,55.87,326.11,3,66,1,3,1
41.2,98.46,1118.47,9,9,1,1,1
43.3,46.01,138.04,6,5,0,2,0
230.2,44.89,0.0,0,999,0,2,0
200.3,26.29,308.83,3,70,1,3,0
289.8,56.77,136.35,3,7,1,2,0
514.0,25.2,301.88,3,34,1,1,1
226.9,53.78,522.9,7,6,0,2,0
45.5,64.45,123.99,4,1,1,3,0
65.2,37.01,88.08,1,26,0,3,0
347.3,20.07,146.53,1,99,1,1,0
57.3,17.03,417.38,4,30,0,1,0
28.6,30.59,125.94,2,19,0,2,0
233.7,16.26,373.02,4,11,1,4,1
107.7,63.41,579.57,5,11,1,2,0
469.7,203.47,120.93,3,11,1,1,1
204.1,25.98,177.5,2,8,0,2,0
32.1,232.3,171.78,2,3,1,1,0
546.7,61.97,68.95,1,47,1,1,1
68.8,69.87,585.59,5,13,0,1,0
89.0,20.88,467.26,5,6,1,1,0
107.6,65.15,886.85,8,31,1,2,1
24.5,41.67,389.9,4,90,0,3,0
138.5,136.24,121.52,1,39,0,1,0
38.7,17.04,409.64,4,7,0,2,0
107.2,42.14,324.32,3,18,1,2,1
92.7,34.05,98.63,2,58,0,4,0
281.8,71.62,389.89,3,2,1,3,1
307.6,11.59,361.79,9,14,1,1,1
45.0,133.77,64.18,1,17,1,2,0
97.2,69.93,542.49,4,20,0,2,0
99.1,67.04,68.23,2,27,1,2,0
44.6,26.81,663.34,5,23,0,3,0
303.3,92.22,245.39,3,6,0,2,0
236.1,86.72,131.6,3,18,0,1,0
53.0,116.65,579.18,5,16,1,2,0
97.2,48.09,113.81,2,87,1,1,0
35.1,19.95,324.38,3,45,1,1,0
193.1,38.01,245.63,2,67,0,2,0
38.3,100.63,470.06,5,41,0,1,0
782.5,42.34,122.18,1,2,1,2,1
288.1,169.48,566.22,4,22,1,3,1
104.0,93.55,91.55,1,50,1,1,0
170.5,155.89,159.23,4,30,0,1,0
451.1,43.83,561.24,5,47,0,1,0
160.4,75.48,293.24,4,108,0,4,0
49.5,30.75,356.28,4,10,1,1,0
100.7,96.54,202.97,2,135,1,3,1
348.4,78.91,1132.74,10,5,0,4,1
201.0,90.42,309.52,3,83,1,1,0
204.3,46.36,100.55,2,8,0,2,0
377.9,63.54,1289.88,11,42,1,2,1
418.9,61.52,749.73,6,51,0,1,1
469.2,46.5,49.8,2,55,1,2,0
32.9,65.88,180.18,3,19,1,1,0
156.4,72.97,294.23,2,7,1,2,0
257.8,81.12,129.31,3,53,1,2,0
269.6,45.79,218.83,5,34,1,2,0
183.0,93.46,484.36,5,10,1,1,0
47.8,89.86,191.88,3,17,0,4,0
302.4,82.06,421.7,4,12,1,1,0
244.2,97.81,270.72,5,81,0,4,0
31.2,52.7,226.14,3,54,1,2,0
127.2,28.06,748.98,5,71,1,2,0
49.4,90.08,342.74,5,2,0,3,0
89.1,40.94,187.21,6,36,0,3,0
18.3,20.63,466.07,4,11,0,1,0
107.0,41.65,193.03,2,46,0,2,0
158.7,65.0,544.57,7,73,1,2,0
189.0,127.62,552.53,4,48,0,1,0
211.0,73.35,156.25,4,80,0,1,0
340.7,97.46,251.0,3,17,1,2,1
58.7,88.91,269.59,6,33,1,1,0
38.1,71.24,154.27,5,22,0,1,0
358.3,50.16,155.01,2,59,0,1,0
45.7,30.68,143.16,1,28,1,1,0
677.3,181.73,1138.69,10,41,1,3,1
347.7,42.37,100.97,2,33,1,3,0
140.1,49.56,560.99,7,66,1,1,0
732.4,55.0,247.34,2,25,0,2,1
33.4,41.69,272.42,6,4,1,2,0
80.0,79.69,92.96,2,98,0,2,0
198.0,42.14,130.6,3,27,1,2,0
92.5,48.88,395.87,4,51,0,1,0
489.5,40.16,118.82,5,38,1,2,1
27.2,48.23,481.95,5,19,1,1,0
158.5,27.23,254.6,2,100,1,2,0
175.9,23.37,608.72,5,44,0,2,0
205.4,143.74,640.13,6,9,0,1,0
68.1,97.78,145.6,3,180,1,1,0
96.6,130.68,504.54,4,293,0,1,0
349.1,137.59,144.47,1,12,1,3,1
54.0,33.2,87.78,2,139,0,3,0
330.7,127.36,276.69,2,32,1,2,1
163.9,107.91,392.67,3,7,1,2,1
273.5,47.98,294.61,2,126,0,1,0
240.1,72.92,369.04,6,4,0,1,0
56.9,95.82,141.43,1,34,0,1,0
166.4,83.97,173.35,4,60,0,2,0
379.1,55.26,0.0,0,999,0,4,0
116.9,65.59,169.54,5,1,0,3,0
626.8,78.06,226.83,3,19,1,1,1
123.3,47.08,64.75,3,4,1,2,0
42.7,83.19,347.87,5,10,0,4,0
103.8,38.04,506.85,5,92,0,1,0
560.5,129.76,60.35,2,71,0,1,0
84.3,104.99,379.21,3,36,0,1,0
379.6,96.98,58.05,1,76,0,2,0
398.5,74.93,156.24,6,13,1,3,1
92.6,68.43,274.8,4,58,1,1,0
30.6,107.32,227.98,6,38,1,1,0
247.1,28.98,616.93,5,44,1,1,0
82.2,35.23,253.68,4,3,0,2,0
290.0,84.39,35.21,1,15,0,1,0
120.2,58.38,631.81,8,2,0,1,0
134.5,41.79,630.06,8,6,0,1,0
285.8,112.09,111.66,2,11,1,1,0
101.7,64.51,375.06,6,29,0,3,0
120.4,72.79,359.85,3,47,0,1,0
99.9,113.71,515.17,5,4,0,1,0
97.4,54.76,143.72,3,2,0,2,0
149.4,170.97,573.06,4,71,1,1,0
312.8,30.63,238.46,4,5,1,1,0
95.8,111.69,625.43,7,20,0,1,0
148.7,43.41,659.72,7,4,0,3,0
215.0,101.49,238.88,5,26,1,1,0
71.5,38.44,57.86,1,4,0,2,0
73.5,23.21,494.94,6,48,0,3,0
502.7,102.27,213.29,4,3,0,2,1
246.4,48.15,179.2,3,19,1,1,0
169.9,23.8,299.13,3,18,0,2,0
202.8,105.1,807.72,7,84,1,1,1
20.4,68.15,372.38,3,19,0,1,0
188.3,48.05,143.29,4,3,1,1,0
143.2,75.08,926.48,8,26,1,1,0
157.0,54.51,1417.28,10,43,1,1,0
95.2,50.58,286.49,3,14,0,3,0
30.3,95.18,0.0,0,999,1,1,0
53.7,68.62,720.96,5,5,0,3,0
556.9,36.94,266.05,2,19,0,1,0
109.6,59.41,554.98,6,6,1,2,0
128.2,94.35,478.24,4,11,0,2,0
24.7,29.93,130.55,3,34,1,2,0
21.9,117.99,221.11,3,46,0,2,0
242.3,67.17,226.01,2,13,0,1,0
154.0,64.09,115.03,2,151,1,1,0
142.9,66.04,316.03,4,12,0,3,0
65.1,147.8,84.91,2,6,0,2,0
260.8,59.65,820.29,6,67,1,1,1
48.2,48.44,1227.93,9,35,0,1,0
52.9,55.15,82.19,1,38,0,2,0
126.2,102.24,359.69,8,52,1,3,1
75.7,86.44,541.49,5,249,1,1,0
66.2,60.2,191.04,4,11,0,4,0
201.5,191.0,198.87,4,27,1,1,1
204.5,82.35,439.1,3,40,1,2,0
328.2,34.0,32.94,1,6,1,1,0
112.3,15.53,0.0,0,999,0,2,0
28.7,87.11,184.27,2,13,1,1,0
72.6,50.56,34.01,1,14,1,1,0
719.2,22.7,200.5,8,42,0,4,1
178.3,56.34,452.52,5,30,0,2,0
237.7,90.59,104.68,3,42,1,1,0
16.3,53.87,421.22,8,24,1,1,0
146.4,58.45,423.23,5,103,0,2,0
21.9,14.67,325.87,5,25,1,1,0
166.6,87.22,674.23,6,31,0,2,0
471.4,19.64,870.71,6,12,1,1,1
636.9,41.54,471.66,4,2,1,1,1
155.0,70.74,600.0,4,56,0,1,0
125.3,36.45,352.79,5,64,1,2,0
537.1,41.15,119.36,2,63,0,3,0
216.5,68.82,238.18,5,54,1,1,0
27.1,72.14,675.17,5,11,1,3,1
127.8,61.31,70.69,1,29,0,2,0
64.5,13.79,112.42,1,56,1,2,0
129.2,16.95,323.16,3,33,0,2,0
124.4,102.2,109.68,4,105,1,2,0
172.1,47.42,671.77,5,38,0,1,0
94.4,210.02,582.75,7,28,1,1,1
47.3,69.03,343.43,7,177,0,1,0
141.1,169.1,294.56,2,26,0,2,0
334.2,53.38,943.28,8,112,1,2,1
211.3,43.86,400.7,4,1,0,1,0
89.3,87.87,296.98,2,27,0,1,0
508.5,114.31,355.07,3,12,1,1,1
452.9,53.55,214.49,6,17,0,1,0
57.3,86.2,744.25,5,4,0,3,0
22.2,19.71,390.75,4,11,1,3,1
258.4,33.97,235.71,4,28,1,1,0
331.4,76.54,378.83,3,42,1,3,1
633.8,47.62,104.92,4,80,0,1,0
412.0,70.64,210.14,2,9,1,2,1
180.2,77.28,325.64,8,53,1,2,0
150.9,85.4,62.76,2,1,1,2,1
20.1,100.92,66.02,1,74,0,2,0
66.0,102.33,596.95,9,30,1,1,1
125.8,29.48,392.27,4,62,1,1,0
193.2,54.21,374.03,4,10,1,1,0
161.7,53.18,656.6,6,16,0,3,0
259.3,57.69,42.63,1,4,1,1,0
74.1,50.41,532.85,4,3,1,2,1
164.8,59.98,658.14,5,58,1,1,0
31.6,40.35,96.23,2,12,0,2,0
111.1,97.12,244.69,3,15,1,1,0
264.6,77.35,83.44,1,25,0,1,0
227.8,40.09,279.52,2,37,0,3,0
855.9,60.68,550.92,4,2,1,1,1
73.6,159.44,172.62,6,29,1,3,1
139.1,30.52,867.26,6,31,1,2,1
87.0,34.69,115.65,4,63,0,2,0
119.6,99.72,274.33,3,6,1,1,0
365.0,139.9,423.55,7,20,1,2,1
222.5,72.35,495.32,7,22,1,3,1
400.3,63.0,608.84,6,62,0,1,0
56.0,27.04,383.58,4,15,0,3,0
387.0,45.19,167.09,4,3,1,2,1
26.1,43.75,876.43,6,31,1,1,1
410.0,45.47,23.73,1,36,1,3,1
86.8,37.29,129.28,2,29,1,1,0
83.0,25.96,496.72,4,23,1,3,0
144.2,88.39,391.87,3,8,0,1,0
523.5,75.02,494.59,4,26,0,2,0
23.8,26.02,342.12,5,2,1,2,0
93.2,61.16,215.08,2,28,1,1,0
364.5,49.2,716.15,6,23,1,3,1
105.8,149.66,380.54,4,101,1,1,0
55.0,120.57,541.36,5,13,0,3,0
114.5,149.13,275.91,3,1,0,2,0
102.7,44.78,54.29,2,47,0,1,0
459.6,18.12,55.53,1,7,1,1,0
273.3,28.88,111.34,1,26,0,3,0
141.6,45.3,308.4,6,8,0,1,0
816.8,51.41,237.63,3,26,1,2,1
127.7,151.08,179.0,2,29,0,1,0
25.8,96.79,857.81,8,36,0,1,0
69.8,75.1,214.75,4,16,0,3,0
118.1,121.61,194.76,2,3,0,1,0
45.7,82.82,97.55,1,30,0,2,0
545.7,93.44,779.12,6,66,1,1,1
277.1,49.21,367.06,4,25,1,1,0
71.2,22.64,408.52,7,10,1,3,1
175.8,19.8,175.9,2,18,1,1,0
245.1,20.01,33.95,1,26,0,2,0
525.3,87.71,198.01,2,4,0,1,0
399.1,35.59,417.29,3,28,1,1,1
145.3,49.43,444.38,5,4,0,1,0
283.2,24.53,173.95,3,7,1,2,1
163.7,112.44,218.16,3,17,0,1,0
159.8,59.31,274.48,2,53,1,2,0
36.9,68.66,1131.29,9,57,0,1,0
39.3,72.8,870.89,7,11,0,3,0
150.7,78.19,839.97,9,26,1,2,1
71.4,115.92,214.6,3,4,1,2,0
18.8,89.52,223.3,6,200,0,3,0
246.0,31.5,440.49,3,35,0,2,0
20.9,34.5,129.85,3,9,0,3,0
177.8,239.96,105.55,2,76,0,3,1
154.5,103.93,477.42,4,15,0,3,0
639.2,193.72,131.2,2,11,1,1,1
134.2,51.65,383.61,4,12,1,3,1
26.8,139.59,357.04,3,22,1,2,0
159.4,79.74,276.89,3,2,0,1,0
346.1,71.28,167.59,2,35,0,1,0
1051.8,60.81,159.55,6,97,0,2,1
116.3,95.92,416.98,5,56,1,1,0
84.5,81.89,237.46,3,55,0,1,0
441.9,53.49,806.8,6,49,0,2,1
53.2,41.32,312.64,4,15,1,1,0
187.0,54.52,407.57,4,7,0,1,0
108.7,59.77,241.17,2,13,0,2,0
22.6,46.65,242.41,3,7,0,2,0
91.8,33.72,269.56,5,63,0,3,0
70.5,62.28,408.64,3,18,0,2,0
223.6,76.23,272.83,2,55,1,1,0
549.9,70.37,547.91,4,12,0,1,1
71.2,28.57,110.92,2,6,1,2,0
315.3,148.68,366.06,6,68,1,1,0
25.3,170.15,418.33,3,53,0,4,1
154.0,86.79,145.41,4,27,0,1,0
28.2,97.3,105.26,1,5,1,2,0
504.3,68.94,290.01,5,14,1,2,1
276.7,73.78,455.08,4,2,1,3,1
208.1,19.08,513.51,4,76,0,3,0
327.6,56.49,292.22,4,10,1,3,1
202.7,57.0,158.6,4,25,0,4,0
640.0,167.03,230.38,2,94,0,1,1
240.3,49.93,108.98,4,33,1,1,0
480.4,147.21,87.8,4,33,0,1,0
146.0,60.74,938.24,7,59,1,3,1
37.4,45.61,378.55,3,39,1,2,0
150.2,19.84,286.96,3,22,1,2,0
39.4,73.08,745.49,7,5,0,1,0
176.6,36.75,863.03,6,23,1,1,0
133.6,21.53,84.48,3,7,0,1,0
190.4,86.45,96.31,2,23,1,2,0
16.8,74.82,459.19,4,1,1,1,0
54.0,78.74,108.65,2,15,1,2,0
136.7,60.41,187.78,4,2,1,2,1
556.1,38.99,309.95,4,6,1,1,1
102.1,30.88,912.65,8,39,1,1,1
114.4,136.52,378.94,8,123,0,3,0
240.8,90.72,379.2,5,28,0,2,0
181.6,104.78,349.78,4,7,0,2,0
78.9,54.89,211.95,5,16,0,2,0
110.2,35.99,0.0,0,999,0,1,0
59.2,33.59,530.26,4,2,1,1,0
623.8,63.05,935.91,8,81,1,3,1
40.2,36.96,170.9,2,26,1,3,0
98.7,17.82,217.72,6,6,0,1,0
19.7,83.87,92.15,4,45,0,1,0
60.1,104.76,86.22,3,7,0,1,0
287.9,42.64,1175.28,10,8,0,1,1
55.4,20.99,111.57,1,31,1,2,0
30.0,66.5,350.96,3,19,0,2,0
130.8,54.48,359.62,6,74,0,4,0
16.8,47.49,126.76,4,30,1,1,0
30.9,77.8,451.45,4,7,1,1,0
311.7,64.44,419.76,3,22,0,4,1
280.7,76.04,315.14,4,43,0,2,0
459.0,62.68,835.53,7,31,1,1,1
362.0,36.9,573.25,5,13,0,1,0
221.9,35.23,654.9,5,17,1,1,0
24.7,60.47,189.51,8,36,1,3,1
289.9,100.37,432.57,3,25,1,1,0
351.2,63.63,264.99,2,3,1,3,1
303.9,39.71,669.71,5,27,0,1,0
142.8,66.32,299.05,2,20,1,3,1
62.7,67.94,721.92,7,56,1,3,1
351.0,37.14,91.85,3,4,0,1,0
248.8,168.72,634.82,5,1,0,1,1
726.1,97.39,112.6,3,57,1,3,1
45.5,55.05,347.78,3,8,0,2,0
61.0,161.36,525.86,7,2,1,3,0
57.8,73.29,125.16,6,9,0,2,0
298.1,69.72,459.91,6,72,1,1,0
52.2,128.66,741.4,6,7,1,3,1
27.4,97.8,62.72,2,13,1,2,1
1192.9,79.58,60.86,3,31,0,2,1
19.5,46.64,157.72,2,7,0,2,0
339.6,59.93,0.0,0,999,1,1,0
96.8,54.46,566.06,4,41,1,3,1
346.7,40.19,763.39,6,9,1,1,1
160.6,200.77,305.75,3,4,0,2,0
432.4,98.29,133.51,6,17,1,1,1
484.1,53.2,94.08,1,40,1,2,0
16.6,74.91,214.48,2,56,1,1,0
29.1,54.83,578.21,6,2,1,1,0
66.9,36.3,286.19,2,26,1,1,0
214.2,17.65,512.3,4,10,0,1,0
409.5,78.72,269.85,4,18,1,1,1
125.9,61.12,661.94,6,25,1,1,0
183.1,114.25,319.8,4,44,1,2,1
52.6,42.9,703.43,5,2,0,1,0
309.2,114.36,401.43,4,7,0,1,0
630.8,122.0,382.68,4,32,1,3,1
71.3,22.33,425.45,5,20,1,1,0
137.9,105.27,414.64,6,8,0,1,0
31.2,95.24,117.74,3,3,0,1,0
162.4,57.55,222.44,4,81,0,1,0
140.8,113.18,252.9,4,15,1,3,0
43.1,102.66,200.11,5,18,1,1,0
120.0,65.02,628.26,5,2,1,2,0
88.2,21.65,20.29,1,45,1,1,0
147.8,51.63,278.1,2,160,1,1,0
173.6,106.14,73.35,2,126,0,2,0
16.5,72.56,186.38,7,13,1,2,0
272.6,45.65,0.0,0,999,1,2,0
239.7,62.46,599.89,4,18,1,1,0
97.1,64.9,179.71,4,17,1,4,0
24.8,35.51,224.36,6,59,1,1,0
268.1,44.74,411.4,9,52,0,2,0
573.9,192.03,259.42,3,22,1,2,1
64.4,10.41,185.26,3,20,1,1,0
85.4,62.02,127.46,2,114,1,1,0
51.6,106.13,375.73,3,18,1,1,0
169.8,61.39,0.0,0,999,1,3,0
45.3,41.86,876.47,6,46,0,3,1
94.3,49.29,260.75,3,4,0,1,0
229.9,164.14,259.99,5,6,0,1,0
162.8,88.92,276.42,3,2,0,1,0
102.9,85.76,532.95,4,2,0,3,0
113.1,57.37,72.06,3,31,1,1,0
163.6,70.24,553.85,4,3,1,1,0
16.1,31.96,197.8,4,5,1,2,0
29.7,169.78,301.83,5,10,1,3,1
398.5,92.39,403.96,6,27,0,2,1
29.6,61.72,693.94,5,9,0,1,0
235.8,67.28,42.88,1,17,0,3,0
469.7,81.48,195.97,4,15,1,1,1
71.8,31.78,690.26,6,17,1,2,1
98.3,50.92,566.04,4,87,0,1,0
166.5,32.44,134.46,4,115,1,2,0
399.2,92.05,615.25,7,3,1,1,1
527.2,25.9,416.64,3,4,0,1,0
257.2,33.82,270.38,2,2,1,2,1
31.3,98.95,429.9,3,17,1,3,0
214.1,70.4,411.82,3,63,0,3,1
110.1,153.58,304.56,5,53,0,1,0
129.5,50.57,376.33,8,15,0,3,1
24.1,55.89,411.58,3,46,0,2,0
53.2,134.84,337.66,3,127,0,1,0
296.4,115.08,207.62,3,8,1,2,1
123.9,100.17,563.41,5,110,1,1,1
79.6,38.25,239.74,4,49,1,1,0
102.2,40.26,382.3,4,4,1,2,0
361.8,58.73,251.67,5,52,1,1,1
263.8,57.83,558.16,6,4,0,1,0
72.2,38.69,560.04,4,1,0,4,0
37.5,49.22,240.57,2,48,1,1,0
67.3,59.73,105.29,1,74,0,1,0
471.3,111.44,207.93,4,17,1,3,1
171.8,129.35,28.24,1,1,1,3,1
152.2,90.16,449.5,4,30,1,2,1
178.3,23.39,284.68,3,9,1,2,0
97.0,119.99,333.47,7,26,1,3,1
311.2,90.42,707.59,5,13,1,2,1
148.4,102.38,275.29,3,32,0,4,0
37.3,40.17,188.68,2,10,1,1,0
39.9,137.79,235.36,4,6,1,1,0
153.6,54.68,134.32,1,46,1,1,0
511.4,38.38,951.17,7,26,1,1,1
81.4,95.0,225.94,2,13,0,3,0
381.6,59.21,98.72,3,33,1,1,1
275.0,88.82,247.76,8,12,0,2,0
66.3,49.03,405.1,5,15,1,1,0
21.7,30.35,76.95,2,16,1,1,0
34.3,48.26,252.6,4,9,1,1,0
249.7,26.28,211.37,5,20,0,3,0
55.1,90.59,301.57,5,56,1,1,0
98.5,11.79,570.31,4,117,0,2,0
140.4,115.65,471.75,4,9,0,2,0
247.7,27.65,227.88,6,92,0,1,0
36.6,107.33,534.8,5,11,0,1,0
108.9,84.18,95.86,4,21,1,1,0
134.5,15.6,443.61,3,4,0,1,0
155.1,68.78,356.48,4,31,1,1,1
322.0,25.27,514.22,6,24,0,2,0
48.9,68.99,358.7,7,38,1,1,0
311.9,40.67,318.07,4,31,1,1,1
227.5,15.8,442.06,5,131,0,1,0
161.1,81.67,422.26,4,49,1,1,0
231.4,57.89,181.78,7,111,0,1,0
110.6,61.45,193.45,3,25,1,2,0
41.8,17.62,421.86,6,11,0,1,0
212.3,16.45,196.95,5,25,1,1,0
148.9,51.2,204.69,4,21,0,1,0
198.6,105.55,152.3,3,19,1,2,1
89.2,91.55,626.74,5,17,1,1,0
442.3,80.16,437.36,4,55,0,1,0
174.3,125.1,279.91,2,45,0,4,0
31.1,42.06,482.29,8,34,0,2,0
122.5,83.04,538.46,4,35,1,2,1
269.2,20.62,793.77,6,16,1,3,1
299.5,198.97,312.94,4,19,0,1,0
137.8,37.49,305.59,3,6,1,3,0
420.3,79.27,195.47,2,29,0,2,0
71.1,151.8,120.04,2,5,0,1,0
110.2,48.01,162.21,3,82,0,1,0
427.0,78.14,293.75,7,18,0,2,1
422.9,68.0,644.48,5,2,1,1,1
223.3,46.53,268.08,3,1,1,1,0
367.6,40.48,127.98,2,38,1,3,1
31.7,27.21,431.5,5,32,1,1,0
375.4,54.98,243.81,8,49,1,1,0
84.6,38.14,135.11,4,46,1,2,0
50.4,36.54,593.58,5,1,0,2,0
64.2,86.41,685.81,5,7,0,4,0
112.4,65.21,246.54,4,13,1,2,1
67.1,109.72,292.77,4,3,0,2,0
84.6,46.21,274.34,4,7,1,2,0
41.1,28.68,411.38,5,29,1,4,1
78.2,87.22,590.54,8,21,1,1,0
167.9,89.91,140.42,2,65,0,3,0
120.0,72.15,1057.93,10,9,1,1,0
91.6,35.91,221.5,4,26,0,2,0
262.0,62.02,142.54,1,65,0,2,0
418.1,27.84,240.41,4,3,0,2,0
269.5,37.78,239.48,5,67,1,1,0
87.6,118.38,1170.78,8,14,0,2,1
260.6,43.69,99.49,2,65,0,2,0
44.7,102.33,179.54,2,38,1,3,0
40.1,74.73,62.76,1,37,0,3,0
91.3,149.86,240.57,8,2,0,1,0
311.8,73.02,431.64,3,94,1,2,0
65.9,70.28,205.96,3,19,1,2,0
26.8,20.75,311.48,3,4,1,1,0
40.4,38.48,528.37,4,48,0,1,0
367.3,51.08,367.55,4,67,0,1,0
195.8,184.43,338.01,3,88,0,1,0
67.6,40.33,244.0,2,24,1,1,0
160.9,29.07,139.2,2,17,0,1,0
150.0,23.32,508.7,5,29,0,1,0
206.8,20.33,140.32,3,12,1,3,0
62.8,188.25,244.74,9,17,1,1,0
374.7,67.07,889.65,6,26,0,1,0
81.6,31.54,160.19,5,58,0,2,0
228.2,127.17,227.2,3,64,0,1,0
17.9,161.5,201.34,7,5,1,1,0
98.9,32.49,419.85,3,5,1,3,0
93.0,45.13,170.97,5,7,0,1,0
156.1,115.58,122.25,1,30,0,1,0
28.6,90.63,339.14,3,8,1,2,0
296.0,54.1,51.71,2,32,1,1,0
59.2,117.44,227.53,2,43,1,3,0
218.4,20.24,876.06,6,65,0,1,0
307.6,28.23,175.46,2,67,1,1,0
163.5,37.1,230.54,4,8,1,2,0
258.1,34.29,363.39,4,13,1,3,1
210.2,13.11,178.66,5,7,0,2,0
94.1,46.92,577.1,4,38,1,1,0
312.9,83.13,337.47,5,39,0,1,0
77.8,98.22,317.64,4,1,1,1,0
167.4,93.69,144.36,2,6,0,2,0
261.2,111.07,70.86,3,14,1,1,0
100.7,77.49,146.8,6,8,0,2,0
79.9,41.92,186.22,2,27,1,3,0
125.7,17.18,341.21,4,2,1,2,0
321.6,16.9,592.98,4,58,0,3,1
493.5,64.36,271.1,5,21,1,1,1
156.8,32.81,543.22,8,30,0,2,0
210.0,62.37,742.11,5,29,1,2,0
435.5,26.37,78.67,3,20,1,1,0
33.7,124.16,207.09,2,28,1,2,0
62.5,48.02,132.86,4,3,0,1,0
237.1,50.49,715.16,5,16,1,2,1
327.4,53.43,574.51,10,41,0,2,0
365.1,7.22,503.33,4,15,1,1,1
111.5,115.98,692.32,5,10,0,1,0
31.8,28.63,390.34,3,28,1,2,0
118.7,54.28,739.18,8,22,1,1,0
62.2,61.2,879.26,6,26,0,2,0
77.0,34.92,215.92,2,105,1,2,0
281.3,84.36,488.8,4,6,1,3,1
29.1,108.32,155.21,3,32,0,1,0
331.4,17.0,297.55,4,2,1,2,1
115.4,89.7,195.53,2,35,1,2,0
178.2,14.9,116.87,3,8,1,2,0
31.9,34.98,727.72,5,54,1,2,0
89.1,41.45,68.52,2,11,1,1,0
31.9,42.23,230.54,2,17,1,1,0
601.5,119.51,55.08,2,24,1,2,1
311.4,44.05,166.72,5,31,1,1,0
125.8,44.02,202.07,2,12,0,1,0
60.6,24.02,551.76,7,6,1,1,0
502.8,70.88,20.47,1,34,0,3,0
91.1,51.7,355.88,5,20,0,1,0
46.6,79.12,262.56,5,2,0,3,0
164.1,23.72,399.92,3,26,0,1,0
533.1,151.87,336.15,3,21,1,2,1
15.7,93.48,347.62,3,24,1,1,0
64.0,329.34,718.12,5,4,1,1,1
516.8,60.71,336.85,3,22,0,1,0
48.8,104.71,81.75,2,45,1,3,0
36.6,154.2,567.4,4,5,1,2,1
167.0,71.81,173.52,5,33,1,3,1
371.3,52.72,180.16,4,7,0,2,0
131.7,43.41,228.28,4,13,1,2,0
953.7,48.71,171.05,4,15,1,2,1
219.6,65.84,89.53,4,48,1,1,0
28.9,51.19,79.69,1,9,1,1,0
903.9,88.6,218.87,2,11,0,1,1
109.3,131.16,299.04,4,68,1,1,0
76.0,26.82,101.04,2,45,1,1,0
161.9,26.73,404.33,3,24,0,2,0
80.3,44.39,140.96,2,13,1,3,0
31.3,17.11,516.22,4,52,0,2,0
15.3,145.6,129.61,3,28,0,2,0
122.5,111.34,443.38,7,14,0,1,0
341.4,52.35,746.74,6,13,1,1,1
167.9,55.41,167.71,7,21,0,3,0
1300.2,72.93,698.32,5,98,0,1,1
75.9,35.32,429.31,6,34,1,2,0
74.2,47.58,1177.1,8,38,0,3,0
46.3,36.96,555.88,5,17,1,1,0
47.3,61.35,573.68,4,124,1,2,0
75.4,62.37,85.82,3,18,0,3,0
298.4,54.44,227.72,2,1,1,1,0
440.1,105.18,401.43,3,54,0,1,0
679.6,54.9,593.53,4,24,0,3,1
62.6,57.03,73.03,3,6,1,3,0
398.6,21.16,92.43,3,1,1,1,0
86.6,86.99,230.24,2,160,0,1,0
36.6,65.07,50.12,2,35,0,2,0
382.3,92.59,85.91,4,21,0,1,0
197.0,33.29,272.58,3,14,0,1,0
47.4,28.0,444.15,5,3,1,3,0
116.1,50.74,897.8,9,35,0,2,0
76.0,15.3,130.98,6,16,0,2,0
255.3,150.44,598.0,7,151,0,2,0
123.7,49.69,57.27,1,4,1,2,0
831.4,10.59,354.86,3,10,1,4,1
25.1,42.43,195.8,3,17,0,2,0
93.9,53.03,132.71,2,53,0,1,0
133.4,131.78,315.15,3,50,1,1,0
140.9,60.92,423.55,4,10,1,1,0
83.3,22.27,27.58,1,15,0,1,0
250.2,73.51,304.14,3,3,0,3,0
388.9,60.34,316.56,3,16,0,2,0
517.6,51.8,158.96,2,7,0,1,0
309.3,46.7,1020.98,8,83,1,4,1
357.2,100.99,211.83,10,55,1,1,1
158.9,59.24,1167.11,8,6,1,1,1
329.7,56.95,68.88,1,23,0,1,0
80.1,115.03,389.76,4,105,1,1,0
106.5,94.22,97.85,4,18,1,1,0
83.6,73.69,672.94,6,20,0,1,0
128.4,37.59,362.72,4,14,0,1,0
75.5,48.67,434.54,3,23,1,1,0
601.8,55.74,224.79,3,30,1,3,1
82.5,24.07,455.37,4,4,1,1,0
33.6,42.93,148.25,5,4,0,1,0
149.7,60.56,85.17,3,49,1,2,0
25.6,83.2,716.85,5,134,1,3,0
36.1,81.13,52.93,1,23,1,4,0
59.6,18.41,831.67,6,65,1,2,1
127.4,46.83,62.78,2,67,1,1,0
117.2,34.74,411.62,4,16,1,2,0
304.4,16.16,275.12,3,14,1,2,1
257.1,54.08,873.62,6,43,1,2,1
115.0,42.59,362.61,5,80,1,1,0
88.1,59.32,52.59,2,64,0,3,0
83.5,81.58,326.52,4,13,0,2,0
282.7,73.26,762.86,6,15,1,2,1
24.6,162.93,80.46,3,44,1,1,0
17.3,64.93,74.12,3,13,0,1,0
300.7,128.81,887.79,7,63,0,1,0
131.7,28.9,762.7,6,24,1,2,1
40.2,72.59,275.98,6,12,0,1,0
63.4,37.28,210.94,2,12,1,3,0
500.2,50.28,141.78,5,51,1,1,1
368.3,95.57,1075.76,9,5,1,3,1
237.7,49.98,238.7,4,89,1,1,0
133.5,106.28,149.9,3,18,1,1,0
147.2,38.02,540.47,5,61,1,1,0
680.8,28.2,554.01,4,52,1,1,1
622.4,67.39,76.19,3,50,0,1,0
58.6,69.25,193.43,5,37,1,1,0
315.0,48.02,212.98,4,23,0,1,0
54.5,85.23,0.0,0,999,0,1,0
58.2,14.53,670.15,5,29,0,1,0
217.9,31.09,413.8,3,25,0,2,0
108.5,75.94,415.13,6,15,0,2,0
497.7,51.25,300.67,6,23,1,2,1
31.8,39.11,89.83,2,15,0,2,0
144.0,64.29,942.58,7,36,1,1,0
466.3,101.61,250.29,5,60,1,2,1
437.0,72.81,267.03,3,51,0,4,0
45.6,92.0,0.0,0,999,0,4,0
97.2,75.06,509.17,6,24,0,1,0
188.7,117.16,129.9,2,1,1,2,1
46.3,42.82,232.33,4,68,0,1,0
634.7,105.49,453.31,6,10,0,1,1
458.2,19.29,0.0,0,999,1,2,0
47.9,26.37,129.16,1,6,1,1,0
38.2,84.12,381.94,4,38,1,2,0
31.1,25.37,171.61,4,26,1,1,0
447.3,48.07,50.67,1,15,1,1,0
53.7,116.13,53.92,2,26,1,3,0
111.9,28.62,294.8,5,7,0,1,0
122.2,96.82,214.07,2,50,0,1,0
179.5,46.57,87.57,2,11,1,2,0
28.4,27.01,197.38,6,32,0,3,0
61.3,58.91,308.66,5,76,0,1,0
497.5,111.63,697.4,7,2,1,1,1
445.3,24.84,488.77,6,17,1,1,1
288.6,23.94,126.37,2,5,1,1,0
18.5,82.51,673.92,5,79,0,2,0
86.3,41.48,0.0,0,999,1,1,0
193.0,164.09,316.62,4,8,0,2,0
72.9,69.28,72.35,3,38,0,2,0
447.6,101.36,309.34,3,26,0,3,0
195.9,67.86,478.29,6,56,1,2,1
28.4,25.25,194.3,5,46,1,3,0
446.5,32.66,155.06,3,121,0,2,0
584.6,35.59,277.84,6,4,0,1,0
29.6,77.74,251.11,7,3,0,3,0
151.8,57.65,153.24,2,79,1,1,0
80.1,16.85,201.68,3,103,0,1,0
104.8,86.63,133.63,2,18,1,2,0
50.6,182.09,105.4,2,20,1,2,0
170.3,28.31,306.94,4,16,1,1,0
585.5,31.12,273.53,3,50,1,1,1
140.9,38.26,397.98,4,49,0,1,0
30.6,53.54,97.15,2,9,1,3,0
189.2,29.75,573.1,5,16,0,2,0
89.9,115.26,117.57,5,8,1,2,1
363.7,140.77,352.67,3,2,1,1,1
117.7,62.35,340.71,6,2,1,1,1
53.6,55.75,204.3,3,6,1,2,0
53.2,18.21,763.94,8,1,1,2,1
278.6,26.65,198.72,2,19,1,1,0
70.6,13.15,149.5,2,3,1,1,0
277.4,39.43,709.63,5,62,0,2,0
56.5,44.09,131.58,1,41,1,2,0
84.9,81.87,147.76,3,51,0,1,0
127.8,62.75,772.47,8,32,0,3,0
531.3,34.25,341.18,3,36,1,2,1
498.2,84.5,289.22,6,4,1,1,1
56.7,199.52,201.59,9,2,0,1,0
94.8,87.09,880.97,6,149,0,3,1
44.1,41.79,289.17,2,16,1,1,0
143.4,66.87,308.23,5,2,1,1,0
126.1,29.22,357.59,7,6,1,2,1
430.8,27.23,120.3,3,69,0,2,0
493.7,147.07,437.32,4,8,0,2,1
102.1,67.52,0.0,0,999,0,1,0
136.8,103.37,223.96,3,37,1,1,0
422.8,48.9,309.39,6,111,1,1,1
310.8,27.11,313.34,4,1,0,1,0
15.7,23.86,174.25,2,22,1,3,0
84.4,32.15,543.86,6,182,1,4,1
113.6,72.99,232.91,3,5,1,1,1
62.0,20.78,61.46,3,5,1,1,0
55.1,59.15,243.99,3,3,1,1,0
21.9,78.78,65.15,1,24,0,1,0
200.6,26.47,461.77,5,15,1,2,1
69.8,198.86,116.08,4,42,0,1,0
24.7,96.06,537.18,4,28,1,1,0
62.3,53.39,802.84,6,29,0,3,0
306.4,35.72,186.67,2,24,1,2,0
358.3,69.0,347.48,3,159,1,1,0
133.8,67.66,76.93,1,26,1,1,0
111.8,59.95,483.69,5,3,1,2,1
700.8,70.54,401.19,4,13,1,1,1
55.3,30.29,66.01,1,50,0,1,0
58.7,86.84,434.74,3,33,0,2,0
77.1,22.79,196.68,2,38,1,3,0
49.1,13.85,148.77,1,84,0,2,0
100.9,81.21,533.46,7,20,1,1,0
450.1,71.86,96.81,4,1,0,3,1
187.0,56.8,296.58,5,152,1,1,0
110.6,38.27,209.2,2,20,1,1,0
505.4,42.74,691.72,5,4,0,2,1
23.9,29.62,499.86,5,27,1,1,0
57.5,66.97,325.32,4,30,0,1,0
165.2,12.42,152.48,5,28,0,1,0
187.1,16.28,271.73,7,110,1,1,0
22.3,30.53,80.85,3,13,0,2,0
107.9,62.15,112.45,1,2,1,2,0
203.5,54.06,384.13,3,83,1,1,0
230.6,120.31,289.64,7,7,1,1,1
198.0,48.19,435.96,7,46,1,1,0
84.6,90.99,493.7,6,8,0,1,0
32.7,60.26,269.94,7,58,0,2,0
115.3,13.65,370.52,5,78,1,2,0
39.8,27.11,291.38,2,4,1,2,0
545.9,29.62,567.45,5,6,0,1,0
131.0,34.34,208.51,5,86,0,2,0
83.7,45.12,295.61,9,49,1,2,1
276.7,104.88,311.48,4,2,1,1,1
139.0,50.44,742.17,5,7,1,1,1
81.8,37.13,615.63,5,18,0,2,0
315.8,94.59,232.42,4,66,0,1,0
378.3,94.18,23.42,1,6,1,2,1
216.2,10.94,440.81,6,43,0,1,0
23.7,53.74,122.61,3,3,1,2,0
165.4,112.84,130.31,3,21,1,3,1
274.4,48.65,164.4,4,43,1,1,0
41.4,27.95,113.55,1,3,1,2,0
61.7,90.49,73.98,3,8,1,1,0
400.4,25.39,280.25,3,52,1,1,1
18.7,60.79,471.31,4,6,1,4,1
266.5,48.33,242.0,6,37,0,1,0
130.6,18.17,680.41,5,34,0,1,0
121.6,101.81,241.26,8,25,1,2,0
16.3,70.18,435.01,4,8,1,2,0
323.1,122.99,42.36,1,18,1,1,1
95.3,53.86,374.35,3,32,0,2,0
155.1,29.31,377.13,4,71,1,3,0
218.6,19.22,579.58,6,53,1,3,1
233.3,95.29,129.97,2,31,1,1,0
577.2,27.5,227.3,4,9,1,1,1
151.4,198.23,160.46,2,9,1,1,0
106.9,150.71,237.01,2,56,0,1,0
568.1,57.15,125.61,3,36,1,1,1
200.0,46.14,252.23,2,15,0,1,0
78.7,34.16,988.55,12,117,1,3,1
39.3,36.89,393.94,5,73,1,1,0
347.8,177.28,22.16,1,37,0,1,0
95.9,41.75,253.02,7,16,1,1,0
209.4,73.21,228.47,3,13,1,2,0
129.6,76.54,590.28,4,93,0,1,0
54.9,98.5,105.04,2,20,1,1,0
180.7,69.58,42.67,2,53,1,1,0
26.3,54.23,536.62,7,93,1,1,0
111.0,32.06,22.07,1,23,0,2,0
157.4,75.35,0.0,0,999,1,2,0
118.1,66.08,264.11,4,3,0,1,0
263.6,41.24,60.92,3,35,0,1,0
331.8,71.53,606.72,5,8,0,1,0
280.5,51.43,416.01,3,37,1,1,0
22.1,66.09,749.19,5,4,1,4,1
53.8,84.23,258.42,3,23,1,1,0
153.5,60.4,299.3,5,25,0,1,0
506.5,88.99,792.9,7,22,1,4,1
339.3,59.73,115.74,1,47,1,1,0
347.7,98.46,346.47,5,47,0,2,0
80.0,44.75,187.05,2,41,1,4,1
116.0,28.09,253.66,2,33,1,3,1
129.5,64.16,89.19,2,78,1,4,0
45.8,138.65,181.29,8,29,0,3,0
20.7,92.7,360.64,4,15,0,2,0
543.4,137.67,212.74,2,3,1,1,1
64.6,41.02,568.48,6,26,0,1,0
64.4,54.07,487.56,5,9,0,1,0
30.7,29.11,355.51,5,17,0,3,0
489.9,23.91,314.08,3,2,1,1,1
171.0,126.58,51.13,2,34,0,1,0
213.0,119.18,198.27,5,72,1,2,0
451.6,79.72,466.95,6,13,1,1,1
91.3,41.39,570.35,4,54,0,2,0
189.9,85.58,726.49,7,5,0,2,1
22.1,113.36,198.56,3,43,0,1,0
52.2,147.8,238.6,3,3,1,1,0
335.3,20.45,389.8,3,10,1,1,0
277.0,45.3,724.17,8,15,1,1,0
92.7,42.55,104.89,4,6,1,1,0
100.1,49.69,148.39,2,7,0,1,0
152.3,76.28,70.44,1,40,1,2,0
15.0,14.23,684.93,5,4,1,2,0
64.7,40.77,298.52,5,90,1,1,0
57.0,43.37,85.23,3,49,1,1,0
66.9,59.38,396.76,6,15,0,1,0
310.1,64.05,25.71,1,33,1,4,1
74.0,49.18,256.4,2,42,1,1,0
53.3,165.98,193.45,2,30,1,1,0
141.3,52.04,405.09,5,32,1,1,0
376.3,75.84,467.46,7,82,1,2,1
64.7,83.97,668.66,9,70,1,2,1
29.7,31.23,367.26,3,81,0,4,0
94.3,32.35,130.21,3,72,1,3,0
262.9,84.87,58.57,2,38,1,1,0
159.0,120.05,372.1,4,23,0,3,0
320.5,147.26,526.63,4,22,0,4,1
592.6,31.83,651.64,7,49,0,2,1
298.2,101.56,370.5,3,85,1,1,0
181.7,56.58,136.06,1,4,0,1,0
137.4,118.99,119.98,4,69,1,3,0
22.4,70.91,676.15,7,63,1,4,0
763.0,80.11,256.52,2,4,1,4,1
102.1,131.48,518.3,5,36,0,1,0
44.7,139.44,581.4,6,118,0,2,0
212.8,62.23,367.35,3,63,0,2,0
75.2,18.87,223.89,2,3,0,1,0
173.6,36.0,596.48,7,86,1,3,0
174.1,180.19,51.45,2,7,1,3,1
121.2,82.54,498.67,5,3,0,1,0
340.6,31.94,190.85,4,9,0,1,0
70.4,39.55,212.12,4,22,0,2,0
122.2,108.35,650.04,6,56,1,2,1
153.9,163.59,552.32,7,11,0,1,0
211.1,58.73,113.18,1,17,1,1,0
290.8,119.16,213.1,3,5,1,3,1
105.4,100.61,399.31,3,12,1,1,0
201.9,71.46,151.04,2,77,1,2,0
44.4,88.95,336.79,4,38,0,2,0
500.6,69.61,182.08,5,37,0,1,0
101.9,121.66,427.32,5,10,0,1,0
250.4,91.94,102.35,2,6,1,3,0
18.7,20.49,357.56,3,72,1,2,0
56.3,51.68,451.3,4,95,1,4,1
135.2,31.67,66.18,3,2,1,3,1
394.0,62.99,420.98,5,25,1,1,1
149.9,49.89,155.41,6,20,1,1,0
493.3,38.86,282.02,3,45,0,1,0
134.0,25.56,686.07,5,12,1,2,1
136.4,13.33,796.39,6,32,1,3,1
38.0,120.46,206.78,4,3,0,2,0
307.1,120.34,191.07,5,57,0,2,0
66.1,24.86,614.19,5,9,1,2,0
428.8,70.69,364.02,4,13,1,1,1
450.1,17.17,300.39,4,16,0,1,0
531.6,34.56,501.46,4,8,1,1,1
147.2,47.8,422.61,8,55,0,4,0
218.5,37.16,246.0,5,3,1,2,1
286.3,82.36,398.2,4,90,0,1,0
40.3,9.09,55.44,1,88,1,2,0
180.4,33.78,301.93,4,58,1,2,1
21.3,96.62,395.63,5,100,0,1,0
138.9,16.2,139.96,3,48,1,1,0
45.3,36.34,252.17,9,28,0,1,0
51.4,104.43,957.35,8,42,0,1,0
96.8,174.15,243.73,2,1,0,1,0
117.0,120.44,488.94,5,38,1,1,0
190.7,46.96,196.6,5,2,0,2,0
28.9,173.4,163.82,2,72,1,2,0
141.1,98.32,301.89,7,75,0,1,0
51.3,25.3,807.39,6,4,1,3,1
168.6,17.76,442.59,4,38,1,1,0
197.6,93.47,168.55,7,37,0,2,0
161.4,52.71,20.22,1,23,1,2,0
256.3,24.65,295.78,2,1,0,1,0
88.6,51.01,100.72,4,4,0,2,0
275.8,109.2,132.56,1,36,1,2,0
117.1,37.45,865.54,6,25,0,2,0
134.2,36.75,240.21,4,2,1,2,1
203.0,50.6,180.44,2,24,0,1,0
18.3,55.11,104.16,1,63,1,1,0
206.0,44.81,262.97,3,73,1,1,0
188.5,83.06,238.78,5,40,1,1,0
81.8,88.69,191.12,2,36,1,1,0
31.1,53.98,268.14,5,49,1,1,0
32.2,35.91,165.81,4,5,0,2,0
477.0,40.84,0.0,0,999,1,3,1
225.4,127.34,546.88,8,22,0,1,0
39.5,171.75,164.94,7,20,1,1,0
94.4,21.92,286.92,2,7,0,1,0
176.6,26.1,150.85,6,38,1,2,0
340.0,40.26,274.77,2,45,1,1,0
23.0,129.2,178.66,4,11,0,1,0
63.6,44.73,115.33,3,13,1,1,0
411.9,82.84,86.97,3,10,0,2,0
16.7,50.99,226.02,3,11,1,1,0
55.5,40.89,288.88,3,15,1,2,0
590.1,48.99,274.97,2,20,1,1,1
186.1,24.76,243.77,2,22,1,4,1
69.6,89.01,81.5,2,22,1,1,0
27.5,35.53,292.63,7,32,0,1,0
20.1,38.22,84.24,4,14,0,2,0
65.5,32.56,656.5,6,23,0,1,0
398.9,140.41,22.27,1,24,1,1,1
111.8,42.61,76.02,2,4,1,2,0
244.3,65.78,614.95,6,33,0,1,0
465.8,12.62,118.6,3,11,1,1,0
109.4,8.76,119.75,3,2,1,1,0
53.2,25.23,252.1,5,35,1,2,0
146.0,104.4,210.25,3,2,1,1,1
444.6,63.14,168.18,8,20,0,2,1
308.7,149.05,701.93,6,32,1,1,1
27.3,114.06,241.19,2,216,1,1,0
227.3,33.08,270.71,4,24,1,1,0
167.7,51.11,0.0,0,999,0,1,0
443.4,125.1,114.04,2,23,1,3,1
38.5,47.9,740.7,5,8,1,2,0
152.5,87.03,358.53,5,19,0,2,0
395.8,22.2,320.84,3,68,0,1,0
110.0,70.66,185.75,3,5,1,3,0
133.4,56.47,471.65,6,25,0,2,0
28.2,33.35,623.17,6,32,1,1,0
73.7,52.3,130.36,2,13,1,2,0
85.6,69.78,210.71,2,44,1,1,0
537.5,102.09,194.91,5,36,1,2,1
74.8,142.31,497.33,6,21,0,1,0
126.2,94.02,443.77,8,34,1,1,1
215.3,117.91,139.6,1,61,1,3,1
46.9,30.28,381.63,3,31,1,3,1
135.0,26.93,333.46,4,28,0,3,0
256.5,80.55,473.93,6,32,0,1,0
377.9,23.28,642.09,5,37,1,2,1
192.2,49.17,658.55,6,17,1,1,1
214.0,92.79,544.16,5,60,0,1,0
39.3,129.6,365.09,4,85,0,1,0
539.6,71.84,792.64,6,32,1,2,1
40.6,28.49,133.9,3,72,1,1,0
283.2,58.14,792.27,6,45,1,3,1
70.4,62.49,438.48,5,19,1,2,0
503.2,36.06,705.41,7,23,1,2,1
244.1,18.75,725.57,5,28,1,3,1
267.3,94.07,225.56,3,92,0,2,0
59.5,50.07,106.84,1,35,1,3,0
120.3,86.24,175.75,2,24,1,1,0
188.1,67.57,423.33,3,5,0,3,0
279.5,50.25,250.18,3,37,0,3,0
34.8,45.75,266.49,5,27,0,1,0
605.4,55.38,496.53,6,93,1,1,1
412.7,80.18,695.89,5,14,0,1,0
71.7,10.64,255.28,3,53,1,1,0
326.4,78.87,39.0,1,11,1,2,1
146.5,75.14,452.04,5,7,1,2,1
126.5,93.55,140.78,2,1,1,2,0
83.0,133.71,731.29,7,75,0,1,0
171.6,36.71,102.75,2,20,1,3,0
250.6,20.89,371.39,6,11,1,1,0
110.3,65.17,348.62,4,17,1,2,1
193.6,61.96,70.75,2,41,1,1,0
231.3,46.48,142.1,3,17,1,1,0
238.5,76.58,745.05,6,9,1,1,0
24.6,38.5,710.49,5,4,0,3,0
368.6,50.42,730.2,5,32,1,4,1
125.3,78.72,425.53,3,119,0,1,0
69.8,47.08,427.39,3,34,0,1,0
64.8,62.07,887.19,7,97,1,1,0
133.8,47.3,693.78,6,70,0,1,0
407.2,28.88,300.83,6,6,0,2,0
100.6,92.77,154.85,2,70,0,1,0
264.3,87.89,286.94,4,1,1,1,0
33.3,86.22,1034.5,9,24,1,1,0
131.3,52.97,163.6,2,25,0,1,0
877.2,97.08,400.94,6,43,1,1,1
279.9,99.64,880.81,7,47,1,4,1
57.6,124.18,469.95,4,9,0,1,0
140.3,53.59,67.95,1,71,1,1,0
62.9,64.55,74.51,1,7,0,1,0
109.8,28.76,1088.92,8,107,1,1,0
287.6,133.56,230.5,2,139,1,3,1
280.5,47.93,109.7,1,40,1,1,0
61.6,23.88,337.56,3,35,1,2,0
474.7,126.31,133.2,4,128,1,1,1
176.6,52.34,186.51,2,10,1,1,0
101.0,164.38,115.66,2,34,0,2,0
140.5,59.51,124.11,4,18,0,1,0
182.2,35.92,460.15,4,7,1,3,0
162.7,94.8,297.82,5,5,1,1,0
134.9,50.35,241.23,4,40,0,1,0
141.6,84.35,206.36,2,9,0,1,0
49.9,37.29,106.61,1,31,1,3,0
316.5,78.84,408.14,5,9,1,2,1
155.5,45.37,92.34,1,20,1,1,0
40.3,91.15,391.07,3,45,1,3,0
276.6,55.29,237.44,7,25,0,3,0
500.1,64.49,85.49,3,68,0,2,0
544.8,49.75,631.87,6,25,0,1,1
97.9,56.75,0.0,0,999,0,1,0
41.2,90.18,176.68,4,75,1,1,0
146.5,28.38,351.39,4,18,1,3,1
36.5,69.31,818.56,7,67,1,1,0
504.2,214.31,575.61,5,9,0,1,1
51.5,115.87,487.22,5,34,0,1,0
67.4,52.98,147.83,4,6,1,1,0
109.0,62.31,59.52,1,3,1,2,1
102.0,43.47,509.26,7,224,1,1,0
300.0,82.62,489.89,4,1,0,1,0
124.7,24.17,272.09,3,30,0,1,0
48.7,45.33,1153.16,10,1,1,1,1
71.0,35.91,1120.45,8,27,0,3,1
143.1,44.51,505.55,5,4,0,1,0
43.7,67.21,203.32,4,51,0,1,0
185.3,11.51,38.15,1,12,0,1,0
165.1,48.46,40.14,2,14,0,1,0
240.8,42.13,85.66,2,10,1,2,0
514.7,102.22,109.99,2,4,1,3,1
453.0,31.74,110.14,2,23,1,4,1
540.6,67.86,640.32,6,20,0,1,1
65.5,53.06,316.25,8,26,1,3,1
40.4,106.65,229.83,3,33,0,1,0
79.8,98.15,61.91,3,4,1,2,0
420.8,146.91,107.9,2,18,0,1,0
658.9,108.9,76.01,3,30,0,1,1
368.0,70.84,336.73,3,13,1,1,0
36.0,94.19,198.18,3,7,1,1,0
545.2,50.03,576.89,7,31,1,2,1
114.1,63.1,356.97,3,42,1,4,1
16.7,64.8,264.36,2,46,1,1,0
120.1,32.83,87.17,1,13,1,2,0
23.5,104.43,522.35,5,4,1,2,1
156.3,128.09,115.68,1,82,1,1,0
89.4,53.55,342.54,6,39,1,1,0
130.4,56.12,671.66,6,98,0,1,0
186.0,38.52,524.89,5,6,0,2,0
380.6,26.51,387.99,5,36,0,1,0
210.2,88.14,321.49,5,8,1,2,1
117.5,27.72,879.45,6,67,0,1,0
323.1,26.7,741.11,5,25,1,3,1
439.8,84.88,441.46,4,25,1,1,1
38.0,65.37,139.88,2,88,1,3,0
151.6,88.44,117.7,1,12,1,1,0
75.3,35.54,216.6,2,32,1,2,1
23.7,157.99,545.09,6,6,0,2,0
213.8,32.16,148.56,4,15,0,1,0
372.5,42.11,1001.41,7,8,1,1,1
47.0,36.51,351.82,7,8,0,4,0
316.2,155.3,71.12,1,36,1,1,1
360.6,45.77,387.08,6,12,1,3,1
457.3,30.48,279.92,7,10,1,2,1
70.5,206.16,69.56,3,55,0,1,0
436.7,140.72,281.75,2,22,1,1,1
84.6,117.13,580.66,5,16,0,2,0
159.7,136.04,113.46,5,56,1,1,0
24.3,31.28,547.05,5,23,0,2,0
23.1,147.05,184.31,5,56,0,1,0
244.4,51.3,912.95,8,13,1,1,1
120.8,72.56,342.69,4,108,1,2,0
68.3,57.91,588.48,4,85,1,3,0
53.0,127.42,304.82,4,57,0,2,0
214.5,10.84,704.18,6,8,1,1,0
15.1,28.39,177.59,7,43,1,1,0
310.1,135.9,566.49,4,56,1,2,1
29.9,38.92,651.84,7,15,0,1,0
53.3,124.65,182.55,3,5,0,2,0
102.9,37.68,109.49,3,11,1,1,0
134.4,50.08,516.53,5,29,0,4,0
93.9,165.38,1287.2,11,10,0,1,1
84.6,93.69,155.47,5,36,1,3,0
612.9,66.1,289.84,7,17,0,1,1
199.7,80.69,0.0,0,999,0,2,0
19.3,109.17,653.64,5,32,1,1,0
116.2,63.76,1034.47,7,3,0,1,0
389.3,84.7,350.56,3,33,0,1,0
79.6,208.64,62.18,3,121,0,2,0
32.9,29.74,687.25,5,41,0,1,0
270.7,65.68,93.81,4,14,1,1,0
182.7,43.35,819.76,6,77,0,1,0
167.0,33.28,293.36,4,25,1,2,0
24.9,65.23,232.87,2,25,1,2,0
42.3,33.72,125.28,4,16,1,1,0
190.4,30.58,124.32,3,2,1,2,0
56.9,55.5,235.8,3,11,1,3,0
141.2,83.19,75.02,3,56,1,1,0
156.7,79.28,212.01,3,10,0,2,0
75.0,56.22,706.53,6,18,1,3,1
548.6,24.08,630.68,6,33,1,1,1
347.7,23.17,525.85,8,11,0,1,0
245.7,73.99,105.75,5,55,0,1,0
29.6,39.63,605.64,11,76,1,2,0
35.2,67.99,725.46,6,3,0,2,0
137.2,62.63,64.27,1,29,0,1,0
46.5,16.13,414.45,6,15,0,1,0
704.2,137.4,59.29,2,27,0,1,1
46.1,22.97,196.44,2,26,1,1,0
135.3,50.99,504.24,5,1,1,4,0
96.5,25.97,228.03,3,35,0,1,0
198.6,39.05,237.75,2,8,1,1,0
39.9,42.06,669.96,5,27,1,4,1
116.3,44.67,1058.13,9,75,0,1,0
72.8,51.9,363.04,4,8,1,3,0
408.7,154.9,141.64,1,11,1,3,1
22.5,32.43,278.75,4,3,0,1,0
456.0,84.96,210.23,2,23,1,1,0
337.2,116.6,568.69,6,68,1,3,1
78.6,79.72,1035.23,8,26,0,2,0
295.3,130.91,339.79,4,15,0,3,1
20.7,80.17,183.91,2,78,1,3,0
628.3,78.75,552.97,7,25,1,2,1
149.6,118.59,153.07,4,120,0,1,0
80.0,72.16,540.94,4,46,0,2,0
96.1,116.97,528.15,4,80,0,1,0
27.4,72.02,445.28,4,35,1,1,0
832.6,115.74,65.21,1,150,0,1,1
22.2,146.26,132.32,2,25,1,1,0
206.5,47.01,49.36,2,34,0,1,0
120.2,42.77,30.09,1,5,0,1,0
550.4,130.74,260.38,3,91,1,1,1
65.8,114.39,264.76,10,14,1,1,0
151.7,17.77,131.59,4,36,0,1,0
133.5,68.51,210.63,4,15,0,1,0
233.4,164.61,205.74,3,72,1,4,1
27.7,28.3,334.46,4,4,1,1,0
53.8,25.76,62.19,1,77,1,2,0
58.5,38.21,284.58,2,33,1,1,0
256.2,45.08,1005.31,7,103,1,2,1
52.7,19.84,163.71,6,23,0,2,0
168.4,28.54,1184.83,8,23,1,2,1
58.6,18.71,212.39,5,15,0,1,0
371.0,67.15,315.39,5,14,1,1,1
528.1,66.31,128.81,1,5,1,1,1
146.6,131.42,547.02,5,14,1,2,1
93.2,70.5,137.86,5,31,1,2,1
63.0,84.02,603.49,5,3,1,4,1
24.2,89.41,531.11,5,7,0,3,0
71.3,31.58,1148.52,8,65,0,3,0
206.2,29.13,1106.41,8,4,0,2,1
152.3,26.36,440.34,3,10,0,1,0
534.0,44.99,237.41,3,1,1,3,1
105.8,42.65,111.85,1,42,1,3,0
228.1,61.85,580.19,4,63,1,1,0
136.0,93.59,141.93,7,70,0,2,0
144.4,83.93,612.81,5,76,1,1,0
71.1,42.4,108.06,4,17,1,1,0
124.2,37.73,1348.73,9,27,1,3,1
129.5,40.81,174.44,8,38,1,4,1
235.7,44.29,276.33,3,81,0,1,0
523.3,22.04,350.88,4,53,0,1,0
86.9,71.1,238.46,4,23,0,2,0
22.8,165.15,230.41,2,24,1,3,0
138.4,59.82,267.05,5,14,1,2,1
156.5,61.51,173.41,3,1,0,1,0
48.2,77.42,130.34,3,6,0,3,0
272.2,28.04,676.97,6,14,1,2,1
770.1,38.5,42.1,1,31,0,1,0
539.6,41.12,683.49,5,42,0,4,1
54.5,27.22,287.09,5,73,0,2,0
389.8,145.29,524.53,6,27,0,1,0
234.4,91.99,327.03,4,17,0,1,0
123.9,95.97,111.31,1,39,0,1,0
155.0,47.66,151.27,3,17,0,4,0
356.0,64.52,645.12,5,4,0,2,0
132.8,45.12,579.63,5,1,0,1,0
99.1,51.5,129.08,2,41,1,2,0
137.4,61.71,106.91,3,76,1,1,0
170.8,53.43,428.1,5,38,1,1,0
52.7,61.24,589.87,4,1,0,2,0
431.1,20.29,69.46,3,9,1,3,1
216.9,28.41,129.83,1,97,1,1,0
195.6,45.01,443.88,4,41,1,1,0
33.9,50.04,350.51,8,44,0,2,0
181.8,50.03,245.8,3,54,1,4,1
38.2,82.4,101.6,1,81,0,2,0
29.8,68.74,663.41,6,19,0,2,0
149.9,75.1,279.55,2,19,1,2,0
107.8,40.71,801.0,6,1,1,1,0
175.0,31.38,313.48,5,91,1,1,0
31.8,52.66,71.21,2,5,1,1,0
116.5,88.14,67.11,2,20,1,1,0
49.6,141.69,729.68,5,31,0,4,0
798.1,41.5,144.26,1,167,1,2,1
163.2,141.48,379.61,3,17,0,3,0
224.3,29.24,1032.22,7,37,1,1,1
85.9,21.44,111.28,2,101,1,1,0
32.9,49.1,763.94,6,28,1,2,0
685.4,31.47,85.29,1,26,1,1,1
75.7,37.49,123.9,1,28,0,1,0
114.2,101.18,397.63,4,56,0,2,0
203.9,95.53,650.02,5,2,0,2,0
19.5,68.85,286.62,4,47,1,1,0
314.2,65.6,445.76,3,7,1,3,1
153.4,37.11,194.0,4,48,1,2,0
73.7,53.1,107.44,1,53,1,2,0
26.4,47.74,746.01,6,33,1,1,1
46.9,24.61,673.04,7,19,0,1,0
420.7,156.37,346.43,6,44,0,1,0
223.5,48.55,464.84,5,1,0,1,0
66.8,29.89,342.45,4,35,1,4,1
27.2,23.05,134.15,3,9,1,2,0
226.2,77.93,476.87,4,36,0,1,0
167.9,148.59,218.94,4,5,0,1,0
108.3,176.89,384.52,3,7,1,2,1
96.4,55.24,95.72,2,20,1,3,0
59.0,48.57,170.6,2,25,1,1,0
214.3,62.24,110.38,1,18,0,1,0
650.2,61.39,448.37,3,32,1,1,1
49.8,16.08,165.69,3,2,1,1,0
178.6,44.93,102.63,1,8,1,2,0
114.4,71.45,119.81,3,1,1,2,0
121.5,80.3,253.11,2,28,1,1,0
67.8,83.86,659.94,5,39,1,1,1
328.9,60.87,948.04,7,22,0,4,1
134.5,29.03,571.68,4,21,0,1,0
156.1,54.36,397.43,6,19,0,2,0
80.4,119.65,319.91,3,14,0,2,0
51.1,74.63,122.09,2,30,1,2,0
31.2,49.83,497.98,4,1,1,2,0
240.4,186.4,444.16,6,30,0,1,0
54.3,62.82,368.55,4,23,1,1,0
225.9,53.83,111.87,3,33,1,2,0
104.1,88.2,522.26,4,64,1,2,0
111.7,27.21,413.91,5,58,0,2,0
129.0,48.51,206.52,2,55,1,3,0
97.5,54.59,214.01,2,18,1,1,0
34.1,19.43,445.22,8,17,1,4,1
81.7,66.39,246.7,2,8,1,1,0
211.2,80.07,384.88,3,2,0,1,0
212.3,42.23,348.19,4,24,1,1,0
75.7,90.83,274.63,2,121,1,1,0
125.9,109.27,204.58,5,46,1,1,0
53.7,117.33,221.63,3,27,1,2,0
57.5,29.65,103.05,4,12,0,1,0
19.2,64.86,215.44,3,5,0,2,0
423.7,85.22,448.84,3,11,1,1,1
57.6,64.73,80.21,1,26,1,1,0
61.5,104.78,372.49,5,33,0,1,0
74.0,67.97,328.25,3,15,1,1,0
39.5,29.05,78.96,3,4,1,2,0
198.5,105.9,329.95,5,11,0,3,0
29.1,63.51,446.5,5,10,1,1,0
40.9,144.26,248.79,3,26,0,1,0
201.3,29.17,207.04,2,4,1,2,0
89.7,64.22,114.19,3,12,0,4,0
236.5,138.0,72.34,1,14,1,1,0
161.7,68.89,511.84,5,25,1,1,0
68.2,94.01,236.86,4,12,0,1,0
204.4,111.61,398.7,4,6,1,1,1
37.2,61.92,1012.06,7,1,1,1,0
153.4,35.12,140.95,1,7,1,2,0
118.5,101.12,342.95,3,58,1,1,0
71.1,55.09,258.55,6,15,1,1,0
181.7,15.45,243.9,2,26,0,1,0
384.1,123.24,312.29,4,23,1,2,1
1242.0,154.85,574.9,4,11,0,2,1
183.5,40.98,99.48,1,61,0,1,0
108.4,60.26,193.16,4,92,0,2,0
60.9,162.55,242.46,4,8,1,3,1
68.5,139.63,184.43,3,55,0,2,0
132.5,85.38,391.42,7,47,0,3,0
97.4,131.93,722.02,6,60,1,2,1
456.2,52.87,191.33,3,18,1,1,1
97.7,24.21,45.43,1,39,0,1,0
99.2,116.64,682.45,7,7,1,2,1
102.1,59.08,402.11,5,114,1,1,0
341.1,20.5,137.29,6,43,1,1,1
204.4,41.94,281.43,5,3,0,1,0
186.4,51.54,99.86,4,70,1,1,0
88.2,55.41,598.58,5,105,0,3,0
321.6,37.73,1723.6,12,14,1,2,1
22.0,30.79,85.02,1,26,1,1,0
383.3,18.86,92.56,1,159,1,1,0
144.4,18.4,649.3,5,20,1,1,0
106.4,58.29,0.0,0,999,0,2,0
138.7,70.19,205.51,5,20,0,2,0
213.2,30.3,420.27,4,3,0,2,0
17.3,130.16,349.28,3,24,1,1,0
384.4,46.18,405.62,4,58,1,4,1
121.5,55.53,284.2,2,2,1,3,0
90.6,53.45,213.02,3,20,0,2,0
41.8,16.64,276.48,3,57,0,2,0
119.2,105.41,433.0,3,15,0,1,0
138.4,84.27,684.77,5,125,0,2,0
108.0,132.67,72.01,3,16,1,1,0
219.3,127.63,0.0,0,999,1,2,0
113.3,78.09,696.42,6,10,1,1,1
600.9,87.81,40.23,2,14,0,4,1
179.6,28.96,396.57,3,42,1,4,1
311.6,46.38,682.19,8,2,0,1,0
35.8,53.22,62.52,2,4,0,3,0
106.1,42.47,232.56,3,11,0,1,0
88.9,125.85,336.16,4,10,1,1,0
166.7,66.03,135.4,2,3,0,1,0
370.3,35.62,158.12,2,118,0,2,0
29.7,121.1,679.41,5,12,1,3,1
28.6,67.36,124.26,2,43,1,1,0
356.9,102.83,869.52,6,17,1,1,1
58.1,28.6,437.25,4,155,0,1,0
213.9,70.54,545.93,4,5,0,1,0
155.9,34.57,188.67,4,16,0,2,0
337.0,68.27,419.7,5,19,0,2,0
39.1,84.43,187.01,2,42,1,1,0
40.0,26.81,124.35,4,23,0,3,0
161.5,57.8,168.35,2,46,1,2,0
541.6,28.47,527.7,4,61,1,1,1
111.5,106.06,26.79,1,12,0,1,0
86.3,61.43,310.5,3,54,1,4,0
183.0,35.55,297.08,2,23,0,2,0
494.8,41.55,531.39,6,3,1,2,1
341.4,45.49,356.63,6,12,1,1,0
987.0,131.51,864.39,9,54,1,2,1
19.1,56.56,542.32,6,17,0,1,0
36.6,95.62,134.68,4,4,0,1,0
184.2,58.24,143.57,3,34,1,3,0
324.2,29.01,963.2,9,63,0,1,1
75.4,41.3,485.16,5,5,0,3,0
64.2,72.51,453.33,7,26,0,1,0
293.3,16.76,441.63,3,8,1,1,0
25.4,79.95,415.28,4,14,1,2,0
98.0,37.91,300.03,6,18,1,2,0
141.9,65.67,81.25,1,1,1,2,0
162.9,42.39,562.53,5,15,1,3,1
249.8,89.14,751.51,7,13,1,2,1
93.9,60.8,156.07,3,37,0,2,0
185.7,87.2,104.22,1,70,1,1,0
173.5,18.91,506.19,8,4,1,2,1
157.8,52.71,556.33,7,22,0,2,0
199.1,37.45,106.99,1,11,1,2,0
69.1,78.61,286.59,3,144,1,3,0
30.9,105.32,901.24,8,50,0,1,0
37.9,103.1,348.19,5,5,1,1,0
60.8,135.65,353.28,3,16,0,1,0
139.8,106.83,22.04,1,4,1,3,1
345.4,52.39,266.61,6,51,0,3,0
232.5,32.1,586.08,4,22,1,1,0
295.1,19.81,156.37,5,35,1,1,0
92.8,31.22,742.33,7,29,0,3,0
108.4,17.76,695.89,5,7,1,1,0
105.1,24.75,658.71,5,1,0,1,0
53.3,69.22,554.63,4,68,1,2,0
26.4,18.89,295.82,2,4,0,1,0
175.9,74.66,132.89,2,52,0,2,0
830.4,41.43,251.68,4,7,0,1,1
47.9,62.42,107.14,3,63,1,3,0
23.6,63.41,184.77,4,30,1,1,0
287.2,135.98,419.5,4,17,1,3,1
67.4,64.82,126.1,2,36,0,2,0
333.6,25.5,257.4,4,11,1,2,0
234.1,33.22,935.73,9,18,0,1,0
539.3,63.31,100.8,3,57,0,3,1
109.6,50.92,136.36,5,1,1,3,1
210.2,65.1,497.48,4,9,1,1,0
127.5,75.47,981.44,8,45,0,1,0
194.3,34.06,210.19,3,42,0,1,0
122.5,76.82,485.49,5,6,1,1,0
52.6,82.05,152.85,3,134,0,1,0
142.6,65.73,67.79,1,38,1,1,0
150.4,160.05,0.0,0,999,1,1,0
314.5,20.21,444.55,8,15,1,3,1
254.4,148.59,44.26,2,25,0,1,0
211.2,48.04,150.26,2,2,1,4,1
36.7,37.21,262.69,3,42,1,1,0
244.5,78.5,759.54,9,3,1,3,1
139.9,41.57,128.58,2,35,1,2,0
419.1,101.28,93.81,2,54,0,1,0
469.3,47.19,237.19,3,78,1,1,0
25.2,109.5,266.18,2,6,1,4,1
324.3,30.28,591.28,4,45,1,1,0
21.9,71.78,121.31,2,135,0,2,0
97.4,35.48,293.35,2,3,1,4,1
155.7,73.39,382.46,5,1,0,1,0
43.9,22.89,598.35,6,8,0,1,0
261.9,24.15,622.41,5,8,0,1,0
16.5,46.92,133.45,2,13,1,1,0
48.2,112.4,188.31,4,85,1,2,0
171.5,20.75,277.5,5,38,1,1,0
240.6,124.5,903.14,7,1,1,1,1
462.2,73.48,848.89,6,23,1,2,1
235.0,107.31,183.52,5,69,0,4,0
215.5,60.82,772.01,7,26,1,2,1
105.3,66.13,98.15,4,8,1,1,0
15.2,51.75,401.23,3,102,0,1,0
38.0,48.27,394.16,3,13,1,2,0
152.7,90.58,724.19,6,15,0,1,0
217.4,30.36,635.85,5,15,1,2,1
112.3,60.02,591.39,6,17,1,4,1
251.1,20.48,78.3,2,41,0,1,0
147.8,24.93,416.68,3,13,1,2,0
28.9,56.47,230.0,6,21,1,2,0
53.4,39.6,147.83,3,11,1,2,1
344.9,52.59,228.72,3,24,0,2,0
247.3,33.49,84.74,1,97,0,1,0
420.3,84.76,97.56,3,12,0,1,0
37.5,26.05,0.0,0,999,0,1,0
848.0,151.3,151.4,4,9,1,1,1
57.3,121.08,210.24,2,6,1,3,1
17.1,78.71,315.03,4,4,1,2,0
1088.0,23.67,250.84,2,129,1,1,1
74.4,52.65,175.29,3,28,0,1,0
213.5,81.51,643.74,5,24,1,2,1
50.0,103.94,422.35,8,1,1,3,1
171.2,103.6,283.99,3,22,0,3,1
436.9,91.76,415.97,5,36,0,2,0
84.5,14.22,131.67,2,18,0,1,0
214.7,31.15,107.66,5,5,1,3,1
52.5,93.25,215.16,3,11,1,3,0
191.5,41.26,176.93,5,42,1,3,1
88.8,70.99,147.81,3,22,1,2,0
57.7,157.16,1094.79,10,22,1,3,1
82.6,40.03,659.87,7,2,1,2,1
50.5,108.18,265.56,3,25,0,2,0
432.9,73.3,186.64,2,19,1,4,1
106.1,198.63,249.25,7,70,1,1,0
65.7,73.43,124.21,3,16,0,2,0
122.1,41.63,90.56,1,31,1,1,0
84.6,60.18,437.33,6,91,0,1,0
260.6,30.0,160.43,2,28,0,3,0
653.7,89.62,402.87,3,1,1,1,1
118.7,46.33,176.29,4,4,0,2,0
370.2,60.12,968.74,7,112,0,2,0
165.2,113.26,394.42,3,27,1,2,1
45.8,27.96,411.7,3,7,1,3,0
226.2,104.15,206.75,2,28,0,1,0
144.7,22.03,529.25,4,104,0,1,0
204.3,55.6,744.27,5,2,0,2,1
411.8,78.98,325.14,4,25,1,3,1
119.5,93.26,528.14,4,5,0,2,0
431.6,29.52,549.92,4,20,1,3,1
265.0,158.55,241.08,4,35,1,3,1
135.7,79.71,620.41,8,21,1,1,1
181.4,93.98,472.89,5,109,1,1,0
85.9,80.02,196.17,3,29,0,2,0
754.9,30.34,371.27,6,109,0,3,1
213.1,37.74,694.93,10,13,0,1,0
23.1,121.87,300.43,4,1,1,3,0
86.2,124.19,211.18,4,6,1,1,0
190.7,16.06,244.59,3,3,1,1,0
25.4,89.03,848.66,7,45,1,1,0
19.4,54.98,101.18,1,7,0,1,0
122.6,76.77,0.0,0,999,1,1,0
87.8,66.68,201.53,5,26,1,1,0
118.8,66.04,254.25,2,9,1,1,0
69.9,34.54,345.89,4,32,0,1,0
47.4,105.64,585.04,4,1,0,2,0
225.3,41.42,158.55,3,14,0,1,0
145.1,54.26,214.08,5,51,0,2,0
55.2,35.08,126.25,6,46,1,1,0
84.3,60.1,122.96,4,52,1,2,0
176.3,26.29,350.51,5,30,1,1,0
28.5,42.74,274.63,6,28,1,1,0
43.7,105.31,74.77,3,18,0,3,0
28.7,29.08,98.6,2,98,0,2,0
316.1,88.46,229.48,2,99,0,3,0
266.3,24.77,346.92,3,1,0,1,0
266.9,39.75,78.91,2,108,1,1,0
241.8,40.15,992.21,7,68,1,1,0
214.2,99.69,122.02,3,31,0,1,0
131.7,124.87,63.23,2,13,1,2,0
200.0,48.68,247.09,6,18,1,2,1
22.0,26.17,76.54,2,62,1,1,0
189.9,43.98,510.61,5,6,1,1,0
285.8,46.22,80.63,2,32,1,2,0
139.9,43.05,307.39,3,9,0,2,0
94.6,55.01,111.92,2,16,1,2,0
73.5,35.09,209.17,4,1,0,1,0
200.3,27.12,273.29,2,115,0,1,0
227.4,17.27,143.59,3,4,1,1,0
383.6,97.11,397.19,3,48,1,1,1
90.4,66.34,178.38,3,28,0,1,0
279.4,83.75,446.58,3,58,0,2,0
163.3,77.27,885.12,6,24,1,2,1
401.0,57.35,637.95,5,137,1,4,1
150.1,54.93,0.0,0,999,0,2,0
146.2,156.46,508.1,4,32,1,1,1
170.2,43.42,407.42,4,84,1,2,0
264.0,60.96,751.04,6,10,0,2,1
616.8,45.86,1321.79,13,15,1,1,1
28.8,31.56,258.96,2,36,0,2,0
24.9,195.86,424.87,3,5,1,3,1
514.2,81.53,589.66,5,55,1,2,1
150.9,39.3,436.23,3,30,1,1,0
186.8,34.2,234.81,3,47,1,1,0
133.5,88.34,561.2,4,153,0,4,0
32.7,110.09,49.41,1,124,1,1,0
278.1,28.83,192.62,8,20,1,3,1
262.5,53.55,293.22,8,11,1,1,1
82.2,60.77,204.16,5,34,0,4,0
80.8,61.05,508.7,4,41,0,1,0
342.5,68.4,432.79,6,12,0,4,1
28.5,50.31,50.31,1,11,0,1,0
398.3,56.14,502.38,4,8,0,2,1
68.4,58.06,46.28,1,79,0,1,0
176.8,27.77,120.5,4,4,0,2,0
509.8,154.32,161.21,2,10,0,3,0
219.0,91.45,58.05,2,33,1,1,0
111.3,106.62,225.05,4,21,0,1,0
225.5,70.05,222.09,2,5,0,1,0
90.9,199.35,480.82,7,12,1,2,0
73.4,10.01,125.49,4,18,0,2,0
1042.6,62.23,289.56,4,105,1,2,1
265.1,33.5,433.54,5,17,0,3,0
201.3,65.24,52.53,1,5,0,1,0
94.0,136.35,84.43,2,118,0,1,0
24.1,87.16,476.07,4,19,1,1,0
20.7,58.41,230.55,8,5,0,1,0
160.4,144.66,1010.75,7,32,1,1,1
273.4,100.78,104.94,5,55,0,3,0
153.8,81.83,418.65,4,41,1,1,0
345.8,80.51,0.0,0,999,0,1,0
21.1,97.3,546.74,6,9,1,1,0
97.2,41.4,133.05,3,71,0,1,0
63.7,38.13,171.23,7,8,0,1,0
121.7,31.4,395.31,3,47,1,1,0
28.5,42.56,150.22,2,1,0,3,0
569.8,139.39,167.34,3,18,0,3,1
60.5,53.57,286.29,2,138,1,1,0
474.9,141.11,91.98,3,33,1,3,1
114.9,40.63,326.53,5,13,0,1,0
777.3,112.68,215.29,5,40,1,1,1
160.4,125.21,1041.99,7,15,1,1,1
495.8,65.97,454.91,5,92,0,3,1
16.0,53.06,627.94,5,9,1,2,0
263.3,36.36,165.04,4,13,1,2,0
435.0,104.79,119.15,2,39,0,2,0
42.1,51.85,904.94,9,53,1,1,0
33.2,47.88,258.86,6,29,1,1,0
114.5,74.78,425.04,5,12,1,3,1
503.4,87.36,564.44,4,28,1,1,1
155.7,35.16,986.53,7,9,0,2,1
149.9,74.6,264.54,4,2,0,1,0
42.4,125.55,435.49,5,83,1,1,0
15.1,31.04,137.38,3,22,1,3,0
314.1,106.12,441.62,3,22,1,1,1
31.5,105.59,262.75,3,45,1,1,0
195.8,110.95,140.46,3,27,1,1,0
457.9,89.57,519.28,4,20,0,2,1
57.1,86.81,223.95,3,52,0,2,0
212.0,104.04,718.88,7,22,0,3,1
29.8,74.53,259.33,2,81,1,2,0
181.6,45.74,361.18,6,13,0,2,0
47.2,45.08,285.38,3,2,0,1,0
254.7,57.19,191.07,7,6,0,1,0
79.5,93.18,252.45,5,57,1,1,0
127.0,58.23,190.19,5,86,0,4,0
179.7,52.62,518.72,5,3,1,3,1
48.8,110.37,159.32,3,79,1,1,0
258.6,67.17,831.59,7,95,1,1,0
79.9,25.22,356.84,3,47,1,1,0
210.4,31.43,365.86,3,48,0,1,0
46.0,29.0,148.97,4,1,1,1,0
224.7,59.12,353.55,4,9,0,1,0
39.7,32.22,541.42,5,8,0,3,0
114.7,53.02,557.65,9,29,0,1,0
66.1,43.4,107.62,2,36,1,1,0
263.4,22.25,226.67,2,77,0,2,0
69.7,30.97,131.34,2,22,1,2,0
399.2,144.31,261.77,5,23,0,1,0
415.3,48.89,279.53,3,2,0,3,1
54.4,46.92,301.95,3,196,1,2,0
186.3,45.5,483.94,4,96,0,1,0
31.5,69.76,101.28,4,3,0,2,0
104.4,60.24,128.05,3,27,0,1,0
239.9,163.23,363.13,3,15,0,1,0
208.9,114.44,89.14,1,19,0,1,0
191.4,160.22,499.16,4,35,0,1,0
74.8,92.24,313.23,4,18,1,3,1
100.5,85.63,478.32,6,23,1,1,0
34.6,30.19,345.42,5,11,1,3,0
243.5,15.96,329.57,3,3,1,3,1
141.2,24.95,96.73,1,47,0,1,0
237.1,22.99,355.28,5,16,1,1,0
66.5,54.63,221.91,5,72,1,4,0
85.6,101.59,81.25,4,96,1,1,0
88.2,40.17,95.63,3,4,1,1,0
19.7,34.49,136.08,4,38,0,1,0
90.1,96.79,376.08,4,57,0,3,0
307.7,34.72,474.78,4,35,0,1,0
424.7,139.55,238.18,3,14,0,3,0
146.4,31.77,516.98,7,11,0,3,0
124.4,101.34,185.87,5,21,1,3,0
20.6,70.75,822.79,6,10,0,1,0
395.5,12.8,0.0,0,999,1,2,0
17.4,36.65,222.6,3,2,1,2,0
536.3,104.74,195.67,6,4,1,2,1
135.9,22.67,1169.92,9,31,1,1,1
90.3,47.22,126.16,3,36,1,2,0
479.4,23.31,107.54,1,44,1,1,1
19.4,54.8,192.45,3,11,1,2,0
171.8,75.32,1053.94,8,12,0,3,1
158.3,64.37,288.91,3,18,1,1,0
59.6,67.66,148.68,3,9,0,3,0
115.8,64.16,64.94,3,16,0,1,0
205.1,51.66,285.64,6,40,1,2,0
248.8,94.79,337.47,5,23,1,1,0
15.1,22.25,336.27,3,112,1,4,0
512.2,135.11,192.38,4,29,1,2,1
47.4,65.9,161.99,3,14,0,4,0
62.9,24.15,382.82,5,7,1,2,0
70.0,124.66,102.32,4,9,0,3,0
21.9,52.73,839.25,7,1,0,1,0
38.6,42.77,30.24,1,20,1,2,0
787.9,24.53,463.25,4,106,1,1,1
83.2,39.83,274.18,5,50,0,3,0
37.1,97.58,239.37,3,12,0,4,0
35.4,33.36,220.05,3,53,0,1,0
243.8,98.71,105.85,2,89,0,2,0
362.0,47.46,319.46,6,37,1,2,1
68.5,30.55,716.88,5,24,1,1,0
18.8,41.17,358.27,6,5,0,1,0
60.4,78.29,131.41,3,3,0,1,0
25.5,67.59,315.38,6,9,1,1,0
34.6,144.17,331.13,3,36,0,3,0
116.7,48.99,240.62,4,6,0,3,0
62.0,100.47,211.54,5,26,1,2,0
145.6,54.6,369.42,5,19,1,2,0
67.6,35.28,105.84,3,33,1,1,0
523.0,27.13,646.44,9,2,1,3,1
440.5,49.41,792.53,6,129,1,3,1
165.6,58.83,273.91,4,39,0,3,0
93.8,122.36,260.51,3,42,0,1,0
101.4,143.2,735.53,6,1,1,1,1
110.5,142.96,174.15,2,3,0,2,0
249.1,37.77,156.96,6,39,0,2,0
123.1,33.02,47.93,1,4,0,2,0
364.7,39.91,817.53,6,75,1,1,1
534.1,53.65,497.14,4,32,0,2,0
88.7,19.02,356.66,3,3,1,1,0
163.1,31.6,455.86,5,32,1,2,1
33.0,117.44,197.77,3,54,0,1,0
55.3,69.96,220.54,2,53,0,1,0
111.0,41.88,318.71,3,17,1,1,0
56.6,20.38,414.24,4,21,1,1,0
391.6,69.0,170.96,2,44,1,2,1
46.0,60.98,214.88,4,69,0,3,0
124.5,31.57,306.42,4,52,1,1,0
182.5,88.82,346.3,4,30,0,3,0
226.9,43.14,288.48,6,43,0,1,0
101.9,64.99,149.72,3,35,0,2,0
381.0,142.08,368.82,3,29,0,1,0
166.2,86.02,246.28,4,83,1,1,0
119.2,24.68,0.0,0,999,1,1,0
27.5,86.23,153.46,2,16,0,1,0
127.5,38.64,793.1,8,121,0,1,0
324.4,78.67,427.56,5,99,1,3,1
186.6,99.89,336.42,4,50,0,2,0
336.3,65.01,1085.61,8,2,1,2,1
137.6,25.93,160.46,5,43,1,2,0
37.7,15.08,194.84,3,1,1,1,0
17.5,112.15,171.54,3,3,1,1,1
80.0,132.33,187.14,3,15,0,3,0
230.5,37.24,138.64,1,13,0,1,0
296.1,13.67,116.34,4,28,1,2,0
78.1,22.87,113.68,2,10,1,2,0
138.2,44.28,115.9,1,8,0,2,0
113.4,99.4,153.11,3,37,1,2,1
110.1,13.76,641.52,5,20,1,1,0
62.4,120.64,125.78,2,2,1,3,0
41.4,112.44,277.72,8,20,1,1,0
54.4,119.26,175.0,2,47,1,1,0
25.2,30.0,345.89,4,3,0,4,0
54.7,104.32,150.52,6,82,1,1,0
16.7,60.2,566.64,5,22,0,1,0
192.6,28.76,192.13,5,24,1,2,0
83.5,64.5,143.24,3,12,1,4,0
666.1,58.93,279.37,3,35,0,2,0
53.8,22.81,950.61,7,1,0,1,0
91.4,83.88,113.41,5,45,1,2,0
94.7,57.18,380.87,3,4,1,4,0
16.5,46.4,354.12,3,20,1,2,0
344.0,45.29,41.02,1,6,1,1,0
20.9,71.72,205.49,3,7,0,2,0
522.0,43.22,826.66,6,21,1,3,1
415.7,15.5,0.0,0,999,0,1,0
153.0,27.79,206.86,6,6,1,2,1
156.2,57.6,462.31,4,26,0,1,0
205.9,41.66,324.88,4,40,1,1,0
103.1,46.01,227.74,4,15,1,3,0
202.5,30.78,592.79,14,66,0,2,1
23.2,31.01,113.89,1,6,0,1,0
25.0,79.0,462.81,6,27,1,3,1
125.0,63.87,306.74,6,4,0,2,0
158.6,33.72,570.56,4,7,0,2,0
408.8,45.02,278.82,3,79,1,2,0
34.9,90.91,527.36,8,162,0,1,0
326.3,26.99,681.33,6,197,0,1,0
57.4,98.18,169.07,2,53,0,2,0
105.2,52.37,42.45,2,8,1,2,0
83.5,45.4,517.13,4,12,0,3,0
107.0,23.63,28.63,1,4,1,2,0
44.4,219.01,445.85,3,2,1,1,0
141.1,74.67,130.93,2,44,0,1,0
306.2,15.27,352.92,4,26,1,1,1
119.9,65.94,449.82,3,36,0,2,0
136.4,111.52,219.99,4,29,1,1,0
355.0,68.72,480.88,6,1,1,3,1
235.4,92.35,118.14,1,13,1,1,0
136.4,40.52,403.54,5,39,0,3,0
68.6,37.23,126.79,2,65,0,2,0
404.2,48.12,178.41,5,6,1,1,1
169.9,59.68,346.79,4,5,0,2,0
60.0,41.11,366.91,4,105,1,4,1
71.4,51.67,100.53,2,113,0,1,0
307.5,28.01,190.22,3,46,0,3,0
23.1,18.99,58.82,1,3,0,3,0
886.2,34.19,75.56,1,33,0,2,1
40.1,154.47,247.54,2,5,0,1,0
301.2,116.68,316.17,5,62,1,2,1
105.4,66.94,221.67,4,12,1,1,0
137.0,21.45,516.72,4,22,0,1,0
397.6,54.38,501.76,4,7,0,1,0
110.9,62.72,369.39,3,43,1,1,0
153.8,39.55,582.8,5,23,1,1,0
24.1,120.87,1084.27,8,41,0,2,0
15.4,27.15,676.32,6,13,0,1,0
65.5,79.12,126.07,3,16,1,2,0
220.4,26.68,121.43,5,75,1,1,0
38.3,28.91,174.57,4,10,1,1,0
36.7,54.42,134.81,2,77,1,1,0
110.3,12.79,188.17,7,3,1,1,0
202.9,64.47,592.05,5,6,1,1,1
239.1,42.42,310.11,3,36,0,1,0
50.4,51.92,793.38,7,169,0,3,0
29.9,36.56,259.62,8,90,0,2,0
522.6,118.97,188.22,3,24,0,1,0
69.4,96.13,239.17,3,25,1,1,0
360.5,78.67,491.69,5,28,0,1,0
373.4,29.92,248.72,2,52,1,1,0
281.5,84.35,882.01,6,27,0,3,1
48.3,69.49,30.69,1,5,0,2,0
325.5,201.42,206.83,2,60,1,3,1
279.0,21.24,300.25,8,72,1,2,1
178.5,49.64,235.93,4,83,1,1,0
89.0,36.92,240.73,2,18,0,1,0
69.8,70.86,596.93,4,9,0,1,0
38.4,19.68,353.77,4,5,1,1,0
143.3,88.09,131.81,2,25,1,3,1
173.4,19.56,191.33,4,11,0,2,0
95.1,71.59,243.46,2,19,0,2,0
131.1,45.32,274.97,2,4,1,1,0
96.3,32.22,130.32,1,8,1,1,0
199.4,26.86,345.04,4,19,0,1,0
431.7,36.65,386.37,4,7,1,1,0
47.2,46.33,257.52,2,9,1,2,0
101.5,56.55,281.5,2,1,0,1,0
42.3,61.08,1136.57,8,3,0,1,0
191.5,50.13,548.36,5,5,0,2,0
249.9,44.32,134.76,3,36,1,2,0
498.7,138.89,242.75,4,6,0,1,1
73.8,84.68,218.44,4,70,0,3,0
555.0,21.71,127.66,3,51,1,1,1
26.8,39.56,157.8,3,56,0,1,0
181.3,53.18,532.33,4,15,1,1,0
25.6,32.96,480.58,4,2,1,4,0
418.6,46.44,51.37,2,3,0,2,0
150.8,22.83,235.21,6,39,0,1,0
214.2,59.38,592.11,4,85,1,3,1
335.6,166.53,197.51,4,7,0,1,0
44.3,61.54,204.94,2,66,0,1,0
22.1,61.4,93.45,2,35,1,1,0
395.0,50.14,151.13,3,38,0,1,0
83.1,26.04,593.65,7,40,0,4,0
39.9,146.84,250.19,3,3,0,1,0
128.8,65.45,416.01,4,31,1,2,0
179.2,78.55,209.33,5,22,0,4,1
20.7,44.23,108.31,2,60,0,2,0
72.9,80.06,707.97,7,19,1,1,0
21.0,146.29,97.99,3,24,1,1,0
113.2,118.26,276.42,2,29,0,1,0
420.9,5.88,259.46,6,30,1,3,1
744.8,113.86,153.98,2,17,0,3,1
197.4,29.91,102.37,3,6,1,2,0
46.7,31.21,763.2,7,10,0,1,0
440.3,23.05,375.0,6,18,1,2,1
145.7,29.19,177.44,6,32,1,3,0
45.0,71.96,194.09,2,20,1,2,0
473.6,61.03,1179.9,8,52,1,1,1
270.0,82.3,266.43,2,29,1,1,0
251.8,56.76,445.5,4,14,1,3,0
237.3,29.97,108.22,5,23,1,1,0
55.2,86.62,790.69,6,15,1,1,0
57.7,46.93,682.88,5,2,0,2,0
224.8,87.97,149.64,6,11,0,2,0
59.7,65.9,71.82,2,20,1,2,0
118.9,59.91,157.38,2,10,1,1,0
289.2,162.41,216.81,3,42,1,2,1
290.8,15.79,233.1,4,66,0,2,0
123.7,16.64,137.19,3,12,1,3,1
297.8,36.77,365.54,4,1,1,3,1
343.3,88.62,481.09,4,69,0,3,0
206.4,40.18,567.26,4,29,1,2,0
61.7,47.81,236.57,4,1,1,1,0
72.6,17.29,891.36,8,23,1,1,0
83.1,86.41,734.79,6,4,1,2,1
37.4,17.95,410.67,5,37,1,1,0
72.4,44.38,838.45,6,26,0,2,0
57.3,12.66,114.94,5,81,1,1,0
124.4,97.87,548.25,4,17,1,1,0
445.3,17.0,408.08,3,85,1,2,1
34.9,42.5,264.67,7,60,1,1,0
244.3,37.2,308.5,4,46,1,2,1
224.2,78.9,348.25,4,19,0,1,0
33.1,62.01,216.77,3,18,0,2,0
475.5,156.96,409.27,3,17,1,1,1
166.3,21.19,450.75,4,2,1,1,0
96.4,113.72,252.39,7,31,1,2,1
269.3,127.99,1123.57,8,53,0,2,1
68.6,153.53,182.02,7,45,0,2,0
227.9,56.8,779.49,8,29,1,1,1
22.3,23.94,703.6,8,15,0,2,0
344.2,74.03,147.06,5,39,0,2,0
122.0,18.73,441.84,4,25,1,2,0
197.3,106.13,435.4,3,61,1,2,1
60.0,52.87,318.39,4,11,1,1,0
218.5,68.97,434.04,5,4,0,1,0
281.3,153.18,489.33,7,1,1,3,1
130.4,61.6,668.89,5,45,0,3,0
188.1,24.16,421.84,3,31,0,1,0
124.7,53.16,358.11,5,3,1,1,0
419.1,37.94,1222.32,9,61,1,2,1
139.0,65.69,139.7,3,22,0,2,0
346.9,43.69,318.1,4,21,0,1,0
305.9,34.89,316.5,6,38,1,3,1
110.1,54.29,98.21,2,34,0,2,0
62.1,23.52,657.05,5,9,1,2,0
108.8,51.36,451.4,4,34,1,2,0
330.0,76.78,143.49,5,65,0,1,0
61.5,132.57,355.39,3,17,1,1,0
148.8,38.53,188.96,2,12,0,1,0
310.3,172.91,366.92,3,3,0,4,1
93.5,69.66,97.13,1,31,1,1,0
200.0,45.35,690.62,10,47,1,2,1
65.7,48.93,168.69,2,113,0,2,0
35.8,55.64,153.64,4,32,1,1,0
299.7,42.11,241.52,4,20,0,2,0
33.8,35.46,68.71,3,90,0,1,0
72.0,64.62,364.05,5,7,1,1,0
362.7,15.48,63.72,2,41,1,2,0
91.6,31.73,529.4,5,14,0,2,0
665.4,87.32,1109.04,8,65,1,2,1
716.8,13.62,581.44,5,45,0,3,1
71.2,71.67,140.9,3,14,0,1,0
22.5,59.68,257.76,3,49,0,2,0
234.8,37.29,337.67,3,73,1,2,0
122.9,43.17,374.22,3,10,0,1,0
34.1,54.01,170.37,3,28,1,3,0
236.3,73.27,492.12,6,18,0,2,1
20.7,69.37,100.69,3,86,0,2,0
382.5,109.3,1029.84,9,118,1,1,1
41.9,66.92,382.58,5,4,1,2,1
39.5,121.66,152.52,6,27,1,2,1
49.8,14.95,444.12,5,25,0,3,0
595.6,108.07,614.4,5,67,1,1,1
227.7,45.57,154.66,6,50,0,1,0
305.9,62.49,362.16,5,12,1,1,1
106.2,81.87,82.64,1,25,1,1,0
88.8,27.89,299.88,2,16,1,1,0
63.1,48.74,193.73,4,15,1,1,0
132.9,114.79,1011.92,8,44,0,2,0
159.5,132.27,116.91,3,31,1,2,1
194.8,37.1,290.64,2,8,0,3,0
68.5,78.57,239.49,4,32,1,1,0
549.5,42.59,311.39,8,21,0,1,0
48.5,19.58,139.26,2,14,0,1,0
621.8,126.99,87.91,4,3,1,1,1
17.7,27.87,204.92,6,87,1,1,0
133.1,208.75,676.0,8,65,1,1,1
88.0,22.8,569.13,4,12,0,1,0
122.3,106.35,155.68,2,27,0,2,0
167.2,103.17,846.64,8,66,1,2,1
118.0,42.84,111.92,1,25,1,2,0
111.5,67.8,74.26,3,6,0,1,0
252.5,43.59,123.74,2,22,0,2,0
223.4,32.11,598.46,4,13,0,1,0
337.4,75.04,83.64,4,21,1,2,1
66.8,93.61,405.61,5,62,0,3,0
184.3,35.31,1159.81,9,18,1,2,1
173.4,127.11,114.99,2,53,1,2,1
98.1,66.58,448.69,3,9,1,1,0
134.8,56.33,499.16,6,30,0,2,0
82.8,57.39,694.1,5,19,1,2,0
42.5,124.95,266.05,3,119,1,4,1
58.3,46.56,358.47,5,1,1,2,0
35.1,47.99,336.94,3,15,1,1,0
221.8,123.28,433.73,3,56,1,3,1
209.6,129.05,275.57,4,17,1,2,0
556.4,101.93,1059.54,8,9,1,1,1
250.5,24.5,317.25,3,64,0,3,0
24.6,170.37,346.09,5,30,1,2,0
403.1,62.89,54.43,2,27,1,1,0
372.4,55.31,241.93,4,17,1,1,0
120.4,102.2,256.13,2,6,1,1,0
173.7,71.9,129.48,4,29,1,1,0
686.9,43.81,283.15,3,24,0,1,0
151.8,139.94,259.62,3,17,1,1,0
439.3,55.09,424.05,4,3,0,2,0
30.6,61.84,426.21,3,35,1,1,0
53.2,139.27,353.19,3,33,1,1,0
119.6,98.28,431.9,5,27,0,1,0
173.2,83.87,767.68,6,5,1,1,0
319.9,42.57,778.52,7,12,1,2,1
815.1,74.21,409.26,3,21,1,1,1
103.6,77.03,342.5,3,44,1,3,0
23.7,75.91,117.89,1,9,0,3,0
305.8,56.14,92.76,3,53,0,1,0
181.9,35.34,40.99,2,13,0,3,0
54.8,106.87,576.92,4,36,1,1,0
137.9,41.44,422.11,8,91,1,1,0
259.1,59.89,165.85,4,42,0,3,0
279.9,10.94,40.63,1,3,1,2,0
139.6,96.64,347.78,3,16,1,1,1
80.5,31.41,78.1,3,29,1,1,0
670.2,77.06,423.73,4,37,0,2,1
211.0,25.35,94.29,1,14,1,1,0
109.4,51.85,117.45,3,19,1,1,0
74.2,48.73,112.82,3,16,1,1,0
251.4,31.66,186.23,5,40,0,1,0
64.9,67.47,268.69,5,81,0,1,0
48.9,21.85,413.73,4,50,1,1,0
150.8,90.23,187.58,4,11,1,1,0
76.6,93.26,211.62,2,26,1,2,0
193.4,33.84,1024.25,7,22,1,2,1
37.6,123.94,132.07,1,1,0,2,0
206.5,52.55,123.75,1,92,0,1,0
75.0,29.7,430.16,3,21,0,1,0
15.0,17.6,199.24,2,95,0,3,0
39.4,7.27,599.76,5,36,1,1,0
503.2,119.88,120.61,1,41,0,1,0
378.6,36.79,733.45,5,19,1,2,1
62.9,46.52,416.53,4,65,1,3,0
286.2,43.8,277.49,5,7,0,1,0
183.8,103.89,45.44,1,105,1,1,0
651.7,79.91,179.61,3,32,1,2,1
99.2,62.96,1071.25,9,14,0,2,1
220.9,23.21,421.41,4,45,0,1,0
26.8,143.08,194.01,4,45,0,1,0
105.8,81.12,658.89,5,49,0,1,0
612.5,82.27,737.87,5,12,1,3,1
154.4,25.16,592.19,5,1,1,3,1
76.1,28.61,112.29,4,73,0,3,0
38.1,61.69,406.32,4,53,1,3,0
233.8,62.68,283.8,2,17,1,1,0
201.3,31.65,242.74,4,6,0,1,0
99.3,25.44,576.64,6,21,1,1,0
557.7,40.71,247.54,5,12,1,1,1
19.0,48.11,537.96,4,8,0,4,0
80.2,23.41,399.29,3,22,1,1,0
472.1,82.66,336.9,5,59,0,1,0
84.7,85.62,523.68,8,29,0,1,0
67.3,77.77,40.03,2,22,1,2,0
152.5,24.31,61.27,1,169,0,1,0
327.5,40.33,729.51,6,47,1,2,1
34.6,92.12,94.88,4,5,0,1,0
530.7,65.66,278.14,6,18,1,1,1
300.3,125.11,459.74,4,21,0,1,0
51.0,114.7,625.43,6,31,0,3,0
239.1,57.6,148.26,1,38,1,3,1
102.5,39.77,283.12,4,13,1,2,0
107.6,89.63,149.31,4,16,1,2,0
290.3,94.97,425.65,4,4,0,2,0
607.4,101.93,211.91,7,4,0,1,1
39.4,65.06,105.53,3,47,1,2,0
113.2,36.7,375.32,4,86,0,2,0
133.0,77.07,81.36,1,8,0,2,0
100.0,79.14,271.34,5,85,0,3,0
96.2,87.94,164.27,2,14,1,1,0
24.7,42.49,797.29,6,70,1,1,0
223.2,15.03,571.25,5,1,1,1,0
118.2,76.62,79.12,1,4,1,2,0
54.0,20.99,241.9,4,19,1,1,0
319.7,92.96,287.05,3,62,1,1,0
307.0,63.62,61.12,3,20,0,1,0
134.9,38.92,461.2,4,61,1,3,0
78.8,122.17,497.27,4,14,1,1,1
197.9,46.23,179.14,5,5,0,1,0
76.2,64.03,506.39,7,86,1,1,0
63.5,41.69,116.58,3,3,1,1,0
251.0,60.03,716.72,5,41,1,1,1
22.4,79.97,891.65,7,71,1,2,1
32.9,43.82,113.05,5,5,1,2,0
16.2,52.25,292.3,2,25,1,2,0
44.9,91.96,192.19,5,2,0,2,0
27.9,15.68,154.6,5,21,1,1,0
1000.2,95.34,96.96,4,51,0,1,1
76.3,106.38,245.57,2,12,0,3,0
44.1,29.65,561.14,4,9,1,1,0
64.6,18.17,97.29,3,10,0,2,0
510.2,24.84,591.32,4,52,1,1,1
147.2,32.49,61.06,1,120,1,1,0
96.7,26.74,541.25,5,9,1,2,0
387.0,83.68,592.86,4,3,0,1,0
105.5,54.27,63.31,3,5,1,1,0
88.4,70.53,182.16,2,33,1,1,0
56.8,101.26,315.83,3,38,0,2,0
100.4,89.03,136.55,2,20,0,1,0
83.5,138.22,171.48,5,3,1,2,0
218.6,112.8,201.49,2,87,1,1,0
76.5,50.77,156.66,6,88,1,2,0
170.0,77.07,420.14,3,17,0,3,0
27.3,141.12,400.34,5,57,1,2,0
53.2,46.22,276.67,2,76,1,3,0
109.2,80.96,0.0,0,999,1,1,0
512.5,165.16,143.31,7,31,1,1,1
100.3,86.56,398.49,5,44,0,3,0
211.4,30.43,541.66,4,73,0,1,0
68.0,18.78,410.31,6,4,1,1,0
39.5,34.42,682.2,11,2,0,1,0
25.9,52.96,763.88,7,37,1,1,0
80.6,157.02,558.28,5,2,1,3,1
45.9,104.42,518.05,5,4,0,3,0
49.4,45.72,268.96,4,19,0,1,0
272.5,31.5,84.81,3,7,0,2,0
17.9,31.28,419.97,3,76,1,2,0
161.9,183.71,244.95,4,14,0,1,0
100.9,28.82,1234.33,10,29,0,1,0
142.1,94.61,131.44,2,1,1,1,0
163.9,91.52,252.95,3,24,1,2,0
82.7,50.08,342.89,5,55,0,1,0
77.9,27.26,91.72,3,114,1,2,0
253.0,77.9,314.14,5,38,1,4,1
384.0,150.07,0.0,0,999,1,3,1
53.5,25.04,68.69,2,15,0,3,0
33.5,61.85,184.52,2,6,1,1,0
425.5,88.71,583.57,4,14,1,3,1
92.5,144.44,0.0,0,999,0,4,0
159.3,15.99,231.96,8,22,1,2,1
95.2,82.46,967.3,7,68,0,2,0
39.2,142.67,462.49,4,8,1,2,0
175.2,94.97,181.78,2,19,0,4,0
149.1,39.69,538.58,6,33,1,2,1
55.8,63.53,440.21,3,131,0,1,0
123.2,103.26,22.72,1,8,0,1,0
302.0,107.61,165.49,3,59,1,3,1
175.7,93.98,367.12,6,32,0,1,0
33.3,67.39,35.53,1,5,1,2,0
157.9,56.01,132.88,2,51,0,1,0
233.4,112.27,136.31,2,7,1,2,0
298.2,78.53,867.86,6,40,1,1,1
193.5,64.9,232.39,3,10,0,1,0
44.8,37.34,141.52,1,21,1,2,0
237.9,35.85,125.3,1,51,0,2,0
218.6,57.11,347.37,3,34,1,2,0
19.5,85.77,440.78,7,45,0,1,0
110.5,82.1,151.01,2,54,0,3,0
87.9,79.14,128.97,5,2,0,2,0
214.2,62.64,345.28,5,22,0,2,0
58.8,106.36,133.15,1,140,1,4,0
175.9,118.68,607.9,5,53,1,2,1
455.0,28.82,500.35,4,15,0,3,1
302.7,41.51,244.04,5,12,1,1,1
472.9,181.15,141.91,3,41,1,1,1
706.2,54.86,637.41,6,5,1,2,1
16.9,55.85,209.33,2,71,0,2,0
190.5,35.39,181.56,4,3,1,1,0
110.8,108.0,454.22,4,27,0,1,0
368.7,208.15,482.3,7,62,1,1,1
67.2,35.45,1082.27,8,42,1,2,1
728.7,112.05,134.76,2,22,1,2,1
186.2,32.29,299.37,6,9,1,1,0
299.0,102.32,90.93,2,31,0,1,0
31.1,32.74,410.3,3,112,0,2,0
51.5,15.29,659.02,5,4,0,1,0
270.7,179.91,75.36,1,2,1,1,0
19.0,44.85,359.06,7,18,1,1,0
320.6,22.38,284.95,5,30,0,4,1
17.5,67.43,630.39,9,15,0,1,0
207.7,86.51,77.3,3,42,0,3,0
96.8,114.8,143.74,5,25,1,4,1
185.2,53.05,140.57,1,14,1,3,0
229.3,51.09,358.79,3,52,1,1,0
90.5,45.24,629.09,5,4,0,3,0
35.6,63.45,328.89,4,2,1,1,0
28.0,92.21,202.34,3,2,1,3,0
175.0,73.98,31.96,1,56,0,1,0
147.4,44.14,277.65,3,53,0,1,0
259.0,61.52,349.91,3,59,1,2,1
143.3,26.46,136.41,3,11,1,3,0
113.8,54.0,70.59,1,23,1,1,0
106.4,49.48,1124.41,8,13,1,1,1
19.8,115.34,1037.5,8,30,0,2,0
88.6,67.49,742.67,6,62,1,2,0
686.5,54.46,75.38,3,1,1,1,1
387.2,59.14,249.15,6,28,1,1,1
86.9,53.98,239.14,4,8,0,1,0
174.5,29.95,237.89,4,67,0,1,0
353.3,91.2,73.53,2,104,0,1,0
119.8,12.03,172.88,3,58,0,1,0
18.3,44.6,226.98,3,2,1,2,0
28.9,36.81,52.82,2,12,1,1,0
143.5,45.25,362.07,5,9,1,1,0
642.8,89.99,338.2,4,58,0,2,1
227.7,54.77,75.96,3,1,0,2,0
28.2,59.69,538.23,5,85,1,2,0
52.8,86.95,151.86,5,30,0,2,0
280.6,83.23,312.69,3,45,1,1,0
346.5,79.66,1193.85,8,20,1,1,1
188.1,60.29,55.76,2,41,1,1,0
201.1,111.22,55.38,1,14,1,1,0
20.2,36.04,184.06,5,36,1,2,0
332.4,54.5,204.0,3,19,1,1,0
294.4,45.99,771.5,6,89,1,2,0
69.0,47.5,422.48,3,88,1,2,0
237.0,33.16,0.0,0,999,1,1,0
58.5,98.06,549.19,5,49,0,2,0
22.4,84.64,226.48,2,45,1,2,0
55.4,53.54,71.32,2,41,1,1,0
50.4,76.85,156.99,3,120,0,3,0
89.2,101.59,403.84,6,70,1,1,0
112.6,140.71,79.55,3,45,0,1,0
142.9,24.79,634.07,5,3,0,1,0
131.6,55.74,266.19,5,15,0,2,0
71.8,118.71,214.38,8,14,1,1,0
20.3,187.06,88.5,3,24,0,3,0
182.2,72.81,438.1,3,64,1,2,0
105.7,96.44,138.56,1,37,1,1,0
78.9,9.29,1012.46,7,49,0,2,0
378.1,75.12,866.23,6,2,1,1,1
262.2,52.35,371.78,3,2,0,1,0
366.1,90.94,223.5,4,87,1,1,0
138.0,145.75,124.44,2,8,1,2,1
40.3,59.91,361.3,5,52,1,1,0
229.5,58.12,488.2,4,27,1,4,1
56.5,41.68,702.4,5,15,0,1,0
119.8,12.34,308.96,4,48,0,3,0
27.1,43.84,295.96,5,110,0,1,0
329.1,23.62,309.42,6,10,0,2,0
39.2,25.33,266.7,5,15,0,2,0
435.1,75.89,41.79,2,12,1,1,1
374.4,27.78,302.62,6,34,0,1,0
127.4,63.08,233.36,4,43,0,1,0
260.5,174.49,483.31,4,22,1,1,1
188.9,47.36,182.62,2,8,1,2,0
307.5,25.42,189.13,3,13,0,2,0
116.8,150.31,585.72,6,46,1,3,0
292.4,32.4,612.4,5,71,1,1,0
126.7,44.96,297.92,3,24,0,1,0
524.3,107.14,29.13,1,10,1,3,1
134.9,29.28,153.99,3,36,1,3,0
126.8,42.55,57.16,1,34,0,2,0
291.7,28.21,335.91,5,79,1,1,0
325.2,106.24,116.01,5,12,1,3,1
160.5,27.44,467.04,4,56,0,1,0
50.7,81.92,162.29,2,37,1,1,0
128.5,56.25,682.78,5,61,1,1,0
635.0,41.04,349.19,4,4,1,1,1
266.7,55.47,742.31,5,58,1,1,0
315.0,45.37,555.45,5,22,1,2,1
21.0,35.95,405.88,3,49,0,1,0
128.6,16.68,732.63,5,10,0,1,0
202.2,28.88,243.99,3,15,1,2,0
334.0,67.36,306.91,3,18,1,1,0
24.1,49.42,138.82,1,27,1,2,0
359.4,80.96,473.95,5,24,1,2,1
158.1,62.96,53.73,2,9,1,2,0
54.6,9.72,331.82,3,77,0,1,0
83.7,75.87,566.58,4,95,0,1,0
74.6,26.03,486.21,4,9,1,1,0
151.2,59.27,614.32,5,17,0,1,0
24.6,19.94,151.52,5,54,1,3,0
46.1,103.58,463.44,4,51,0,3,0
316.5,92.22,145.16,6,120,1,1,0
40.6,50.94,422.96,3,97,1,2,0
62.8,90.09,416.58,3,69,1,3,0
123.7,30.24,1474.36,10,29,0,3,1
146.0,39.05,297.08,5,14,0,3,0
274.6,101.84,451.18,5,25,0,1,0
121.7,7.72,476.2,5,49,0,4,0
295.8,52.17,369.5,4,4,0,2,0
188.4,72.51,147.16,2,40,1,2,0
36.6,43.44,593.19,4,75,1,3,1
45.6,118.62,811.62,6,8,1,1,1
118.4,138.57,496.73,5,55,1,1,0
106.0,75.73,625.24,6,73,1,1,0
259.9,26.17,564.26,5,3,0,1,0
171.5,91.1,492.4,5,105,0,1,0
103.4,169.6,447.91,4,23,0,2,0
48.7,61.07,252.29,2,21,0,1,0
61.3,53.81,882.74,6,31,1,1,0
169.2,31.6,0.0,0,999,1,2,0
114.1,70.23,220.9,6,36,1,2,0
145.2,54.91,455.16,5,55,1,3,0
48.7,11.31,408.59,4,13,0,2,0
210.7,87.73,272.73,5,10,1,1,0
359.6,24.16,654.54,8,81,1,2,0
68.7,187.0,706.25,5,21,1,2,1
136.7,63.57,375.67,7,33,0,3,0
682.8,51.07,61.25,1,64,0,1,0
88.0,61.78,828.47,6,42,0,1,0
177.7,59.41,96.8,3,13,0,1,0
32.0,45.45,806.53,6,1,1,1,0
182.7,18.64,178.49,3,21,0,2,0
31.9,120.18,254.39,3,10,0,2,0
591.0,61.24,414.28,4,18,1,1,1
241.4,106.87,312.12,3,21,0,1,0
294.3,20.39,442.19,3,66,1,1,0
234.2,34.96,73.56,3,48,0,3,0
175.4,43.03,780.47,7,8,1,1,0
122.6,26.65,259.86,2,13,1,2,0
366.8,87.63,482.41,5,29,1,3,1
580.7,49.78,440.53,3,28,0,1,0
139.4,69.08,668.67,9,26,0,3,1
497.7,38.59,352.45,3,100,0,1,0
172.6,109.59,436.91,4,39,1,2,0
154.1,93.96,72.23,3,4,1,1,0
124.1,85.97,275.59,3,93,0,2,0
57.3,63.48,53.92,1,21,1,1,0
15.7,120.23,709.9,8,29,0,3,1
64.8,94.64,134.93,1,57,1,1,0
143.3,55.96,713.42,7,8,1,3,1
101.0,41.12,291.62,3,24,1,2,0
122.1,49.63,322.25,3,65,1,3,0
725.1,77.88,88.68,1,44,1,3,1
92.6,20.29,156.43,2,15,0,2,0
123.3,33.95,686.77,10,30,0,2,0
40.8,119.16,333.03,3,1,1,2,0
23.8,103.52,845.92,7,2,0,1,0
283.8,49.88,450.13,6,4,1,2,1
167.2,261.42,102.74,4,39,0,4,0
272.4,91.53,271.83,3,32,1,3,1
44.2,61.63,189.14,2,82,0,1,0
167.7,104.65,411.35,5,41,1,3,1
67.7,40.01,267.16,4,18,1,1,0
61.6,36.04,818.82,6,67,0,1,0
17.1,54.63,165.09,2,2,1,1,0
40.1,59.79,867.06,7,1,0,1,0
81.6,36.09,411.62,4,10,1,1,0
37.4,128.9,611.59,5,5,0,1,0
781.6,46.99,268.19,2,11,1,1,1
81.4,17.29,258.17,5,12,0,1,0
40.1,63.58,638.64,5,20,1,1,0
55.0,51.95,227.49,2,31,1,2,0
174.5,97.66,557.64,6,15,0,1,0
26.9,40.32,545.07,6,113,0,1,0
372.1,88.13,181.45,3,26,0,2,0
601.3,69.52,722.26,8,69,0,1,1
66.0,108.39,209.9,3,54,1,1,0
122.6,63.23,406.64,3,2,1,1,0
19.0,34.9,287.01,3,21,1,2,0
199.3,71.7,176.62,3,54,1,1,0
111.2,28.9,155.07,4,78,1,2,0
71.7,13.24,771.53,7,33,1,2,0
56.7,36.7,425.65,4,89,1,2,0
206.0,112.56,133.61,2,36,0,1,0
111.9,160.08,123.25,3,8,0,2,0
50.6,20.07,678.62,6,27,1,3,1
225.3,101.36,220.61,4,47,0,1,0
164.9,144.64,528.25,4,37,0,1,0
367.2,28.35,686.46,6,3,1,4,1
37.5,129.69,816.07,6,9,1,3,1
292.2,24.56,295.99,2,39,1,1,0
216.5,54.8,64.33,1,25,1,1,0
37.0,74.6,171.06,2,2,0,1,0
228.6,29.92,289.96,4,45,1,2,0
119.9,125.08,30.09,1,3,0,1,0
537.0,58.33,217.94,3,7,1,1,1
42.5,95.84,155.39,2,78,1,3,0
200.3,31.11,85.08,2,13,0,3,0
101.6,165.65,808.98,6,2,1,1,1
580.6,80.1,406.12,7,1,1,3,1
87.1,78.07,474.46,4,91,1,1,1
604.5,73.79,119.66,4,16,0,1,0
432.2,78.78,119.56,5,32,1,1,0
71.7,90.37,448.24,3,18,1,3,1
307.9,47.09,71.98,2,8,0,1,0
991.9,23.61,478.25,4,69,0,1,1
67.4,24.36,492.94,5,99,0,4,0
118.3,61.43,157.77,2,145,0,1,0
147.2,147.21,124.0,5,2,0,3,0
77.9,54.54,376.33,6,2,1,2,1
17.8,116.02,137.01,1,65,1,1,0
59.8,56.07,413.01,3,7,1,1,0
74.6,137.18,783.69,8,28,0,1,0
120.5,77.6,473.54,5,29,1,1,0
48.8,70.85,75.33,1,36,0,2,0
386.8,109.44,362.47,3,2,1,1,1
234.7,77.05,1078.26,8,13,0,3,1
31.0,88.05,343.73,3,24,0,3,0
204.0,60.71,264.86,3,7,0,3,0
205.9,73.75,409.99,4,95,1,2,0
578.1,25.85,145.7,3,58,0,1,0
15.5,124.12,446.58,3,5,0,1,0
66.3,126.58,849.98,6,37,1,2,1
488.1,48.59,1010.54,7,18,1,1,1
499.2,57.31,83.38,2,13,0,1,0
244.5,163.42,314.58,3,12,1,3,1
276.3,49.49,526.62,5,36,0,3,0
32.3,93.71,198.49,3,77,1,1,0
144.8,68.04,662.37,5,60,0,2,0
62.4,21.19,121.7,1,15,1,1,0
51.0,79.48,113.55,1,41,0,3,0
314.2,22.53,71.27,3,25,1,2,1
41.1,122.36,446.32,3,20,0,3,0
128.8,52.71,793.72,7,12,1,1,1
517.2,26.76,438.08,3,3,0,1,0
52.0,98.55,187.69,6,8,0,4,0
702.0,21.83,330.8,3,28,0,2,1
944.7,22.77,584.13,5,43,1,1,1
161.0,168.35,198.85,7,2,0,2,0
48.6,111.25,113.53,4,16,1,3,0
83.4,63.02,476.38,4,6,0,3,0
114.5,80.98,247.4,2,31,0,3,0
81.6,32.43,414.97,3,66,1,1,0
74.3,67.42,361.1,3,88,1,3,0
660.1,28.63,614.98,12,72,0,3,1
45.0,28.04,291.86,2,68,0,1,0
252.9,101.49,164.22,3,31,1,2,1
15.1,44.99,343.61,3,10,1,2,1
178.2,40.47,710.55,8,46,1,2,1
460.7,76.3,179.5,5,43,1,2,1
76.1,39.45,702.63,5,6,0,1,0
51.9,51.81,385.72,4,8,1,1,0
204.8,154.07,127.74,4,4,0,1,0
239.4,22.66,0.0,0,999,1,3,0
224.7,139.71,477.8,4,13,1,1,1
84.2,276.0,401.58,4,76,1,1,0
67.3,23.8,0.0,0,999,0,1,0
576.9,26.19,376.1,4,13,0,3,1
477.2,85.12,300.76,5,69,1,1,1
125.0,12.47,354.18,4,227,0,1,0
352.0,63.96,245.34,4,43,0,3,0
123.4,36.03,507.1,6,76,1,1,0
114.4,124.69,517.93,4,1,1,2,0
45.7,47.23,95.12,2,49,0,1,0
115.1,70.49,101.16,5,21,1,1,0
153.8,92.18,40.15,1,39,1,1,0
19.1,80.59,388.32,3,19,1,1,0
120.7,60.21,147.91,2,28,1,1,0
288.7,94.78,116.17,1,10,0,3,0
220.1,20.57,72.0,3,29,1,1,0
196.5,110.9,195.13,5,12,1,1,1
447.5,49.47,375.85,4,11,1,1,1
18.3,87.97,568.2,5,14,0,1,0
161.6,58.63,489.7,4,8,0,3,0
293.7,40.55,207.18,2,9,0,1,0
155.3,55.84,473.48,4,89,0,2,0
85.5,71.8,124.64,3,20,0,3,0
41.4,79.02,1055.63,10,32,0,2,0
408.4,72.57,150.58,2,28,1,1,0
129.5,38.68,694.67,5,11,1,3,1
393.8,30.36,799.9,8,1,1,3,1
173.7,32.31,361.67,4,4,0,3,0
216.9,51.48,475.87,5,59,1,1,0
308.6,87.17,128.07,1,4,0,1,0
208.7,90.8,21.47,1,8,1,1,0
106.4,41.92,791.01,6,81,0,2,0
144.7,60.41,47.59,2,55,0,3,0
307.5,21.86,287.24,3,2,0,1,0
99.2,47.17,426.69,5,34,0,2,0
103.4,41.73,408.88,6,24,0,1,0
33.1,35.62,220.4,6,15,0,1,0
457.8,64.44,144.52,4,23,0,2,0
32.2,157.15,465.92,4,6,1,4,1
203.0,62.44,173.77,5,102,1,1,0
111.0,115.81,218.69,2,7,1,1,0
108.6,101.48,743.7,5,7,1,3,1
219.8,43.12,543.23,5,16,0,2,0
27.5,95.26,0.0,0,999,1,4,0
177.1,162.52,452.34,5,13,0,1,0
281.1,26.37,642.39,5,2,1,1,0
332.1,101.39,432.3,3,32,1,1,0
48.7,57.66,114.6,1,10,0,2,0
424.9,38.85,120.51,2,117,1,1,1
207.2,76.13,263.25,5,4,0,1,0
399.5,77.38,365.69,3,3,0,1,0
134.5,210.83,713.05,6,7,1,2,1
155.6,39.84,416.15,5,26,1,1,0
467.5,62.38,93.86,3,46,0,4,1
429.3,61.68,214.73,2,27,0,1,0
122.0,39.68,96.76,1,65,1,3,0
72.7,32.77,129.25,6,30,1,1,0
104.9,46.5,103.52,1,5,0,2,0
103.3,56.38,111.63,3,7,0,3,0
75.9,31.38,509.43,4,15,0,2,0
71.3,104.87,645.39,6,83,1,1,0
370.3,82.07,187.04,7,21,1,2,0
28.0,26.85,445.69,5,69,1,1,0
218.8,45.98,872.9,7,3,1,2,1
49.2,65.27,511.59,4,39,0,1,0
91.0,92.04,155.5,5,21,0,2,0
26.4,56.66,181.54,6,7,0,1,0
71.6,88.96,724.5,6,3,0,1,0
278.3,73.56,150.74,3,13,1,1,1
404.3,95.26,777.79,8,57,1,1,1
60.1,36.51,297.45,3,34,1,3,0
127.1,83.58,815.0,8,21,1,1,1
129.4,57.81,447.47,7,62,0,2,0
387.3,113.84,50.37,2,7,0,1,0
274.0,35.99,179.75,2,11,1,1,0
144.5,74.4,260.85,3,27,1,1,0
215.0,62.69,152.62,2,30,0,1,0
353.3,54.21,225.36,4,13,1,1,1
16.7,47.33,388.79,3,24,1,1,0
107.8,49.57,204.34,3,5,0,1,0
443.0,150.59,72.97,2,1,1,1,1
257.7,53.25,592.78,5,78,0,2,0
155.9,144.09,410.87,4,20,1,2,1
150.8,54.18,60.19,1,9,0,1,0
91.9,66.72,198.24,5,14,1,1,1
147.3,60.21,308.63,4,24,1,1,0
206.8,148.99,285.72,10,97,0,2,1
112.5,98.06,489.59,10,42,1,1,0
240.4,44.59,145.32,1,98,0,1,0
370.5,22.59,237.39,6,4,1,1,0
45.2,45.28,222.99,4,7,1,3,0
123.1,126.15,190.33,5,15,1,1,0
109.4,28.05,969.92,7,10,1,1,1
224.3,23.33,841.37,6,104,0,1,0
66.8,39.19,55.46,2,7,0,3,0
199.0,31.23,410.31,3,7,1,3,0
392.9,34.51,115.51,3,22,1,1,0
112.5,16.52,214.94,3,40,0,1,0
450.5,67.44,673.53,7,16,1,2,1
912.4,75.69,160.23,2,2,0,1,1
35.2,53.1,113.01,3,48,0,1,0
62.8,22.81,737.43,6,96,1,3,1
555.6,39.35,109.36,1,55,1,2,1
587.0,74.26,996.49,7,61,0,1,0
33.5,80.38,0.0,0,999,0,2,0
17.7,16.96,379.76,5,47,1,1,0
46.6,61.34,327.34,5,54,1,2,0
1009.4,37.34,84.57,3,3,0,1,1
50.7,58.91,81.44,3,2,0,2,0
140.7,24.05,118.97,1,3,0,3,0
354.6,18.78,513.28,9,30,1,2,1
18.7,52.23,416.63,5,10,1,1,0
182.0,55.27,589.06,4,1,0,2,0
73.4,33.44,89.18,4,3,1,1,0
371.9,136.83,349.18,4,3,0,1,1
75.0,36.66,262.11,3,33,0,1,0
223.9,36.23,599.25,4,6,0,1,0
216.9,60.08,256.93,2,62,0,3,0
60.1,55.49,0.0,0,999,0,1,0
21.4,36.76,161.7,4,20,1,2,0
109.7,75.34,48.82,2,26,0,2,0
76.4,75.0,136.77,3,10,1,1,0
313.0,60.84,238.02,5,35,1,2,0
305.0,67.08,190.11,6,81,1,1,0
124.9,57.71,265.62,3,7,0,2,0
182.9,55.68,733.76,5,101,1,1,1
181.9,24.31,622.49,5,9,1,1,1
331.0,62.87,185.75,4,11,1,1,1
114.6,99.1,487.16,4,80,1,1,1
73.0,67.16,886.15,6,30,0,2,0
70.4,48.8,385.74,3,2,1,2,1
153.3,96.49,161.86,2,54,1,3,0
122.3,67.21,110.03,2,34,0,1,0
119.4,36.47,468.9,4,45,0,3,0
32.2,96.35,488.95,4,6,1,1,0
243.2,43.17,117.18,2,68,0,1,0
58.3,28.94,245.72,5,51,0,2,0
54.5,33.76,107.37,1,104,1,2,0
110.8,40.71,812.98,6,18,0,1,0
61.5,23.48,45.39,2,24,0,1,0
172.8,120.24,1038.25,7,40,1,1,1
98.6,18.25,134.82,3,4,0,1,0
122.3,80.83,457.97,7,8,1,1,0
153.7,69.2,80.64,3,12,1,1,0
56.0,66.5,81.66,3,96,1,1,0
45.5,74.87,332.75,6,1,0,1,0
397.3,51.8,373.81,4,168,1,2,0
117.4,81.05,822.84,6,17,0,1,0
110.6,54.67,116.32,4,35,0,1,0
21.5,45.8,90.97,1,18,0,2,0
139.0,25.27,222.29,3,51,0,3,0
160.4,70.94,1040.23,7,99,1,1,1
162.3,71.74,177.3,4,20,1,2,0
236.0,57.63,204.11,3,7,0,3,0
50.2,91.17,97.4,4,9,1,1,0
67.3,110.87,138.85,1,11,1,3,0
314.6,41.9,504.57,5,9,0,1,0
544.3,82.82,289.26,3,1,1,1,1
41.3,24.97,158.01,6,66,0,2,0
138.9,60.17,98.61,3,38,0,1,0
58.4,52.07,736.41,6,24,0,4,1
26.2,92.69,182.86,2,6,1,1,0
85.9,43.98,183.48,4,2,1,4,1
42.9,114.28,365.9,4,16,0,3,0
237.8,50.25,875.13,6,1,0,1,0
152.3,25.26,133.92,4,2,0,1,0
43.0,19.45,1022.89,7,3,0,1,0
16.7,87.69,362.28,3,56,1,3,1
312.2,23.46,310.0,8,43,0,1,0
49.9,76.79,755.45,6,13,1,1,0
182.8,86.72,466.89,4,12,0,2,0
89.0,36.1,473.05,5,14,1,1,0
173.5,68.25,482.67,4,28,1,1,0
83.3,136.36,268.54,7,65,1,1,0
31.4,52.81,113.81,1,22,0,1,0
60.4,20.78,723.25,7,6,0,1,0
52.5,39.75,228.04,4,6,0,1,0
115.6,146.49,658.49,6,2,1,2,1
208.3,90.76,216.5,2,45,0,1,0
70.1,27.25,357.52,7,17,0,3,0
17.2,109.23,78.4,2,83,1,2,0
146.7,112.83,134.19,2,13,1,1,0
182.5,44.32,215.67,3,53,1,1,1
607.8,24.68,381.42,3,23,0,1,0
175.3,103.71,383.45,5,62,0,1,0
129.7,157.6,926.06,8,28,1,1,1
168.3,36.7,320.6,4,8,0,2,0
488.3,87.69,143.63,5,54,0,1,0
332.2,37.28,209.71,2,1,1,1,0
85.2,36.28,818.4,6,24,1,1,1
63.7,68.38,349.53,4,8,0,4,0
69.8,33.74,445.07,4,14,1,3,0
141.4,56.6,485.0,4,18,1,1,0
260.3,114.96,403.8,5,27,0,1,0
140.9,21.83,104.95,2,15,1,1,0
27.6,94.39,527.24,4,34,0,1,0
246.5,65.22,1277.3,10,7,0,1,1
310.2,75.47,395.2,3,52,1,2,0
76.5,61.59,254.7,2,31,1,1,0
211.4,124.23,261.13,7,15,1,1,0
115.1,72.98,369.56,5,25,0,1,0
410.9,46.69,224.5,5,17,1,2,1
350.8,65.37,120.52,3,69,0,2,0
149.2,45.14,486.38,4,26,1,2,0
226.7,37.88,0.0,0,999,1,1,0
401.7,108.51,95.37,3,53,1,1,1
138.2,45.29,218.37,3,44,0,3,0
82.6,18.65,745.64,5,46,1,4,1
267.2,75.95,190.44,4,9,0,3,0
59.7,46.9,214.89,3,68,1,2,0
103.5,138.16,583.72,6,41,0,1,0
376.4,83.44,0.0,0,999,0,4,0
247.0,134.19,437.43,3,35,1,1,0
108.1,93.13,307.61,3,22,1,1,0
58.5,110.22,149.47,3,6,1,2,0
94.2,73.51,234.18,3,22,1,2,0
75.2,96.78,200.75,3,84,0,4,0
49.9,34.66,107.7,3,69,0,2,0
259.8,92.86,341.99,6,3,1,1,1
67.3,24.37,275.95,3,20,0,2,0
124.0,56.72,125.82,4,24,0,1,0
102.8,40.85,52.56,2,39,1,2,0
738.9,68.62,180.75,2,48,1,1,1
104.3,44.57,152.86,2,58,0,1,0
30.0,24.97,133.42,3,30,1,2,0
31.9,23.53,901.26,8,71,1,2,1
175.8,26.37,62.85,2,27,0,3,0
179.6,69.71,165.46,3,1,1,3,1
112.7,71.29,66.34,2,21,0,1,0
116.8,44.47,458.36,4,6,1,2,0
25.0,77.48,613.52,6,29,1,2,1
145.8,53.35,89.0,2,38,1,3,0
141.5,74.2,924.58,10,38,0,3,1
44.2,58.9,221.08,2,23,0,1,0
34.7,94.97,122.21,5,42,0,2,0
38.7,34.28,0.0,0,999,1,3,0
34.2,16.65,181.49,3,97,1,4,0
184.4,53.68,112.75,3,61,0,2,0
54.4,62.63,380.25,3,64,0,1,0
67.1,29.57,691.58,7,2,0,3,0
49.3,32.91,182.1,2,9,0,1,0
584.9,82.12,386.22,3,4,1,1,1
362.1,83.39,544.65,10,66,1,1,1
62.2,52.24,109.18,5,46,0,3,0
86.4,20.08,716.67,5,4,1,3,1
57.4,80.25,108.32,2,17,1,2,0
136.9,62.21,409.34,4,24,1,1,0
18.6,41.36,1323.13,9,42,1,4,1
215.3,100.87,100.74,2,12,0,2,0
148.3,11.65,149.05,1,12,1,3,0
427.0,56.84,450.13,5,25,0,2,0
47.3,80.87,1012.66,7,25,0,1,0
308.4,24.51,218.3,7,4,0,3,0
297.6,22.96,534.2,6,41,1,1,0
39.5,145.43,999.37,7,7,1,4,1
106.5,82.82,120.66,3,63,0,4,0
48.6,124.74,167.33,3,49,1,1,0
67.9,96.69,190.49,4,130,0,1,0
70.0,70.47,436.52,3,7,0,1,0
161.2,156.67,108.52,2,95,1,1,0
110.4,66.01,214.35,6,44,0,2,0
546.2,54.09,494.34,4,70,1,1,1
39.3,96.75,433.78,5,2,1,3,0
669.8,101.89,193.37,2,13,0,1,0
62.2,76.51,197.77,2,1,1,2,0
281.8,41.33,598.14,6,7,1,2,1
89.5,96.51,237.16,3,71,0,1,0
42.8,40.84,293.65,2,18,1,2,0
366.2,60.04,42.63,1,37,1,1,0
81.5,32.83,578.09,4,22,1,2,0
208.6,34.19,116.03,2,22,1,1,0
165.4,13.52,223.45,5,35,0,1,0
129.9,53.13,304.04,3,19,0,1,0
138.3,71.78,407.82,3,1,1,2,1
252.2,153.28,134.36,2,53,0,1,0
31.5,38.69,208.64,7,11,1,1,0
213.6,61.33,179.5,2,37,1,1,0
422.1,54.85,740.36,5,36,0,4,1
25.7,73.43,282.57,4,6,1,1,0
42.3,48.43,67.78,3,6,1,1,0
242.0,83.74,255.34,3,20,0,4,1
118.5,31.49,419.32,6,14,0,2,0
108.0,58.15,114.68,4,11,0,2,0
41.5,71.1,668.64,5,13,1,3,0
142.2,105.35,200.88,2,10,1,2,0
39.4,84.65,160.19,4,4,1,2,0
131.5,57.36,701.87,5,4,1,4,1
274.6,34.22,284.74,3,70,1,2,0
68.8,164.27,438.38,4,56,1,2,1
133.0,37.22,287.53,3,23,1,1,0
884.5,25.96,588.74,4,13,1,1,1
223.9,39.66,271.57,2,39,0,2,0
346.4,22.72,44.3,2,4,1,2,0
111.5,70.63,65.69,3,4,0,2,0
277.9,57.14,333.85,4,5,1,2,1
22.4,50.15,304.14,5,39,0,2,0
38.6,53.85,270.16,3,57,0,1,0
55.9,41.21,447.9,7,26,1,3,1
107.5,15.62,805.0,6,7,0,2,0
351.4,96.87,210.37,5,14,1,1,0
91.5,43.61,54.89,2,57,1,1,0
206.4,23.34,322.9,5,24,0,2,0
237.4,18.28,190.44,5,20,1,4,1
173.8,117.5,387.59,4,36,0,2,0
94.6,46.57,325.7,4,15,0,3,0
169.9,45.87,224.07,2,1,0,1,0
90.4,75.47,117.85,4,93,0,2,0
30.8,41.36,236.14,2,41,1,2,0
903.2,22.38,55.95,1,105,0,1,0
39.5,38.82,751.0,7,63,1,1,0
28.5,66.03,173.49,3,16,1,1,0
394.5,38.64,898.75,7,16,0,3,1
79.7,33.3,256.86,2,6,1,2,0
204.1,28.35,59.82,1,55,1,1,0
86.8,71.58,829.45,6,32,0,2,0
104.4,64.94,61.73,1,10,1,2,0
69.7,77.07,545.76,4,106,1,3,1
90.6,50.32,270.65,6,48,1,1,0
110.2,43.31,287.14,5,71,1,1,0
244.4,34.36,0.0,0,999,1,1,0
144.0,46.8,213.55,7,30,1,1,0
532.4,19.0,778.62,7,155,0,1,1
22.7,67.84,1086.59,10,15,0,4,1
140.9,44.18,731.9,5,17,1,3,1
173.0,103.58,292.79,2,26,1,1,0
470.1,55.17,329.86,4,2,0,1,0
24.1,15.35,844.74,8,9,0,1,0
168.4,62.76,281.77,7,13,1,1,1
360.9,166.82,197.56,4,1,1,1,1
64.9,71.44,370.39,4,13,0,3,0
391.2,88.76,305.32,6,26,1,3,1
18.5,109.96,240.97,5,1,0,4,0
252.3,32.49,137.82,6,25,1,2,0
501.9,51.59,147.67,5,53,0,3,0
207.7,33.53,449.94,4,6,1,2,0
119.1,82.72,109.32,5,107,1,1,0
23.3,33.79,955.16,7,18,1,1,1
469.9,50.07,90.68,3,19,1,3,1
129.4,86.81,161.42,4,24,1,3,1
20.3,82.17,256.98,4,17,0,3,0
225.7,62.08,915.72,8,35,1,4,1
133.3,110.7,333.28,3,7,0,3,0
38.9,86.54,104.11,2,84,1,1,0
58.4,38.93,62.51,1,67,1,2,0
27.0,22.91,760.56,6,34,0,1,0
168.7,31.47,338.32,4,52,1,3,0
190.1,89.75,318.27,4,41,0,2,0
141.8,70.95,409.41,4,22,1,3,0
320.8,111.38,238.17,3,6,0,1,0
370.2,75.34,458.52,6,13,1,1,1
187.1,87.69,495.27,4,71,0,1,0
17.3,67.27,282.17,2,36,1,1,0
228.9,38.03,274.21,3,66,1,2,0
112.4,36.92,403.3,7,70,1,1,0
165.1,31.67,717.31,5,25,0,1,0
203.5,38.09,222.5,2,19,1,3,1
92.6,113.03,420.25,4,19,1,3,1
463.2,81.27,494.34,5,20,1,2,1
40.9,50.78,581.25,5,96,0,1,0
215.4,72.24,241.66,2,6,1,2,1
15.8,71.61,614.27,5,6,1,1,0
480.4,118.67,1027.98,7,17,0,1,1
36.5,47.78,220.37,3,54,1,3,0
32.9,64.98,257.71,5,63,1,1,0
87.9,88.09,213.7,3,58,0,2,0
99.2,37.8,119.68,1,29,0,2,0
58.4,124.49,541.75,6,65,1,1,1
173.4,85.63,662.05,5,8,0,1,0
120.3,31.49,152.1,3,30,1,1,0
21.3,148.76,694.88,6,14,1,3,1
84.3,110.83,157.25,3,11,0,1,0
314.3,79.49,371.65,3,4,0,4,1
225.6,16.63,307.88,4,15,1,1,0
247.3,42.03,1486.24,10,2,0,2,1
230.6,62.36,534.68,5,15,0,2,0
82.0,65.19,698.55,6,22,1,1,0
33.9,59.44,25.55,1,15,0,3,0
72.3,26.09,668.39,6,49,0,1,0
335.9,49.19,148.89,2,11,1,2,0
723.5,52.18,186.02,3,3,1,2,1
137.6,14.65,616.88,5,8,0,3,0
16.8,79.13,149.17,3,57,1,3,0
42.2,132.48,130.91,3,34,1,1,1
85.0,54.38,198.57,3,29,1,2,0
170.5,79.97,203.63,2,26,1,2,0
29.1,31.89,106.9,2,46,1,2,0
531.8,69.81,277.85,3,8,0,1,0
96.8,70.52,0.0,0,999,0,4,0
453.7,103.83,286.29,4,5,1,1,1
288.0,115.43,185.62,4,14,1,1,1
268.5,79.4,123.75,2,11,1,2,0
183.0,38.59,278.0,5,81,0,1,0
192.4,37.71,206.59,4,1,1,1,0
197.9,114.74,213.51,7,22,0,3,0
193.3,20.41,457.79,6,44,1,2,0
160.2,27.68,259.05,5,78,0,1,0
788.8,41.86,434.8,3,112,0,3,1
252.2,76.02,491.11,5,3,0,1,0
285.1,130.05,240.19,3,8,1,2,1
385.7,136.13,447.57,7,228,0,3,0
58.7,12.25,799.0,10,13,1,2,1
30.8,68.46,64.39,1,2,1,1,0
133.7,56.6,656.96,5,90,0,2,0
144.9,34.63,319.55,6,17,1,2,1
333.1,11.69,169.19,3,12,0,2,0
120.6,56.36,224.5,2,6,0,1,0
167.3,27.32,548.48,4,19,0,2,0
149.8,74.37,216.83,2,16,1,1,0
22.0,59.49,155.07,5,85,0,2,0
186.9,16.81,410.6,3,8,1,1,0
331.9,50.87,1080.11,9,3,0,1,0
45.8,22.49,51.16,1,11,1,1,0
177.4,66.63,56.28,2,26,1,3,0
177.1,83.79,679.63,6,14,1,1,0
47.3,45.33,151.49,3,13,0,1,0
38.7,111.53,440.48,5,17,0,2,0
719.6,67.35,158.21,5,68,0,1,1
105.1,58.51,375.44,4,36,1,2,0
61.4,59.11,91.17,4,25,0,4,0
48.8,50.86,357.68,4,17,0,1,0
213.3,49.7,641.9,5,3,0,3,0
184.2,26.8,95.5,1,71,1,2,0
200.7,125.51,1080.03,8,5,0,2,1
31.6,50.47,365.42,4,7,1,2,0
418.2,136.13,328.1,3,20,1,1,1
103.8,82.92,135.23,2,5,1,2,0
82.7,53.33,117.17,2,34,0,1,0
126.7,62.34,127.31,2,23,0,2,0
104.0,83.79,133.45,4,23,0,2,0
373.6,97.93,318.43,6,113,1,2,1
491.8,57.93,210.94,3,37,0,2,0
80.1,93.12,386.41,6,44,0,2,0
374.0,82.08,422.13,5,31,1,3,1
288.8,84.22,333.9,4,10,1,2,1
495.8,93.27,462.41,4,3,0,1,0
65.8,40.67,428.68,6,28,0,3,0
169.9,117.64,216.08,2,20,0,1,0
72.8,71.05,407.34,3,5,1,2,0
327.8,97.78,79.25,1,65,0,2,0
16.0,57.83,367.78,4,23,0,1,0
164.8,66.13,756.23,7,20,1,1,1
89.6,40.58,252.7,3,18,0,2,0
85.1,29.9,164.86,4,44,0,2,0
201.4,52.12,232.66,4,2,1,1,0
358.3,85.91,70.99,3,8,1,1,1
184.1,41.3,653.2,6,77,1,1,0
360.3,20.71,225.38,4,2,1,2,1
70.3,106.7,762.42,6,31,1,2,0
146.9,27.52,421.07,4,10,0,1,0
122.8,69.77,347.09,3,26,0,4,0
17.1,145.48,404.16,3,25,0,2,0
161.5,265.54,150.68,2,36,0,2,0
210.0,53.62,89.04,2,7,1,2,0
176.3,107.6,566.47,4,34,0,2,0
254.9,70.34,747.29,5,50,1,4,1
167.5,32.58,193.34,4,7,1,3,1
27.4,51.01,348.99,3,52,0,1,0
37.3,43.46,117.58,4,5,0,1,0
178.4,105.28,70.71,3,11,1,2,0
72.9,142.19,107.77,1,15,0,3,0
29.9,46.59,159.51,3,13,1,2,1
116.1,21.13,398.46,3,44,0,3,0
160.5,64.79,606.89,7,11,1,2,0
86.7,33.93,851.66,7,46,0,1,0
244.4,29.47,133.8,4,2,0,1,0
200.8,38.68,267.36,2,13,1,1,0
87.8,36.93,134.08,3,81,1,1,0
268.1,74.2,844.82,9,16,0,2,0
203.3,84.08,297.78,3,21,1,3,1
197.6,69.31,114.29,4,46,0,1,0
160.1,33.83,735.42,5,2,0,2,0
17.1,34.42,237.17,4,40,0,1,0
229.6,56.25,564.17,5,3,1,1,0
99.9,48.11,714.8,7,27,0,2,0
529.4,59.63,48.6,2,32,1,1,0
321.7,72.79,528.43,4,6,0,1,0
174.5,55.86,238.3,4,63,1,3,0
67.3,80.38,52.38,1,28,0,1,0
56.0,66.16,110.45,4,6,1,3,0
89.9,82.52,210.17,4,65,1,1,0
131.5,28.36,100.61,1,58,0,1,0
78.2,19.21,138.34,3,37,1,3,0
145.2,33.16,161.29,2,18,0,1,0
47.5,101.23,991.69,8,23,0,2,0
699.7,66.43,432.52,3,40,0,1,1
35.6,40.83,1221.7,11,12,1,2,1
498.7,37.33,136.34,3,30,0,2,0
455.7,85.38,349.04,5,32,0,3,1
149.1,67.35,0.0,0,999,1,2,0
247.3,25.64,932.98,7,5,0,1,0
118.1,25.49,456.02,5,6,0,1,0
194.0,81.0,335.47,4,1,1,1,0
89.9,39.94,322.57,6,46,1,2,0
79.5,21.81,509.69,6,55,0,3,0
170.4,21.58,491.46,8,53,0,1,0
139.1,74.24,373.52,4,88,1,1,0
171.0,41.18,250.27,2,3,0,1,0
75.8,89.1,142.94,1,88,1,2,0
97.3,60.72,751.49,6,23,0,1,0
30.8,45.45,255.36,2,17,1,2,0
24.7,58.6,399.23,6,6,0,1,0
67.6,153.4,662.49,6,22,0,3,1
28.9,31.91,211.36,3,38,0,2,0
34.7,110.33,23.15,1,4,0,1,0
316.7,81.56,674.95,5,126,0,1,0
22.1,42.39,80.39,3,82,1,3,0
208.6,81.52,175.09,5,72,0,4,0
72.3,64.94,22.39,1,18,1,2,0
384.4,55.25,28.74,1,64,1,1,0
134.4,47.89,27.67,1,5,0,2,0
80.6,98.06,648.3,6,80,1,2,1
146.2,59.74,523.82,4,64,1,1,0
101.6,33.41,741.42,6,30,0,1,0
164.5,57.41,405.67,4,36,0,1,0
36.9,22.38,366.54,3,15,0,3,0
1060.1,40.08,238.06,3,98,1,1,1
114.8,80.02,551.33,4,3,1,2,0
92.1,30.88,718.09,9,73,0,1,0
237.9,185.18,165.67,7,10,0,2,0
96.4,14.11,667.93,6,54,1,3,1
337.5,47.28,639.98,5,2,0,2,0
124.0,84.57,295.17,6,10,0,2,1
243.9,22.99,183.96,3,8,1,1,0
35.5,85.44,331.04,3,126,0,1,0
351.9,82.14,378.38,4,8,0,2,0
254.5,49.34,407.09,3,16,1,1,0
57.8,34.08,492.59,6,12,1,4,1
43.3,59.31,537.09,5,140,0,4,0
83.4,80.15,442.5,8,32,1,1,1
686.9,35.72,844.96,6,15,0,1,1
68.4,54.91,204.22,3,79,1,2,0
124.6,23.69,90.14,1,41,1,1,0
20.5,92.35,300.43,3,40,0,2,0
106.1,139.37,265.28,5,22,0,1,0
167.5,44.35,367.06,6,23,1,1,1
565.8,38.28,255.95,3,44,1,2,1
145.9,103.29,110.42,2,1,0,1,0
322.8,102.24,184.6,5,19,1,4,1
157.6,86.8,257.51,2,131,0,1,0
22.5,27.65,248.86,4,35,1,3,0
83.1,9.93,222.23,3,16,1,1,0
169.3,53.49,546.79,6,7,1,2,0
556.4,74.34,518.06,4,15,1,4,1
367.8,44.5,114.72,3,22,1,1,0
61.7,101.08,405.5,4,33,1,1,0
59.7,39.29,0.0,0,999,0,1,0
55.4,19.59,399.12,3,23,1,1,0
475.3,44.39,529.77,5,15,0,1,0
359.7,70.63,155.5,4,10,0,2,0
283.4,30.59,293.01,5,48,0,2,0
104.8,66.58,49.4,2,21,1,1,0
141.4,53.31,240.35,2,43,1,1,0
127.4,137.65,220.99,3,11,1,1,0
67.6,94.14,157.97,6,16,0,2,0
141.6,195.54,173.99,8,103,1,1,0
20.6,26.58,576.88,4,9,0,2,0
40.4,112.91,1046.43,8,13,0,1,0
406.8,15.64,253.91,4,24,0,2,0
265.7,98.64,87.16,1,25,1,2,0
113.9,18.97,664.07,7,3,1,3,1
146.0,84.72,347.95,4,117,0,1,0
98.2,67.07,180.12,3,12,1,2,0
258.0,71.4,566.19,8,2,0,2,0
291.0,14.29,174.21,4,10,0,2,1
274.4,81.34,24.32,1,17,0,1,0
245.8,19.51,80.23,2,9,1,2,0
56.2,137.9,65.09,3,6,0,1,0
89.2,37.9,381.49,5,24,0,2,0
129.2,46.52,529.58,5,53,1,1,0
87.3,112.0,261.13,6,41,0,1,0
268.1,60.47,268.23,3,19,1,1,0
86.9,61.06,311.23,5,5,0,1,0
41.8,76.4,35.6,1,102,1,1,0
106.7,31.86,256.11,7,14,0,2,0
718.4,37.58,301.06,3,4,0,2,1
61.1,62.19,70.6,2,14,1,2,0
185.5,143.52,91.92,1,40,1,1,0
117.1,89.04,223.9,5,10,1,1,0
28.3,92.4,132.6,1,7,1,1,0
135.5,117.89,79.49,3,11,1,2,0
233.0,101.3,351.61,5,27,0,1,0
144.6,86.61,475.99,4,69,0,2,0
385.2,52.96,234.78,2,5,0,1,0
76.4,30.27,194.11,5,6,0,4,0
31.2,32.94,273.45,6,19,1,3,0
511.4,107.03,455.11,5,5,0,1,1
100.5,80.13,871.62,8,128,1,3,0
169.6,9.45,353.39,3,70,1,1,0
297.6,59.54,302.01,3,3,0,1,0
85.6,12.88,609.03,5,78,1,1,0
241.7,52.79,231.55,3,11,1,3,1
41.2,102.82,464.4,5,13,0,3,0
77.0,80.03,381.6,5,14,1,3,1
43.1,46.99,475.69,4,3,0,2,0
315.1,64.95,213.63,5,50,0,1,0
60.3,38.01,369.69,7,7,1,1,0
242.5,25.1,257.58,2,8,0,3,0
531.6,36.33,564.36,5,49,0,2,0
150.1,96.96,809.01,7,3,1,1,0
154.8,114.42,164.43,5,14,0,1,0
126.3,99.98,497.84,6,28,1,1,1
86.0,93.46,373.46,4,5,1,1,0
131.2,28.71,485.56,4,19,1,2,0
181.2,49.64,299.56,4,15,0,1,0
783.3,52.75,90.29,1,13,1,1,1
514.8,42.96,152.95,3,11,0,2,1
371.7,30.46,128.18,1,14,0,2,0
410.9,66.92,138.81,1,17,0,1,0
128.5,65.42,80.34,1,5,1,1,0
207.8,48.69,384.21,5,8,0,2,0
420.8,129.92,313.37,5,80,1,2,1
104.8,44.32,218.75,4,95,0,1,0
602.5,54.91,367.76,4,162,1,1,1
111.7,22.72,0.0,0,999,0,2,0
180.4,87.25,483.06,5,5,1,2,1
237.7,112.11,371.89,4,38,1,1,1
556.4,20.81,551.14,5,91,1,2,1
65.5,76.6,49.35,1,2,0,2,0
261.8,47.02,333.76,3,1,1,2,0
147.4,90.22,66.6,3,32,1,2,0
71.3,68.04,357.9,4,2,1,1,0
284.8,68.12,389.19,3,17,1,3,1
159.6,65.29,229.23,2,16,0,1,0
209.7,148.95,783.65,6,4,1,1,1
85.2,25.25,39.29,1,45,1,2,0
133.1,13.02,453.82,4,4,0,1,0
187.9,87.91,323.92,4,11,1,4,1
108.4,28.85,124.02,2,43,0,1,0
54.8,91.49,463.74,7,32,1,2,1
601.9,85.6,0.0,0,999,1,1,0
143.9,35.83,442.42,4,2,1,1,0
253.3,221.05,408.59,4,48,0,2,0
110.3,124.45,159.36,4,58,0,1,0
94.0,56.0,363.0,4,4,1,1,0
109.1,66.15,294.86,8,141,1,3,0
109.7,108.6,303.68,5,15,1,2,1
156.4,26.54,154.42,6,19,1,1,0
156.1,76.86,0.0,0,999,1,2,0
138.7,55.31,21.62,1,33,1,3,0
41.1,126.88,107.79,2,28,0,1,0
138.4,17.55,328.02,6,28,0,3,0
48.3,68.91,351.86,3,50,1,3,0
39.3,26.44,550.07,7,87,1,1,0
500.6,77.55,94.52,1,57,1,4,1
182.2,60.65,366.67,7,42,1,1,0
208.9,64.71,364.77,4,2,1,3,0
107.5,94.55,157.59,4,10,1,3,1
446.4,82.03,447.02,3,4,1,2,1
197.9,38.44,523.24,6,64,1,1,0
278.9,14.53,805.92,6,35,1,2,0
97.8,18.9,168.7,5,2,0,1,0
594.5,39.5,387.02,4,43,1,1,1
324.1,65.53,321.71,3,14,0,1,0
361.3,57.31,735.38,6,26,1,2,1
49.0,66.81,166.34,2,29,0,1,0
71.9,110.86,98.76,4,6,1,1,0
75.5,40.85,215.82,4,17,0,2,0
71.9,90.94,56.48,1,19,0,1,0
363.1,64.04,245.59,4,32,0,1,0
20.8,117.22,31.99,1,73,1,1,0
29.2,68.33,80.33,4,32,1,1,0
72.6,139.98,175.12,2,38,0,2,0
55.1,86.31,1042.04,9,36,0,2,0
62.5,103.71,149.74,3,3,0,3,0
302.9,39.78,330.58,3,12,1,1,1
164.1,115.82,690.27,6,17,1,1,1
16.0,141.36,440.77,6,20,1,2,1
116.0,80.62,706.05,8,61,0,1,0
109.3,50.01,182.46,3,25,1,1,0
36.8,105.56,481.45,7,56,1,1,0
217.9,90.37,289.75,3,78,1,2,0
233.0,165.44,402.3,6,40,1,1,1
244.7,79.0,510.85,6,4,0,1,0
249.7,55.67,466.76,4,8,1,2,0
15.0,63.49,581.59,4,58,1,2,0
568.9,35.04,271.68,2,28,1,1,1
318.0,49.11,555.54,4,24,1,1,1
436.8,16.75,276.92,2,114,1,1,0
17.8,54.34,51.4,1,16,1,2,0
503.9,106.89,143.03,1,2,1,1,1
313.7,175.23,342.35,7,10,0,2,0
341.8,47.42,1455.83,11,12,1,1,1
32.6,84.19,191.08,2,24,1,1,0
256.6,55.66,258.06,2,1,0,2,0
594.0,46.86,147.69,1,146,1,2,1
219.3,29.71,267.68,2,3,1,1,0
167.1,133.6,378.44,3,9,0,3,0
539.1,20.66,0.0,0,999,0,2,0
120.3,75.87,395.36,3,125,0,1,0
179.6,23.98,124.65,3,24,0,3,0
131.4,41.7,433.27,5,14,1,4,1
501.1,129.52,511.83,6,6,0,1,1
29.2,29.06,437.18,5,77,1,3,0
140.2,71.65,342.03,3,2,1,1,0
224.1,116.06,214.45,3,3,1,2,1
297.6,74.45,317.46,4,3,1,2,1
172.4,76.55,105.67,1,21,1,2,0
446.3,73.82,543.54,5,88,0,1,0
527.5,102.41,384.4,5,27,0,3,1
27.0,114.15,107.11,4,15,0,1,0
107.7,68.98,375.77,7,9,1,1,1
19.3,62.39,570.89,4,24,1,2,0
86.9,23.15,421.69,3,20,0,3,0
153.6,35.64,208.91,2,4,0,4,0
450.0,72.89,264.48,6,1,0,1,0
352.4,17.53,129.77,4,30,1,1,0
39.6,33.45,860.63,6,65,0,1,0
32.6,47.94,801.07,6,31,1,3,1
175.2,26.97,215.19,3,13,1,3,1
151.7,34.1,509.24,5,6,1,1,0
70.8,76.38,555.36,4,45,0,1,0
428.5,55.11,113.88,3,40,1,2,1
487.0,88.59,205.43,2,62,1,2,1
107.7,46.46,418.6,3,134,0,2,0
412.8,54.61,772.49,6,4,1,1,1
102.2,68.02,171.98,3,11,0,3,0
255.3,35.34,431.3,3,14,1,1,0
131.3,79.11,185.64,4,26,1,4,1
38.5,29.95,94.23,2,2,1,3,0
488.4,37.91,32.56,1,11,0,4,0
124.0,42.32,176.78,5,52,0,2,0
253.7,39.47,119.01,1,2,0,2,0
97.4,61.09,167.59,3,56,1,1,0
18.4,39.55,398.96,3,7,1,1,0
34.1,52.11,394.47,3,12,0,2,0
138.4,109.95,0.0,0,999,0,1,0
225.8,115.55,356.82,4,48,0,1,0
88.4,6.82,580.65,5,8,1,3,1
229.0,76.33,0.0,0,999,1,1,0
230.9,15.05,100.43,3,10,1,1,0
234.1,79.44,309.13,5,24,0,2,0
137.1,99.74,0.0,0,999,1,1,0
458.5,43.67,287.89,3,11,0,2,0
135.9,117.37,377.47,3,21,1,1,0
122.7,36.07,136.45,5,26,1,3,1
55.0,106.66,412.23,5,18,0,2,0
81.2,98.22,782.18,6,24,1,1,0
22.8,22.22,745.88,5,6,1,2,0
195.7,46.03,220.23,6,2,1,2,0
66.4,19.76,519.84,5,3,1,1,0
80.3,27.42,141.21,7,119,0,2,0
280.2,119.61,392.63,6,3,1,1,1
86.3,79.18,155.64,2,17,0,2,0
64.9,39.27,259.85,4,52,0,3,0
48.3,15.61,505.93,5,63,1,1,0
283.4,19.09,66.0,3,11,1,1,1
40.0,52.61,552.29,4,34,1,4,1
123.8,123.21,307.04,5,43,0,1,0
142.3,91.67,118.64,3,82,0,1,0
224.3,53.88,228.94,3,73,0,4,0
195.6,53.96,260.45,3,19,1,2,0
314.6,68.63,107.05,4,26,1,2,1
23.2,110.86,495.52,4,53,1,2,0
78.3,31.21,463.47,4,30,0,2,0
74.2,67.89,432.67,5,15,1,1,0
43.4,26.51,132.53,3,99,0,1,0
76.4,64.75,702.28,5,200,1,1,0
81.7,53.44,492.97,4,89,1,1,0
147.8,20.28,352.68,7,14,1,2,1
211.2,68.65,115.68,1,10,1,1,0
101.4,42.43,66.35,2,23,1,2,0
243.8,45.9,141.59,4,51,1,1,0
88.7,33.39,233.39,3,11,1,4,0
76.7,63.79,444.9,4,18,0,1,0
155.2,61.19,557.0,4,6,1,2,0
19.3,89.03,584.91,4,40,1,2,0
30.0,73.22,329.84,3,44,0,2,0
112.4,33.63,974.53,8,23,0,1,0
530.4,91.82,345.43,4,44,0,1,0
245.1,105.08,136.34,5,34,1,1,0
31.6,36.6,145.15,4,88,0,2,0
352.1,47.98,292.4,2,29,0,1,0
252.2,41.77,0.0,0,999,1,3,0
184.9,59.65,842.4,7,43,1,1,1
324.0,34.67,145.98,3,2,0,2,0
108.2,88.01,357.11,4,22,1,1,0
60.1,29.96,159.4,4,111,0,1,0
144.1,45.36,500.54,4,41,0,1,0
158.3,71.72,83.7,2,217,1,3,0
154.1,59.64,223.54,2,17,0,1,0
164.9,61.47,39.62,1,17,0,1,0
549.6,27.85,505.71,4,3,0,1,0
433.6,53.76,170.76,2,15,1,1,0
390.3,102.39,294.46,4,5,0,2,1
306.0,85.34,191.35,3,17,1,3,1
532.0,48.5,328.21,3,1,0,1,0
33.7,59.01,157.23,5,19,1,1,0
70.4,65.96,525.22,4,92,0,3,0
138.0,118.24,713.77,6,48,1,2,1
352.4,43.73,273.93,4,10,1,4,1
141.6,84.56,147.09,1,11,0,3,0
263.1,59.56,640.84,5,13,0,3,0
41.9,102.24,165.62,3,4,1,1,0
67.4,108.33,677.03,5,159,0,2,0
251.9,61.87,164.33,5,37,1,3,1
47.4,39.43,438.58,4,45,1,2,0
92.9,100.47,0.0,0,999,0,2,0
70.4,58.23,587.48,4,21,1,4,1
92.5,24.44,26.46,1,56,0,3,0
236.8,20.6,251.3,5,9,1,1,0
97.6,58.4,533.5,6,17,0,1,0
160.8,10.0,383.66,4,13,1,1,0
34.0,42.25,606.75,7,101,0,1,0
309.3,104.6,232.43,2,2,1,2,1
98.1,115.88,101.01,5,3,0,2,0
203.2,104.63,373.18,4,103,1,1,0
247.6,59.12,599.67,6,39,1,1,1
57.4,33.45,141.54,3,34,1,3,0
403.8,111.04,422.75,4,57,0,2,0
187.4,64.57,210.04,2,82,1,2,0
115.8,23.88,444.6,5,75,0,1,0
51.2,61.16,161.12,3,73,0,1,0
528.5,101.11,148.31,2,60,0,3,0
268.2,13.88,55.42,1,5,0,2,0
57.0,52.53,360.19,3,34,0,2,0
89.2,124.04,200.84,2,23,1,3,0
313.6,58.92,237.95,6,50,1,1,0
229.1,28.0,656.53,7,102,1,4,1
276.3,94.62,137.42,1,15,1,1,0
119.8,80.1,128.26,1,47,0,3,0
241.9,64.58,679.28,5,8,0,1,0
102.9,28.65,974.48,7,18,0,2,0
57.7,69.87,88.93,2,43,1,1,0
195.3,84.59,454.21,4,3,1,4,1
686.5,23.78,103.77,1,66,0,1,0
81.9,68.24,73.02,3,82,1,2,0
126.2,49.55,242.33,2,68,1,1,0
216.8,18.28,234.68,5,1,1,2,0
155.4,51.05,696.06,5,54,1,1,0
348.8,44.49,128.59,1,75,0,1,0
273.2,54.37,599.78,5,136,1,2,1
25.8,41.08,774.07,7,2,1,1,0
1176.2,20.47,243.33,3,28,1,1,1
266.3,120.11,989.76,8,71,0,1,0
374.0,207.65,506.0,4,44,1,1,1
204.6,45.48,164.01,5,64,0,1,0
364.2,58.33,315.19,5,40,0,1,0
36.5,204.85,428.15,7,1,0,3,0
91.9,28.31,144.8,4,70,1,1,0
391.4,39.51,881.12,6,32,0,1,0
55.5,74.98,575.2,6,10,0,2,0
29.7,66.53,483.37,5,38,1,1,0
294.3,101.57,209.16,3,24,0,1,0
339.9,81.37,599.65,5,42,0,1,0
47.0,129.81,491.01,6,22,1,1,0
361.8,71.12,349.48,3,4,1,2,1
223.9,24.28,268.28,2,80,1,2,0
147.1,45.78,421.6,4,38,1,3,0
334.2,94.64,303.02,3,42,0,1,0
112.8,13.05,244.6,2,48,0,2,0
53.8,51.35,683.13,8,24,1,2,1
75.3,69.04,627.57,5,42,0,2,0
141.6,69.69,160.12,5,8,1,3,1
151.4,36.95,154.35,3,21,1,2,0
309.8,44.22,280.39,2,39,0,3,0
297.1,65.02,126.77,3,54,1,1,0
171.7,92.12,315.59,4,114,0,2,0
288.2,24.99,577.46,7,65,1,3,1
53.3,59.9,297.11,4,2,0,1,0
24.2,114.58,796.19,6,7,1,1,0
387.3,57.23,234.93,2,38,0,1,0
29.1,76.47,375.98,3,3,1,3,1
66.0,128.33,1042.08,7,177,0,1,0
228.9,64.39,440.18,3,21,1,2,1
109.8,126.03,815.84,6,39,1,3,1
391.2,46.19,93.53,1,2,1,2,0
78.7,106.96,414.19,7,19,0,2,0
17.1,68.85,228.16,2,9,1,2,0
79.4,69.96,430.22,3,4,0,1,0
170.3,76.76,743.65,5,37,0,3,0
99.9,69.11,199.44,2,124,0,1,0
152.8,70.74,555.52,5,12,0,1,0
391.6,153.4,112.47,2,87,0,1,0
453.5,78.71,415.84,9,1,1,2,1
70.7,108.07,206.1,2,36,0,1,0
126.6,36.34,295.61,6,25,1,3,1
158.4,20.89,214.18,3,16,0,1,0
551.1,22.11,0.0,0,999,1,1,0
1200.1,26.3,423.75,3,31,1,1,1
63.3,127.8,294.17,2,27,0,1,0
248.7,21.52,208.49,4,24,1,1,0
100.5,54.07,185.79,5,134,0,1,0
16.5,176.19,49.23,1,49,0,2,0
16.7,87.45,437.28,5,7,1,1,0
126.1,42.15,121.78,1,82,1,2,0
135.6,34.72,87.86,1,23,0,1,0
19.1,47.15,282.62,2,1,1,1,0
224.0,71.23,925.78,9,51,1,1,1
77.7,48.65,331.5,4,15,1,2,0
162.7,87.46,480.55,4,224,1,1,0
79.4,149.65,719.91,5,26,1,3,1
47.9,38.19,253.24,4,11,0,4,0
109.1,153.96,111.5,2,46,1,2,0
62.6,65.83,190.94,4,11,1,1,0
152.8,47.76,268.9,3,1,0,1,0
54.9,34.41,323.48,4,4,0,1,0
142.8,80.93,417.1,8,36,1,2,1
45.8,39.8,1024.35,9,8,1,2,1
215.1,85.51,117.36,2,9,0,1,0
267.4,59.74,473.39,4,6,0,2,0
36.1,44.8,645.28,5,10,1,1,0
128.5,59.07,265.2,2,47,0,2,0
28.2,79.31,156.16,4,24,1,2,0
179.1,54.66,179.32,3,8,0,2,0
70.3,39.84,264.42,3,10,1,1,0
150.0,36.39,519.7,4,16,0,2,0
146.2,90.52,216.41,3,185,1,1,0
479.7,28.42,317.35,3,7,1,1,1
158.4,37.74,237.28,3,54,0,2,0
172.4,20.83,119.25,5,66,1,1,0
107.4,57.28,183.38,3,103,1,1,0
550.9,31.27,236.75,2,31,1,2,1
285.3,54.37,804.57,7,4,0,1,0
75.5,55.54,404.63,3,1,1,1,0
349.7,57.59,582.45,6,20,1,2,1
116.9,42.24,358.91,3,15,1,3,0
332.5,90.14,221.91,3,66,0,1,0
326.6,48.67,196.38,3,30,0,1,0
52.7,38.22,256.72,4,61,0,3,0
232.4,22.16,244.05,6,28,1,1,0
76.8,98.86,307.65,4,9,1,1,0
78.6,41.14,250.79,2,8,0,1,0
78.3,86.24,86.32,4,17,0,3,0
247.7,47.23,284.21,3,1,0,1,0
62.0,158.57,254.85,6,23,1,3,1
15.2,155.34,350.23,3,11,1,1,0
241.1,71.14,152.91,4,2,0,1,0
48.8,71.68,247.96,6,22,0,1,0
34.9,67.2,25.54,1,34,1,1,0
63.8,48.35,310.19,4,4,1,3,1
101.0,94.24,416.73,4,31,0,1,0
131.3,58.02,115.09,2,95,0,3,0
23.2,28.78,76.14,3,16,0,3,0
649.7,50.85,0.0,0,999,0,2,0
241.6,29.58,527.47,4,51,1,1,0
85.3,28.22,561.16,7,1,0,1,0
84.1,36.21,508.1,4,96,1,2,0
122.1,143.19,620.76,5,24,1,1,0
192.1,76.48,651.07,7,31,1,1,0
43.5,50.94,442.43,5,31,0,1,0
52.7,48.09,418.53,4,17,0,1,0
368.2,61.99,341.63,3,20,0,3,0
68.3,41.34,506.82,4,25,0,1,0
101.1,79.09,473.42,5,111,0,1,0
384.0,64.82,351.04,3,9,0,3,0
210.9,74.34,132.39,3,81,1,2,0
90.3,48.94,584.98,5,123,0,1,0
222.2,177.75,82.68,3,19,0,1,0
18.6,29.38,316.8,3,10,0,2,0
254.5,79.93,788.38,7,21,1,2,1
135.2,42.91,728.91,5,4,0,2,0
317.0,64.53,224.5,3,57,1,1,0
571.8,69.6,139.31,4,13,0,1,0
483.2,155.34,190.51,3,12,1,2,1
447.0,70.33,297.98,4,37,1,1,1
144.2,50.28,120.1,1,28,0,2,0
95.4,7.56,309.48,7,29,1,1,0
127.6,40.01,126.22,3,22,1,2,0
225.8,204.59,291.44,6,20,1,1,0
402.7,84.29,150.06,3,13,0,2,1
56.7,92.16,700.46,5,11,1,2,1
465.6,16.7,40.85,1,168,1,1,0
318.9,41.87,368.45,5,17,0,1,0
709.2,79.96,217.28,3,24,1,2,1
397.0,22.9,219.51,6,17,1,1,0
74.1,62.92,102.5,3,43,1,1,0
35.2,123.39,553.09,4,7,0,1,0
36.4,32.98,772.37,6,2,1,1,1
77.0,37.76,847.92,6,120,1,2,0
186.4,107.95,306.13,5,26,1,1,0
308.6,42.0,265.34,3,27,1,1,0
428.1,35.42,0.0,0,999,1,1,0
191.0,131.92,354.74,5,2,1,1,1
16.0,57.97,123.24,1,38,0,2,0
52.1,32.74,245.75,3,28,0,1,0
33.9,111.96,34.25,1,6,1,1,0
96.3,29.21,102.07,5,25,1,1,0
140.3,60.65,101.4,2,9,0,3,0
23.0,67.96,219.09,5,34,1,4,1
92.1,40.22,492.92,4,37,0,2,0
50.5,89.27,319.99,3,12,0,1,0
202.5,34.79,386.94,3,4,1,1,0
127.3,92.82,372.2,5,53,0,1,0
138.1,53.55,671.11,7,34,1,1,0
115.5,31.48,297.03,4,31,1,1,0
577.3,61.54,146.27,3,30,1,1,1
58.5,72.56,306.07,3,42,0,1,0
145.9,16.63,564.14,8,9,0,1,0
254.7,124.15,157.24,3,18,1,3,1
161.5,56.39,710.01,5,9,1,2,1
491.2,45.6,204.09,6,3,0,3,1
100.5,69.66,725.9,6,78,1,2,0
127.1,60.12,365.76,4,2,1,1,0
31.7,43.62,953.56,8,2,0,3,0
184.0,70.73,63.37,2,13,0,3,0
76.2,92.9,283.01,4,13,1,2,0
46.4,47.51,493.94,4,2,0,3,0
156.6,10.98,251.92,2,48,0,1,0
151.8,85.8,980.46,8,5,0,2,1
29.2,55.91,350.3,3,4,0,2,0
230.6,31.72,344.79,5,4,0,2,0
191.0,73.92,339.32,3,34,1,3,1
52.7,31.69,136.91,4,7,1,2,0
129.1,84.16,82.28,2,29,0,1,0
244.3,28.56,270.57,3,8,1,3,1
150.7,41.98,548.69,6,60,1,2,0
105.6,19.29,406.66,5,7,1,2,1
85.0,40.96,577.75,5,19,1,1,0
184.7,45.66,186.59,2,27,0,2,0
518.8,56.16,142.71,5,70,0,2,0
215.5,48.53,270.67,2,8,0,1,0
29.0,29.25,0.0,0,999,1,2,0
126.1,54.94,409.22,3,2,0,3,0
413.7,41.59,682.53,9,50,1,1,1
32.9,62.54,101.19,5,25,0,1,0
824.8,34.53,0.0,0,999,0,1,0
550.9,39.96,187.16,2,50,0,1,0
29.7,70.86,45.11,2,17,1,1,0
502.7,49.85,472.2,5,18,1,3,1
96.2,21.35,141.04,1,1,1,1,0
350.2,128.92,188.54,4,60,1,2,1
112.5,88.61,339.77,6,54,1,1,0
119.6,86.85,731.06,7,28,0,2,0
196.0,19.12,253.44,2,16,1,2,0
283.1,14.65,310.28,3,54,1,2,0
21.2,98.96,429.29,4,31,0,2,0
176.9,29.08,624.71,10,7,0,1,0
52.2,63.6,63.91,3,10,0,1,0
91.4,40.87,516.73,4,31,1,1,0
92.0,15.43,448.15,3,38,0,2,0
129.0,36.52,663.17,5,4,1,1,1
88.2,70.3,358.38,5,61,1,2,0
35.4,51.56,262.95,4,23,0,2,0
43.3,143.49,0.0,0,999,0,1,0
21.1,82.69,742.46,5,28,0,1,0
129.4,73.14,497.95,5,69,0,2,0
571.0,63.43,173.76,2,2,0,2,0
37.1,31.6,522.75,6,9,1,1,0
541.3,32.17,323.64,7,28,1,1,1
252.9,56.91,229.33,2,1,1,1,0
197.7,36.7,84.48,2,7,0,1,0
201.6,129.38,189.0,4,9,0,1,0
330.5,81.93,430.56,4,71,0,1,0
35.4,105.92,399.02,3,25,1,1,0
141.5,11.24,745.99,7,33,0,2,0
230.0,72.28,245.22,3,1,0,3,0
174.1,21.18,0.0,0,999,0,2,0
336.9,116.78,237.44,3,20,0,2,1
28.5,78.76,105.05,1,60,0,2,0
226.2,85.22,1214.47,10,8,0,3,1
152.5,87.65,65.73,3,3,0,1,0
100.8,39.54,193.87,4,58,1,2,0
89.9,152.75,1002.62,9,8,0,1,0
189.6,81.47,288.72,4,39,0,4,0
413.9,64.23,439.39,5,4,1,3,1
138.4,42.3,218.1,2,37,1,1,0
328.4,53.71,707.58,8,19,0,2,0
107.6,113.5,128.8,1,87,1,2,0
34.4,47.92,346.45,5,8,1,3,1
26.4,38.61,439.72,4,3,0,1,0
24.5,76.17,75.3,1,26,0,1,0
101.1,56.4,355.24,4,82,1,1,0
89.0,39.22,243.5,7,8,1,1,0
242.8,100.97,768.55,6,60,1,3,1
259.4,30.02,307.96,5,14,1,1,0
24.4,48.81,414.1,7,4,1,1,0
60.0,33.15,94.62,3,30,1,1,0
72.7,150.77,257.49,3,25,1,1,0
157.8,80.35,222.98,3,60,1,4,1
43.1,69.47,98.59,3,4,0,3,0
40.9,34.12,941.64,8,35,1,2,0
533.2,150.77,85.9,3,32,1,2,1
308.5,22.17,77.71,2,174,0,1,0
50.9,48.36,159.78,2,14,1,1,0
108.9,52.75,266.03,4,2,1,1,0
94.1,22.48,167.45,3,18,1,1,0
296.8,60.27,93.31,1,21,0,1,0
143.5,37.52,88.16,1,16,0,1,0
39.6,123.97,76.21,1,33,1,1,0
256.8,25.53,120.9,1,11,0,3,0
106.0,85.1,423.81,5,7,1,1,0
69.9,60.96,588.97,4,20,0,1,0
99.7,97.64,372.71,3,43,0,2,0
139.0,51.54,135.35,4,73,0,1,0
90.6,32.2,389.31,7,36,0,1,0
64.9,135.19,179.33,2,16,1,2,0
106.5,133.95,566.69,7,46,0,1,0
18.5,86.33,78.32,3,7,0,1,0
281.5,77.33,620.62,7,46,1,1,1
48.7,68.19,394.79,4,22,1,2,0
23.1,79.99,240.71,3,11,1,1,0
205.9,186.82,795.58,6,39,0,2,1
282.6,25.21,369.43,4,18,0,1,0
317.6,57.28,366.72,3,32,1,2,1
137.4,41.52,96.29,1,36,1,3,0
56.4,60.28,691.05,5,17,1,1,0
255.6,24.09,526.29,11,141,0,2,0
231.5,30.76,384.36,3,21,1,3,1
65.9,29.1,469.43,6,136,1,1,0
435.7,79.27,332.05,3,9,1,1,1
34.8,56.2,561.56,6,6,0,1,0
745.1,19.54,136.6,4,33,0,4,1
369.2,19.22,307.03,4,27,1,2,0
224.6,15.39,538.02,5,26,1,3,1
517.7,49.97,410.38,3,175,1,1,1
245.6,52.53,193.6,4,1,0,2,0
53.0,54.5,330.87,5,20,1,1,0
120.1,35.8,334.4,5,13,0,2,0
28.4,45.55,352.67,4,19,0,3,0
103.9,50.82,396.57,3,92,1,1,0
258.6,56.33,357.09,5,55,1,1,0
102.9,68.11,156.34,4,8,1,1,1
87.2,102.44,515.11,6,40,0,1,0
177.9,33.58,199.17,8,29,0,1,0
385.3,87.82,194.34,3,18,0,1,0
23.8,37.84,260.55,3,14,0,1,0
102.6,78.87,87.3,1,30,1,1,0
46.0,58.2,759.23,6,21,0,1,0
228.9,185.7,744.87,6,27,0,1,0
35.1,66.98,283.71,5,49,0,1,0
211.7,91.76,473.09,8,113,0,1,0
75.7,9.19,1033.31,7,18,1,1,0
54.9,96.22,567.14,8,19,1,2,1
510.8,34.76,115.7,3,61,1,3,1
18.4,53.35,316.21,3,5,0,1,0
118.7,44.73,154.97,3,53,0,1,0
18.9,27.19,492.2,5,17,0,2,0
134.0,139.9,1014.13,8,18,1,4,1
140.1,107.42,127.73,3,12,0,1,0
84.9,30.78,393.56,5,5,0,1,0
40.5,29.18,348.92,5,45,0,1,0
100.0,77.42,149.92,1,76,1,1,0
215.8,94.97,450.05,4,23,1,3,1
289.5,56.59,214.96,7,7,1,1,1
151.2,36.01,198.87,4,13,0,2,0
175.4,50.4,80.89,2,3,1,2,0
55.3,17.5,43.96,2,59,1,1,0
76.0,21.5,488.49,8,25,1,2,0
46.8,99.83,373.08,6,127,1,2,0
66.6,40.11,101.1,2,49,1,1,0
60.9,53.56,459.52,5,43,0,1,0
146.9,67.03,241.99,5,19,1,3,1
163.9,53.27,142.34,1,15,1,4,1
536.9,68.57,230.44,2,11,0,2,1
54.2,97.81,178.91,5,147,1,1,0
199.7,34.93,54.95,1,9,1,1,0
320.9,100.98,590.87,4,6,0,2,0
162.9,66.87,184.1,4,21,0,3,0
68.0,79.74,70.41,2,24,1,1,0
69.8,97.02,351.41,7,7,1,1,0
22.2,61.27,112.8,1,15,1,2,0
80.6,212.29,261.97,3,12,0,2,0
260.7,26.43,57.57,2,45,1,3,0
23.8,98.42,134.06,2,22,0,1,0
59.6,39.05,125.04,4,50,1,1,0
235.5,69.55,404.52,7,4,1,1,1
289.7,52.78,84.45,2,13,1,2,0
124.4,50.73,194.7,4,12,0,1,0
230.6,48.08,605.81,5,21,1,1,1
103.4,79.35,121.85,1,17,1,1,0
46.4,30.76,0.0,0,999,0,1,0
106.4,37.6,437.89,4,56,0,2,0
171.1,28.93,51.87,1,78,0,1,0
547.4,133.86,309.18,4,49,0,1,0
27.8,91.27,399.03,5,40,1,2,0
142.4,38.84,805.78,9,30,1,2,1
86.8,76.4,393.97,3,14,1,2,0
142.8,29.57,271.04,2,83,1,1,0
19.4,58.76,144.26,3,35,0,2,0
82.6,48.52,228.48,3,73,0,1,0
323.5,48.03,274.7,7,20,1,1,1
160.3,43.33,521.31,5,18,1,1,0
122.8,207.57,471.85,5,3,0,1,0
75.5,85.45,653.04,5,14,1,3,1
78.7,171.75,437.28,5,17,1,1,0
101.9,42.03,243.08,2,23,0,2,0
339.9,30.01,184.06,3,22,0,2,0
630.2,66.9,330.76,3,83,0,2,1
118.9,58.71,176.55,7,24,0,2,0
105.0,85.34,198.49,5,62,0,1,0
352.4,100.7,702.95,9,5,1,1,1
115.2,16.08,541.18,4,28,0,3,0
159.5,177.65,945.45,7,26,0,2,1
62.3,68.72,195.68,2,6,0,1,0
259.9,82.05,73.77,2,10,1,2,1
151.7,135.29,542.63,5,23,1,1,1
313.0,34.47,300.96,7,25,1,2,1
288.1,54.26,524.48,8,76,0,1,0
58.6,28.06,243.38,4,6,0,1,0
241.3,31.05,539.92,4,12,0,2,0
304.7,100.99,330.49,3,10,1,2,1
91.5,126.68,204.66,7,51,1,1,0
49.1,20.83,259.28,2,8,0,1,0
15.5,71.5,227.86,3,76,0,1,0
122.9,110.77,1181.19,10,88,0,2,0
93.2,97.75,241.94,2,4,0,1,0
160.7,62.81,898.97,6,9,1,1,1
52.5,71.12,325.51,5,16,0,2,0
368.5,72.29,926.64,7,67,1,2,1
68.7,68.83,400.98,7,5,1,3,1
61.2,77.85,747.1,5,14,0,2,0
133.0,50.99,293.33,4,40,0,3,0
139.4,168.61,634.94,6,43,0,1,0
58.6,34.27,746.43,5,15,1,1,0
72.1,114.87,138.16,3,109,1,1,0
48.5,37.8,202.24,2,15,1,1,0
243.1,80.31,748.95,5,32,1,1,0
279.6,38.36,285.43,2,32,0,1,0
126.7,77.63,194.79,4,53,0,3,0
240.4,56.66,131.34,4,15,0,1,0
254.7,87.69,301.56,4,18,1,3,1
41.8,35.85,715.42,6,18,1,1,0
624.6,35.42,122.66,1,2,0,1,0
324.7,126.53,593.79,6,44,0,3,1
56.2,147.77,899.42,9,49,1,1,1
52.1,52.69,71.37,2,57,1,1,0
39.2,73.89,154.71,2,42,1,1,0
41.8,19.78,759.22,8,30,0,3,1
263.2,60.98,435.47,4,28,1,1,0
129.2,44.99,31.93,1,34,1,2,0
290.0,162.85,329.35,3,1,1,2,1
261.9,43.46,284.73,2,20,1,1,0
182.0,164.4,855.47,7,2,0,1,0
223.7,42.43,505.52,5,23,1,1,0
18.3,83.29,163.14,5,6,1,1,0
82.3,148.39,862.86,7,1,1,2,1
197.8,54.01,212.37,2,44,1,2,0
16.7,143.33,365.32,4,41,0,1,0
21.0,97.13,372.84,3,17,1,2,1
358.8,60.63,646.11,6,3,1,1,1
222.4,76.31,729.55,9,122,0,4,1
70.5,126.76,151.48,3,6,1,1,0
224.6,73.77,684.51,8,22,1,3,1
298.0,24.54,240.18,6,11,1,1,0
81.0,97.33,83.48,3,5,1,3,0
21.6,99.58,201.66,4,24,0,1,0
501.0,72.24,338.62,5,8,1,2,1
91.2,42.9,416.34,4,15,1,2,0
35.3,93.92,169.84,2,31,1,1,0
136.9,27.81,693.41,6,17,1,1,1
278.3,75.63,811.1,7,25,0,3,0
60.1,73.48,447.16,4,9,1,1,0
71.5,62.07,273.52,3,40,1,1,0
65.0,113.17,318.58,3,34,0,1,0
876.9,47.4,441.2,3,39,0,3,1
54.6,33.24,670.51,6,14,1,1,0
169.2,36.68,466.09,4,93,0,3,0
481.9,115.37,57.86,1,33,1,2,1
43.6,84.73,328.55,4,5,0,1,0
651.4,80.76,306.31,4,122,0,1,0
545.4,76.27,263.8,4,28,1,1,1
403.6,54.11,797.43,10,40,0,1,0
58.5,31.41,293.23,3,16,1,1,0
195.9,32.73,505.73,5,20,1,2,1
272.6,77.81,516.58,4,44,0,1,0
783.7,46.49,105.32,1,66,1,1,1
50.8,38.18,798.11,6,107,1,1,0
276.5,55.08,210.72,2,152,0,1,0
89.5,119.55,393.06,6,30,0,1,0
49.8,64.83,510.07,5,4,1,1,1
113.5,160.19,0.0,0,999,1,4,1
299.2,81.15,545.68,5,8,1,1,1
127.5,284.56,521.95,4,35,0,2,0
153.8,72.33,688.63,5,14,1,2,0
974.5,68.31,254.31,4,25,1,1,1
106.7,65.61,90.78,3,36,0,3,0
187.0,45.51,210.67,2,79,1,1,0
96.8,52.81,34.33,1,52,1,1,0
104.8,178.2,539.67,4,1,0,2,0
229.1,46.63,253.76,2,6,1,2,0
515.2,65.64,1127.59,10,67,1,1,1
155.7,65.94,842.42,6,45,0,1,0
278.3,49.51,541.34,4,6,1,2,1
31.8,48.55,839.89,6,30,1,1,1
57.7,56.96,578.04,5,30,1,2,0
140.5,97.21,271.6,4,49,1,1,0
18.6,130.72,131.03,5,56,0,1,0
67.5,27.07,252.03,9,37,0,1,0
146.1,159.26,369.33,3,42,1,1,0
17.7,89.57,134.64,3,37,0,2,0
70.3,92.05,121.4,2,6,0,2,0
144.9,39.76,577.16,6,38,1,1,1
168.2,216.21,111.13,3,21,0,2,0
483.1,36.92,1036.65,7,126,0,3,1
201.6,68.68,126.22,1,41,1,1,0
111.4,74.46,768.1,8,16,1,2,1
494.6,153.43,414.3,3,80,0,2,0
291.6,38.65,336.66,4,9,0,1,0
55.2,70.75,683.02,5,21,0,1,0
40.2,21.25,509.51,4,3,0,1,0
217.8,62.85,87.32,4,33,1,3,1
162.7,78.35,494.3,4,27,1,1,1
295.6,44.25,853.38,7,24,1,1,1
256.6,24.11,245.04,4,8,0,2,0
191.7,161.84,336.38,4,23,1,3,1
788.3,30.97,113.9,3,21,0,3,1
152.3,33.38,426.62,4,1,1,2,0
36.6,39.7,646.03,6,6,0,2,0
332.1,123.48,590.36,4,77,1,1,1
67.2,58.07,227.92,2,52,1,1,0
285.3,21.45,312.62,4,5,0,1,0
581.8,40.2,173.74,4,119,1,1,0
229.8,123.1,244.81,2,21,1,2,1
178.2,25.31,197.98,3,46,0,2,0
126.0,30.81,285.37,2,26,0,1,0
96.6,32.19,168.06,3,48,0,2,0
93.4,59.43,227.79,5,36,0,1,0
197.1,66.51,503.28,5,3,0,1,0
265.5,53.88,695.16,5,81,1,4,1
219.3,57.74,115.02,3,49,1,1,0
54.8,28.97,76.12,3,9,0,3,0
137.6,53.39,291.52,2,9,1,1,0
297.3,52.73,151.1,4,39,1,2,0
131.2,32.46,98.98,1,40,1,1,0
153.5,132.02,183.53,4,3,0,2,0
280.4,117.2,250.79,6,78,1,4,1
209.9,26.27,282.0,7,46,1,1,0
109.8,80.74,786.07,7,136,1,3,0
421.4,76.59,237.5,2,19,1,3,1
46.9,70.28,177.87,5,3,1,1,0
988.3,52.85,188.77,5,78,1,1,1
37.8,69.74,424.39,3,56,1,2,0
17.7,54.46,96.55,1,1,0,3,0
412.3,39.55,364.71,3,25,0,1,0
65.6,79.86,30.47,1,1,0,3,0
250.5,16.25,53.63,2,15,0,1,0
314.9,93.7,500.54,7,67,1,2,1
367.6,61.21,460.92,5,37,1,2,1
875.2,46.71,342.12,5,63,0,2,1
77.7,92.0,225.49,2,27,1,1,0
238.0,70.34,535.16,5,49,0,1,0
37.1,132.52,78.09,1,22,1,2,0
109.0,109.88,60.65,2,23,1,2,0
354.1,32.88,584.51,6,30,1,3,1
97.5,44.52,308.67,6,5,0,3,0
176.0,40.34,280.64,4,34,0,1,0
141.1,40.6,43.74,2,64,0,1,0
201.9,146.9,263.23,3,6,0,3,0
664.4,25.76,443.48,4,16,1,1,1
25.3,112.68,380.3,4,84,1,2,1
168.6,149.3,588.52,5,13,1,1,1
372.8,100.73,599.7,4,69,0,2,0
133.2,84.34,306.7,3,34,0,2,0
29.7,25.3,146.22,3,61,0,1,0
163.0,22.45,660.79,7,6,1,1,1
87.6,75.74,311.16,6,51,0,3,0
45.3,51.73,251.7,4,1,0,2,0
355.3,27.15,328.83,5,17,1,3,1
147.7,93.83,525.59,6,11,1,3,1
502.3,81.81,264.26,3,34,1,1,1
310.2,94.03,213.5,2,48,0,3,0
227.5,94.88,307.62,4,14,1,3,1
15.9,114.47,44.4,1,60,1,1,0
115.5,46.97,0.0,0,999,1,2,0
54.6,29.04,247.08,2,46,0,1,0
450.0,142.8,445.47,4,43,1,1,0
49.5,22.41,104.96,3,5,0,2,0
75.7,24.21,1002.99,7,44,0,1,0
145.9,40.37,298.79,5,58,0,3,0
70.0,131.8,96.24,1,2,0,1,0
57.4,43.55,72.51,3,6,1,4,0
179.5,24.38,691.16,5,25,1,2,1
31.8,33.38,326.59,3,2,0,1,0
25.8,32.67,391.21,7,15,1,1,0
98.8,67.31,326.5,3,61,0,2,0
244.6,37.63,232.12,4,4,0,1,0
160.7,8.34,107.53,2,5,1,2,0
113.9,257.08,234.32,3,5,1,3,1
165.1,14.62,784.07,8,26,0,1,0
96.9,20.69,188.86,4,12,0,1,0
510.2,91.88,233.16,2,56,0,1,0
25.2,27.62,666.03,7,29,0,3,0
216.4,87.02,125.82,6,37,1,2,0
414.4,77.3,274.26,3,13,0,2,1
308.2,42.48,224.16,3,23,0,1,0
51.6,86.47,535.08,5,16,1,2,0
78.2,52.92,956.98,7,23,1,2,1
242.2,93.89,0.0,0,999,0,4,0
30.8,131.75,322.74,3,20,1,1,0
315.7,26.65,198.58,5,3,0,1,0
243.4,65.43,93.38,3,16,0,1,0
250.4,67.92,141.14,1,73,0,2,0
34.0,66.77,396.29,3,57,0,1,0
242.7,87.97,340.73,4,59,1,1,0
220.0,78.13,151.93,4,7,1,1,0
334.9,24.69,271.16,5,3,1,1,0
22.6,27.74,281.28,3,56,1,1,0
19.2,49.19,314.22,3,36,0,1,0
99.0,66.19,878.23,8,24,0,1,0
44.0,68.88,117.22,1,39,0,1,0
162.1,72.51,47.28,1,88,0,1,0
463.8,80.51,292.56,5,5,0,1,0
104.4,79.14,43.28,2,7,1,1,0
350.5,57.19,177.71,6,30,0,2,0
15.0,132.25,240.93,4,41,1,2,0
48.2,23.05,176.6,4,34,1,3,0
20.6,14.93,420.15,5,10,0,1,0
86.6,64.44,521.3,4,32,0,2,0
444.8,74.31,797.92,7,27,0,3,1
33.4,64.34,354.29,3,1,1,2,0
182.8,42.67,392.13,4,32,1,3,0
123.1,76.77,999.51,9,20,1,2,1
516.9,31.77,43.4,1,64,0,2,0
38.5,21.45,367.28,4,35,0,1,0
57.9,110.08,470.89,5,26,0,1,0
20.4,39.76,508.66,5,75,0,1,0
117.4,62.7,606.53,5,36,0,3,0
73.6,36.85,142.72,1,10,1,2,0
382.1,40.73,787.67,7,21,1,1,0
182.2,96.87,279.87,2,37,1,2,0
186.4,59.46,457.45,5,57,0,1,0
151.6,59.96,288.07,5,11,1,2,0
32.3,21.2,528.04,5,43,0,1,0
121.0,56.59,590.09,4,38,1,1,0
1385.0,35.94,336.79,3,6,1,1,1
339.6,193.68,437.92,3,6,0,1,0
418.1,33.64,114.56,5,23,1,2,1
326.9,130.09,214.35,4,18,0,2,0
34.6,64.87,277.84,5,5,0,2,0
61.5,26.62,150.97,2,4,1,1,0
15.6,96.58,120.01,5,75,1,2,0
80.1,125.71,1110.82,8,7,0,4,1
35.7,159.57,559.6,5,16,1,2,1
130.2,69.64,123.65,4,21,0,2,0
218.5,36.17,256.26,6,3,0,1,0
388.6,35.6,295.21,3,5,1,1,1
264.0,72.14,414.32,3,25,1,1,0
517.2,20.76,219.73,7,40,0,1,0
25.0,27.54,534.31,7,62,1,1,0
17.2,59.78,276.01,6,66,1,4,1
209.9,94.66,217.22,5,26,0,2,0
76.5,48.56,229.82,2,12,1,1,0
67.6,157.69,382.33,3,29,0,2,0
87.3,76.69,838.49,6,33,1,1,0
71.6,46.2,326.75,3,12,1,3,1
143.9,36.43,142.67,5,37,0,1,0
119.4,28.66,531.35,8,7,1,2,0
144.3,87.45,309.61,4,12,1,1,1
216.0,34.05,111.73,2,88,1,1,0
103.1,72.27,180.37,2,24,1,4,1
67.1,24.06,100.48,2,6,1,2,0
47.7,27.51,410.78,3,37,1,2,0
92.4,56.53,270.58,7,9,0,1,0
258.7,27.72,452.32,6,2,1,2,1
269.4,112.49,108.69,3,68,1,1,0
212.9,17.8,466.01,7,19,0,1,0
63.0,24.69,249.07,3,50,1,2,0
174.6,117.76,92.01,1,64,0,1,0
167.2,106.88,63.09,1,28,0,2,0
134.2,118.51,876.77,7,4,1,2,1
158.7,29.79,174.01,2,13,1,1,0
136.8,55.46,447.04,3,10,1,1,0
165.0,64.91,108.18,3,31,1,2,1
241.3,48.49,131.58,3,18,0,2,0
35.9,81.98,496.93,4,18,0,1,0
264.3,102.53,736.44,8,35,0,1,0
41.3,54.13,334.02,5,2,1,2,0
27.4,26.26,220.08,3,5,0,4,0
686.9,80.59,466.46,5,73,0,2,1
581.3,62.06,155.76,5,60,1,3,1
26.2,95.77,477.87,4,93,1,1,0
120.4,82.16,470.33,6,8,1,1,0
52.1,121.63,515.39,7,14,0,1,0
134.6,61.29,602.58,5,4,1,1,0
334.1,140.35,657.97,7,34,0,2,1
556.4,136.04,354.12,3,50,0,1,0
196.0,89.03,422.17,3,32,1,1,0
93.6,104.13,714.79,5,30,1,1,1
181.4,122.39,151.61,2,54,1,1,0
82.3,50.92,29.04,1,4,1,2,0
448.1,123.59,21.62,1,45,1,1,1
382.8,72.79,558.4,5,74,1,1,0
162.1,91.57,153.0,5,35,1,1,0
85.7,100.35,212.18,3,38,1,3,0
77.5,89.01,212.19,2,34,1,2,0
21.1,63.94,449.37,3,57,0,2,0
319.5,110.63,195.99,4,17,0,2,1
122.7,221.11,21.26,1,65,1,1,0
85.8,230.25,76.09,3,11,0,1,0
129.7,76.43,343.21,7,5,0,3,1
322.4,116.92,596.36,4,3,1,1,1
39.0,223.28,180.15,6,4,1,3,1
365.9,47.26,1056.64,9,21,0,3,1
425.0,90.86,197.45,5,30,1,2,1
542.8,92.56,92.98,2,34,1,1,1
106.2,214.83,0.0,0,999,1,2,0
59.1,133.22,198.62,4,8,0,2,0
